CustomerID,recency,frequency,monetary,avg_order_value,total_items,unique_products,customer_age_days,revenue_per_order,churned,future_revenue,bought_next_30,segment,churn_probability,clv_predicted_revenue,next_purchase_propensity
12839,2,10,3376.05,16.71,2276.0,75,296,337.61,0,2215.37,1,Champions,0.021,511.82,0.748
14414,22,7,1496.98,15.43,2512.0,79,267,213.85,1,0.0,0,Loyal Customers,0.228,124.81,0.323
18118,8,20,4416.58,4.6,2241.0,379,292,220.83,0,1208.5,1,Champions,0.005,1612.25,0.92
14961,12,8,5899.93,21.53,3251.0,175,279,737.49,0,1144.75,0,Champions,0.014,1430.72,0.632
15035,20,1,252.73,9.36,245.0,26,0,252.73,1,0.0,0,Lost,0.469,20.74,0.243
18255,20,1,103.3,17.22,74.0,6,0,103.3,1,0.0,0,Lost,0.727,4.29,0.058
13032,18,1,496.3,11.28,175.0,44,0,496.3,0,513.88,1,Loyal Customers,0.387,33.43,0.387
18065,17,11,1949.19,17.1,863.0,93,278,177.2,0,443.64,0,Champions,0.033,444.1,0.673
12921,15,27,11395.98,21.67,6724.0,192,289,422.07,0,5191.11,1,Champions,0.028,3761.55,0.943
15841,3,4,1224.06,26.04,942.0,36,266,306.02,1,0.0,0,Loyal Customers,0.546,23.48,0.12
17677,13,22,12703.18,56.71,7626.0,138,286,577.42,0,3642.2,1,Champions,0.01,4967.48,0.923
18172,9,14,6373.44,40.6,2594.0,97,211,455.25,0,1188.24,0,Champions,0.124,538.76,0.31
14250,20,1,1228.83,16.61,866.0,74,0,1228.83,0,675.22,0,Loyal Customers,0.419,70.94,0.281
14720,20,2,401.13,18.23,147.0,22,37,200.57,0,262.68,0,At Risk,0.308,40.11,0.303
13375,19,1,778.65,21.04,442.0,37,0,778.65,1,0.0,0,Lost,0.541,24.34,0.282
14359,18,1,483.39,17.26,189.0,28,0,483.39,0,428.79,1,Loyal Customers,0.467,16.64,0.353
16161,9,14,3874.59,12.11,1910.0,200,290,276.76,0,1659.08,1,Champions,0.004,1613.78,0.842
14032,18,7,2147.57,18.67,1598.0,45,279,306.8,0,828.02,0,Champions,0.073,412.47,0.415
14367,6,12,6916.24,16.2,3288.0,243,201,576.35,0,2311.58,1,Champions,0.075,938.35,0.491
13599,15,10,2833.88,25.3,1874.0,84,282,283.39,0,2316.04,0,Champions,0.015,811.35,0.784
15975,15,1,371.01,15.46,243.0,24,0,371.01,1,0.0,0,Lost,0.536,12.87,0.232
16525,10,23,11501.15,71.88,6465.0,72,287,500.05,0,1526.3,0,Champions,0.007,3071.22,0.468
14146,12,4,2965.84,21.65,1777.0,122,276,741.46,0,1225.16,0,Champions,0.165,309.03,0.356
18017,12,3,523.0,174.33,300.0,1,229,174.33,1,0.0,0,Loyal Customers,0.532,1.87,0.1
15341,11,1,2020.52,118.85,812.0,17,0,2020.52,1,0.0,0,Loyal Customers,0.765,6.33,0.338
14201,11,6,627.14,20.9,442.0,25,279,104.52,0,120.3,1,Loyal Customers,0.412,58.47,0.537
18241,5,13,1643.92,19.12,844.0,53,143,126.46,0,429.17,1,Champions,0.172,291.8,0.618
14428,10,3,534.12,13.03,194.0,35,246,178.04,0,689.94,0,Loyal Customers,0.25,40.07,0.215
13279,9,1,137.75,15.31,73.0,9,0,137.75,1,0.0,0,Lost,0.704,2.84,0.056
15714,8,1,132.48,26.5,66.0,5,0,132.48,0,197.55,0,At Risk,0.693,9.38,0.061
16261,6,3,544.14,5.67,237.0,83,171,181.38,0,184.4,0,Loyal Customers,0.261,94.59,0.332
12820,5,2,388.23,15.53,363.0,25,252,194.12,0,554.11,1,At Risk,0.37,15.27,0.175
14387,5,2,929.74,11.34,431.0,77,35,464.87,0,797.86,0,Loyal Customers,0.294,36.57,0.316
15492,5,1,487.74,17.42,327.0,28,0,487.74,0,171.72,0,At Risk,0.432,14.13,0.192
13405,5,3,572.45,21.2,165.0,25,243,190.82,1,0.0,0,Loyal Customers,0.496,17.81,0.214
16266,4,7,861.89,14.13,398.0,44,133,123.13,1,0.0,0,Loyal Customers,0.343,20.2,0.137
16750,4,4,509.19,7.96,168.0,53,159,127.3,0,114.74,1,Loyal Customers,0.235,50.0,0.385
13397,3,5,1544.13,40.64,430.0,28,267,308.83,1,0.0,0,Loyal Customers,0.526,7.77,0.172
18242,3,4,2232.49,28.62,1017.0,72,141,558.12,1,0.0,0,Loyal Customers,0.406,12.29,0.161
15134,3,5,897.55,17.6,539.0,34,168,179.51,0,490.44,1,Champions,0.34,117.18,0.214
13647,2,3,1275.9,21.27,659.0,53,163,425.3,0,372.22,0,Loyal Customers,0.361,51.64,0.126
17572,2,4,226.75,18.9,95.0,7,302,56.69,1,0.0,0,Lost,0.582,-0.12,0.022
16268,2,2,667.65,14.84,533.0,45,0,333.82,1,0.0,0,Loyal Customers,0.625,10.34,0.155
17809,60,8,2856.71,81.62,743.0,33,244,357.09,0,2555.2,1,Champions,0.132,353.16,0.797
18074,304,1,489.6,37.66,190.0,13,0,489.6,1,0.0,0,Lost,0.747,6.29,0.062
17924,232,2,502.2,167.4,108.0,2,72,251.1,0,2460.3,1,Champions,0.529,2.77,0.205
17181,304,1,155.52,77.76,216.0,2,0,155.52,0,84.4,1,Lost,0.595,6.18,0.3
15012,304,1,188.56,3.63,84.0,46,0,188.56,0,216.48,1,At Risk,0.532,36.63,0.194
15525,304,1,274.93,5.73,113.0,44,0,274.93,0,459.44,0,At Risk,0.586,12.16,0.071
15235,148,12,2247.51,15.72,1324.0,132,156,187.29,1,0.0,0,Loyal Customers,0.625,4.95,0.104
13090,67,9,4912.02,64.63,1133.0,56,236,545.78,0,3998.8,1,Champions,0.115,2392.72,0.777
17976,303,1,321.79,5.65,93.0,56,0,321.79,1,0.0,0,Lost,0.777,4.0,0.03
13011,303,1,50.55,16.85,13.0,3,0,50.55,1,0.0,0,Lost,0.802,0.21,0.083
18239,149,5,1561.61,17.75,795.0,80,154,312.32,1,0.0,0,Loyal Customers,0.437,15.02,0.446
15180,298,1,87.5,14.58,36.0,6,0,87.5,1,0.0,0,Lost,0.784,1.14,0.022
16306,144,6,632.27,15.42,487.0,36,154,105.38,1,0.0,0,Loyal Customers,0.57,2.84,0.23
13329,297,1,304.2,43.46,175.0,7,0,304.2,0,484.8,0,At Risk,0.777,3.3,0.056
15581,51,13,3675.77,25.18,283.0,134,246,282.75,1,0.0,0,Loyal Customers,0.525,15.13,0.333
15856,26,17,11247.93,24.67,7441.0,254,270,661.64,0,4895.71,1,Champions,0.01,3213.77,0.915
13982,94,3,1230.14,16.85,783.0,45,202,410.05,0,641.67,0,Loyal Customers,0.352,93.78,0.266
14210,36,6,1905.84,18.68,760.0,66,266,317.64,1,0.0,0,Loyal Customers,0.138,53.57,0.258
14396,302,1,110.35,3.25,39.0,34,0,110.35,0,377.64,1,Lost,0.557,56.99,0.479
13081,74,8,18870.12,25.09,12665.0,424,228,2358.76,0,9467.26,0,Champions,0.087,11357.56,0.249
16241,27,10,1778.43,3.57,951.0,273,273,177.84,0,811.88,1,Champions,0.053,686.03,0.774
14443,69,3,991.52,15.25,666.0,58,230,330.51,0,428.68,1,Loyal Customers,0.285,85.1,0.639
14189,27,11,3267.92,17.76,2720.0,125,272,297.08,0,1386.16,1,Champions,0.016,982.22,0.902
17860,299,1,226.45,4.35,93.0,49,0,226.45,1,0.0,0,Lost,0.721,8.54,0.079
17696,39,7,1915.59,20.38,1323.0,71,256,273.66,0,370.12,0,Loyal Customers,0.07,255.64,0.343
18178,59,4,1590.81,16.4,983.0,80,236,397.7,1,0.0,0,Loyal Customers,0.369,20.81,0.303
14577,94,3,646.64,7.18,280.0,70,199,215.55,0,213.07,0,Loyal Customers,0.309,23.53,0.206
14413,293,1,121.05,5.5,67.0,22,0,121.05,1,0.0,0,Lost,0.756,9.86,0.067
14505,40,6,4222.74,8.18,1922.0,388,253,703.79,0,1636.69,0,Champions,0.063,942.52,0.325
17454,123,4,517.53,8.48,243.0,57,167,129.38,1,0.0,0,Lost,0.409,8.27,0.193
18050,290,1,74.4,14.88,40.0,5,0,74.4,1,0.0,0,Lost,0.805,2.43,0.095
12928,78,3,1136.14,21.04,690.0,42,212,378.71,0,926.56,1,Loyal Customers,0.341,70.45,0.358
14309,24,7,1633.7,19.68,1200.0,62,265,233.39,0,718.83,0,Champions,0.105,337.14,0.331
17744,181,4,1288.96,20.79,1686.0,50,108,322.24,0,1033.44,0,Champions,0.31,30.33,0.214
16560,289,1,332.18,16.61,169.0,20,0,332.18,0,509.23,0,At Risk,0.714,12.27,0.067
14643,101,2,693.81,22.38,815.0,30,188,346.91,1,0.0,0,Lost,0.672,9.03,0.196
17358,234,2,360.81,6.22,190.0,55,52,180.4,1,0.0,0,Lost,0.694,8.42,0.109
15279,285,1,290.51,15.29,189.0,19,0,290.51,1,0.0,0,Lost,0.735,4.78,0.128
14099,51,8,2309.92,11.55,1726.0,143,234,288.74,0,794.25,1,Champions,0.066,677.79,0.641
13027,44,6,6912.0,265.85,17280.0,6,241,1152.0,1,0.0,0,Loyal Customers,0.622,16.49,0.12
13953,46,5,2604.36,217.03,2048.0,8,237,520.87,0,911.32,1,Champions,0.166,143.72,0.583
16282,270,1,168.3,15.3,114.0,11,0,168.3,1,0.0,0,Lost,0.681,2.24,0.113
16497,134,5,1550.7,17.82,789.0,82,130,310.14,0,1414.99,1,Loyal Customers,0.24,241.61,0.527
13672,232,2,186.39,31.07,57.0,4,31,93.2,1,0.0,0,Lost,0.71,1.56,0.069
15171,262,1,1289.5,257.9,290.0,5,0,1289.5,1,0.0,0,Lost,0.828,1.59,0.096
14090,255,1,76.32,76.32,72.0,1,0,76.32,1,0.0,0,Lost,0.82,0.79,0.024
13008,254,1,229.47,16.39,175.0,14,0,229.47,1,0.0,0,Lost,0.686,2.93,0.107
15167,251,1,158.8,4.07,65.0,39,0,158.8,1,0.0,0,Lost,0.656,5.19,0.165
16660,141,2,384.36,76.87,228.0,5,109,192.18,0,883.29,0,Loyal Customers,0.502,13.17,0.155
15222,249,1,585.0,117.0,440.0,5,0,585.0,1,0.0,0,Lost,0.813,1.84,0.086
15110,57,2,376.55,19.82,121.0,13,192,188.28,0,619.55,1,Loyal Customers,0.479,17.37,0.44
13168,130,3,953.06,8.91,545.0,94,119,317.69,0,346.53,0,Loyal Customers,0.331,99.03,0.187
14970,68,3,1119.75,65.87,165.0,10,179,373.25,0,472.31,1,Loyal Customers,0.332,63.67,0.244
14662,165,3,512.28,5.89,322.0,82,82,170.76,0,229.09,0,Loyal Customers,0.317,86.78,0.213
13330,23,3,1140.93,21.53,751.0,37,223,380.31,1,0.0,0,Loyal Customers,0.529,40.47,0.232
12853,65,6,1957.1,25.09,800.0,66,181,326.18,1,0.0,0,Loyal Customers,0.22,126.39,0.283
16755,45,3,1475.43,8.94,1058.0,133,201,491.81,1,0.0,0,Loyal Customers,0.408,52.5,0.171
16403,243,1,177.5,17.75,114.0,10,0,177.5,1,0.0,0,Lost,0.721,0.74,0.077
13110,68,5,1042.24,10.02,274.0,79,174,208.45,0,446.43,1,Loyal Customers,0.202,114.38,0.469
12990,116,2,263.9,37.7,130.0,5,125,131.95,0,145.6,0,At Risk,0.623,2.24,0.124
15885,23,3,379.35,21.08,111.0,18,217,126.45,1,0.0,0,Lost,0.578,17.1,0.321
13208,86,4,828.82,7.47,572.0,97,154,207.2,0,388.83,1,Loyal Customers,0.231,83.85,0.591
17302,53,3,661.61,12.25,345.0,48,183,220.54,0,474.02,0,Loyal Customers,0.286,40.84,0.22
13590,81,4,1116.38,21.89,900.0,46,153,279.1,0,865.54,1,Champions,0.273,59.31,0.525
14431,233,1,470.36,27.67,130.0,17,0,470.36,1,0.0,0,Lost,0.783,2.37,0.118
14465,177,3,1038.44,8.44,398.0,107,56,346.15,1,0.0,0,Loyal Customers,0.601,67.8,0.182
14644,229,1,187.5,23.44,66.0,8,0,187.5,0,643.26,1,Loyal Customers,0.746,5.57,0.336
14530,24,5,2482.32,13.35,1051.0,121,203,496.46,0,379.79,0,Loyal Customers,0.197,174.93,0.271
13951,107,3,674.45,17.29,459.0,38,118,224.82,1,0.0,0,Lost,0.547,24.84,0.218
15065,95,3,2858.75,20.72,1181.0,132,127,952.92,0,299.38,0,Loyal Customers,0.312,123.21,0.322
17711,220,1,220.53,16.96,107.0,13,0,220.53,0,164.57,0,At Risk,0.685,4.6,0.164
13971,37,6,1985.9,18.39,1332.0,95,179,330.98,0,772.36,1,Champions,0.111,222.36,0.585
17516,50,4,605.65,5.41,373.0,95,166,151.41,0,159.23,0,Loyal Customers,0.222,65.79,0.26
15319,214,1,204.5,12.78,175.0,16,0,204.5,1,0.0,0,Lost,0.693,4.61,0.079
15257,214,1,317.15,45.31,46.0,7,0,317.15,1,0.0,0,Lost,0.857,2.71,0.094
17789,212,1,225.9,16.14,74.0,14,0,225.9,1,0.0,0,Lost,0.728,3.66,0.092
16801,94,4,1594.23,21.26,493.0,72,110,398.56,1,0.0,0,Loyal Customers,0.595,6.86,0.31
16976,198,1,251.52,125.76,88.0,2,0,251.52,1,0.0,0,Lost,0.747,2.03,0.081
15019,197,1,252.81,3.83,150.0,64,0,252.81,1,0.0,0,Lost,0.762,2.65,0.066
17134,37,2,413.2,17.97,98.0,21,158,206.6,1,0.0,0,Lost,0.462,24.04,0.345
17795,110,2,342.83,7.62,305.0,43,85,171.42,1,0.0,0,Lost,0.534,25.43,0.214
14205,195,1,222.9,15.92,126.0,14,0,222.9,0,243.8,0,At Risk,0.686,3.59,0.096
17763,194,1,15.0,15.0,12.0,1,0,15.0,1,0.0,0,Lost,0.826,0.49,0.041
14632,193,1,114.56,14.32,96.0,8,0,114.56,1,0.0,0,Lost,0.812,1.52,0.067
13720,47,4,799.9,18.6,501.0,42,138,199.98,1,0.0,0,Loyal Customers,0.418,57.25,0.461
16698,157,2,1998.0,399.6,840.0,4,27,999.0,1,0.0,0,Loyal Customers,0.806,3.34,0.146
16142,180,1,535.34,14.47,422.0,37,0,535.34,1,0.0,0,Lost,0.761,3.0,0.142
15756,83,3,359.89,2.67,166.0,118,97,119.96,0,168.12,1,Loyal Customers,0.342,72.39,0.65
16586,179,1,463.95,57.99,95.0,8,0,463.95,1,0.0,0,Lost,0.809,2.05,0.151
15917,178,1,123.1,10.26,42.0,12,0,123.1,1,0.0,0,Lost,0.787,2.7,0.116
17042,52,4,915.02,10.4,888.0,69,126,228.76,0,121.56,0,Champions,0.204,70.49,0.594
14286,173,1,2050.08,14.54,1998.0,141,0,2050.08,0,2578.67,1,Loyal Customers,0.328,25.58,0.579
15212,172,1,101.8,20.36,36.0,5,0,101.8,1,0.0,0,Lost,0.785,2.39,0.054
13120,169,1,30.6,30.6,12.0,1,0,30.6,1,0.0,0,Lost,0.849,0.49,0.068
15265,82,2,1506.12,18.37,612.0,76,84,753.06,1,0.0,0,Loyal Customers,0.452,36.88,0.301
15508,120,6,1000.27,10.87,440.0,78,46,166.71,1,0.0,0,Loyal Customers,0.67,26.72,0.285
16628,37,4,1619.84,18.62,844.0,64,128,404.96,0,568.21,0,Loyal Customers,0.306,52.95,0.411
16185,163,1,335.0,17.63,153.0,19,0,335.0,0,194.41,0,At Risk,0.74,2.46,0.13
16942,67,7,1439.44,7.42,593.0,115,91,205.63,0,465.55,0,Champions,0.148,113.75,0.42
14271,156,1,112.32,11.23,88.0,10,0,112.32,1,0.0,0,Lost,0.813,1.44,0.088
12886,150,1,775.0,16.49,416.0,47,0,775.0,0,603.4,1,Loyal Customers,0.579,9.9,0.262
13888,50,2,595.67,15.27,254.0,38,99,297.83,1,0.0,0,Lost,0.495,29.02,0.288
15116,65,2,790.97,34.39,255.0,20,70,395.49,0,561.78,1,Loyal Customers,0.413,56.22,0.288
15729,143,1,85.0,17.0,28.0,5,0,85.0,1,0.0,0,Lost,0.793,1.21,0.056
17970,142,1,562.79,19.41,513.0,27,0,562.79,1,0.0,0,Lost,0.72,2.72,0.2
15826,141,1,720.0,25.71,488.0,28,0,720.0,0,934.31,1,Loyal Customers,0.507,20.79,0.221
17176,132,1,306.13,20.41,170.0,15,0,306.13,1,0.0,0,Lost,0.653,7.7,0.171
13885,120,2,506.8,18.1,182.0,28,11,253.4,1,0.0,0,Lost,0.657,7.23,0.225
16483,123,1,139.35,7.33,44.0,19,0,139.35,1,0.0,0,Lost,0.702,6.25,0.184
15252,114,1,300.55,21.47,99.0,14,0,300.55,0,440.23,0,At Risk,0.675,6.0,0.119
15267,86,2,1407.76,201.11,704.0,7,27,703.88,0,309.6,1,Loyal Customers,0.495,29.99,0.486
15411,55,2,382.21,17.37,155.0,22,58,191.11,0,966.72,1,Loyal Customers,0.371,36.55,0.309
15098,113,3,39916.5,13305.5,121.0,1,0,13305.5,1,0.0,0,Loyal Customers,0.845,0.32,0.153
17349,110,1,98.25,12.28,102.0,8,0,98.25,1,0.0,0,Lost,0.749,4.96,0.043
13080,110,1,58.08,9.68,120.0,6,0,58.08,1,0.0,0,Lost,0.769,1.25,0.159
17101,109,1,230.58,13.56,158.0,17,0,230.58,0,1391.15,1,Loyal Customers,0.593,7.78,0.196
18165,108,1,302.46,30.25,254.0,10,0,302.46,1,0.0,0,Lost,0.801,4.51,0.081
16050,104,1,137.9,13.79,278.0,10,0,137.9,1,0.0,0,Lost,0.725,2.36,0.098
17877,101,1,237.61,19.8,98.0,12,0,237.61,1,0.0,0,Lost,0.69,8.19,0.142
16287,100,1,142.5,17.81,298.0,8,0,142.5,1,0.0,0,Lost,0.755,3.07,0.102
14327,94,1,311.65,25.97,139.0,12,0,311.65,1,0.0,0,Lost,0.783,4.86,0.132
13745,93,1,300.04,12.0,496.0,25,0,300.04,1,0.0,0,Lost,0.699,3.4,0.225
13224,82,1,1212.26,28.86,665.0,42,0,1212.26,0,943.69,1,Loyal Customers,0.478,58.53,0.346
14259,72,1,120.0,24.0,68.0,5,0,120.0,1,0.0,0,Lost,0.617,8.47,0.145
12864,69,1,147.12,49.04,216.0,3,0,147.12,1,0.0,0,Lost,0.749,3.89,0.145
14855,50,2,645.65,32.28,267.0,13,15,322.83,1,0.0,0,Lost,0.669,4.7,0.109
15149,64,1,520.8,22.64,128.0,23,0,520.8,1,0.0,0,Lost,0.674,4.1,0.235
14885,62,1,765.32,51.02,724.0,15,0,765.32,1,0.0,0,Lost,0.739,11.7,0.313
14076,60,1,118.67,2.7,79.0,43,0,118.67,1,0.0,0,Lost,0.647,5.18,0.173
17887,60,1,111.35,11.14,30.0,10,0,111.35,1,0.0,0,Lost,0.614,5.25,0.113
12917,59,1,594.0,297.0,120.0,2,0,594.0,1,0.0,0,Lost,0.859,1.04,0.144
16292,52,1,302.25,17.78,191.0,17,0,302.25,1,0.0,0,Lost,0.592,17.96,0.164
13159,37,2,843.09,11.09,627.0,75,9,421.55,0,586.26,1,Loyal Customers,0.327,13.31,0.519
12962,44,1,170.54,15.5,78.0,11,0,170.54,0,95.85,0,At Risk,0.621,4.27,0.145
13130,25,1,64.0,32.0,32.0,2,0,64.0,1,0.0,0,Lost,0.74,7.93,0.19
15730,23,2,777.22,16.54,489.0,46,114,388.61,0,343.66,1,Loyal Customers,0.428,29.53,0.287
13854,19,21,6771.36,72.81,1880.0,36,277,322.45,0,1338.16,1,Champions,0.015,1112.18,0.866
12748,3,137,17886.78,7.89,12649.0,1278,301,130.56,0,15072.3,1,Champions,0.011,8006.11,0.963
14824,4,2,755.51,37.78,349.0,19,18,377.76,0,372.2,0,Loyal Customers,0.43,33.16,0.171
14212,20,1,1070.48,118.94,1152.0,9,0,1070.48,1,0.0,0,Lost,0.763,10.4,0.234
15998,18,4,2503.96,5.99,1650.0,318,275,625.99,0,576.26,0,Loyal Customers,0.179,95.02,0.109
13183,17,7,3085.58,38.57,1804.0,50,248,440.8,0,872.2,0,Champions,0.084,43.92,0.44
15322,16,1,679.68,16.18,416.0,42,0,679.68,1,0.0,0,Lost,0.57,16.93,0.257
16160,16,1,801.94,53.46,1012.0,15,0,801.94,0,223.5,1,Loyal Customers,0.68,19.96,0.356
16523,10,15,6781.41,29.87,3131.0,132,236,452.09,0,2637.06,1,Champions,0.033,885.96,0.829
16796,20,1,305.62,16.98,186.0,18,0,305.62,1,0.0,0,Lost,0.588,9.39,0.262
13614,20,3,1081.03,10.5,310.0,96,241,360.34,0,504.43,0,Loyal Customers,0.251,107.39,0.297
13309,19,3,928.14,12.89,878.0,62,220,309.38,0,528.65,1,Champions,0.228,67.57,0.418
17433,19,1,303.16,5.61,185.0,53,0,303.16,1,0.0,0,Lost,0.629,22.48,0.144
17719,6,14,5088.9,19.96,2356.0,108,180,363.49,0,307.14,0,Champions,0.124,564.51,0.542
14020,19,1,331.14,18.4,180.0,18,0,331.14,0,311.66,0,At Risk,0.529,19.6,0.263
14897,19,2,345.4,20.32,152.0,17,208,172.7,0,1020.98,1,Loyal Customers,0.401,23.07,0.349
17228,18,5,1056.3,8.13,872.0,95,285,211.26,0,849.79,1,Champions,0.162,223.82,0.459
12909,18,4,1857.35,21.85,1036.0,74,166,464.34,0,321.32,0,Loyal Customers,0.277,44.09,0.32
13488,3,11,7367.19,21.67,3548.0,242,295,669.74,0,1601.12,1,Champions,0.008,1846.04,0.806
14735,12,26,4347.25,29.18,1592.0,84,277,167.2,0,1718.44,0,Champions,0.014,1562.48,0.335
14557,16,1,788.38,49.27,510.0,16,0,788.38,1,0.0,0,Lost,0.723,16.0,0.292
16764,3,6,1084.07,3.94,481.0,128,71,180.68,0,1706.88,1,Champions,0.182,197.85,0.737
16108,15,1,842.5,17.55,615.0,48,0,842.5,1,0.0,0,Lost,0.593,23.58,0.286
13418,15,16,5068.13,18.56,3397.0,201,288,316.76,0,1059.3,1,Champions,0.002,2040.33,0.939
17068,15,17,3826.69,15.56,1793.0,100,284,225.1,0,725.45,1,Champions,0.011,685.74,0.947
15099,15,1,410.48,17.85,343.0,23,0,410.48,1,0.0,0,Lost,0.526,6.86,0.233
15947,13,1,1708.24,58.9,898.0,29,0,1708.24,1,0.0,0,Loyal Customers,0.663,15.94,0.241
16438,13,1,204.4,5.52,117.0,37,0,204.4,0,593.95,1,At Risk,0.447,34.01,0.375
16906,12,4,559.59,6.51,263.0,74,167,139.9,1,0.0,0,Loyal Customers,0.27,16.15,0.211
13524,12,4,483.86,24.19,207.0,14,138,120.97,0,196.32,0,Loyal Customers,0.442,11.27,0.223
14282,12,10,2768.84,25.4,2116.0,65,286,276.88,0,932.6,0,Champions,0.02,534.95,0.458
16029,11,54,55385.74,284.03,26158.0,43,293,1025.66,0,25465.1,1,Champions,0.005,13373.53,0.948
14221,11,8,3088.89,18.06,2013.0,109,259,386.11,0,343.91,1,Loyal Customers,0.045,186.36,0.736
15950,9,3,1326.42,17.45,558.0,69,281,442.14,0,418.29,0,Loyal Customers,0.322,193.94,0.212
16395,9,4,1269.26,8.3,1199.0,118,252,317.32,0,212.8,1,Loyal Customers,0.208,165.11,0.591
14299,9,6,2843.49,28.72,1182.0,87,287,473.92,0,1122.13,1,Champions,0.115,393.15,0.42
17920,9,10,2555.8,7.39,1651.0,251,295,255.58,0,1563.7,1,Champions,0.016,751.71,0.863
13220,9,4,819.29,39.01,196.0,18,158,204.82,1,0.0,0,Loyal Customers,0.489,28.92,0.33
17079,9,1,118.8,59.4,24.0,2,0,118.8,1,0.0,0,Lost,0.682,9.09,0.066
12952,9,1,731.54,17.84,408.0,41,0,731.54,0,656.25,1,Loyal Customers,0.451,35.14,0.203
14702,9,10,1867.34,9.73,699.0,122,287,186.73,0,1384.45,1,Champions,0.039,488.61,0.866
14944,8,9,4922.51,31.96,2465.0,96,219,546.95,0,977.74,0,Champions,0.068,694.33,0.373
16872,8,3,680.02,97.15,600.0,5,107,226.67,1,0.0,0,Loyal Customers,0.643,5.51,0.088
14285,6,2,1253.43,73.73,295.0,17,101,626.72,0,656.58,0,Loyal Customers,0.466,25.34,0.186
13787,6,2,309.04,9.97,337.0,24,289,154.52,1,0.0,0,Lost,0.404,11.78,0.37
17131,6,1,789.77,19.74,264.0,37,0,789.77,0,1673.4,1,Champions,0.443,49.17,0.233
15429,6,1,243.06,5.17,309.0,44,0,243.06,0,154.29,0,At Risk,0.451,31.73,0.173
16594,6,1,181.09,3.42,64.0,53,0,181.09,1,0.0,0,Lost,0.687,6.27,0.314
16705,5,12,10160.77,54.34,4192.0,105,284,846.73,0,3623.7,1,Champions,0.008,2888.8,0.802
13389,5,2,580.15,15.27,319.0,38,158,290.08,0,217.81,0,At Risk,0.416,40.56,0.178
16383,5,2,643.76,6.57,467.0,80,194,321.88,1,0.0,0,Lost,0.52,32.88,0.102
13434,5,2,534.24,53.42,300.0,9,22,267.12,1,0.0,0,Lost,0.711,4.43,0.091
13035,4,2,921.88,34.14,644.0,23,187,460.94,1,0.0,0,Loyal Customers,0.636,6.71,0.176
16462,4,3,136.0,45.33,16.0,1,210,45.33,1,0.0,0,Lost,0.555,-0.13,0.017
16713,4,12,4588.72,9.23,2806.0,293,293,382.39,0,2322.06,1,Champions,0.004,1476.16,0.88
14109,3,1,144.2,16.02,88.0,9,0,144.2,1,0.0,0,Lost,0.729,1.06,0.049
14440,3,3,1558.73,37.11,449.0,31,293,519.58,0,798.95,1,Champions,0.359,146.75,0.387
16909,3,1,379.14,21.06,436.0,18,0,379.14,1,0.0,0,Lost,0.649,10.43,0.127
17348,2,2,660.61,7.68,903.0,84,226,330.31,0,495.99,0,Loyal Customers,0.378,137.32,0.302
15862,43,3,659.73,6.6,499.0,98,261,219.91,0,173.15,0,At Risk,0.279,48.71,0.24
17025,304,2,160.97,32.19,139.0,5,0,80.49,0,196.8,1,At Risk,0.552,0.13,0.342
17460,25,6,622.43,21.46,236.0,18,279,103.74,1,0.0,0,Loyal Customers,0.55,64.12,0.112
17855,303,1,208.97,12.29,197.0,17,0,208.97,1,0.0,0,Lost,0.694,4.35,0.096
15658,121,5,1024.1,21.34,242.0,40,182,204.82,1,0.0,0,Loyal Customers,0.396,41.0,0.317
15070,303,1,106.2,106.2,36.0,1,0,106.2,1,0.0,0,Lost,0.739,1.67,0.041
14390,75,4,1590.71,11.2,739.0,95,228,397.68,0,3051.86,1,Champions,0.274,198.53,0.503
14573,110,9,1639.82,7.22,534.0,127,193,182.2,1,0.0,0,Loyal Customers,0.57,16.61,0.188
17967,302,1,112.27,2.67,73.0,41,0,112.27,1,0.0,0,Lost,0.558,37.43,0.09
14589,302,1,39.75,13.25,5.0,3,0,39.75,1,0.0,0,Lost,0.815,1.3,0.05
13495,163,3,1072.43,38.3,485.0,20,136,357.48,0,972.44,0,Champions,0.421,36.99,0.189
14733,41,11,9044.2,47.6,3645.0,98,257,822.2,0,541.71,0,Champions,0.027,1681.46,0.386
15002,46,4,1641.76,14.28,862.0,93,252,410.44,1,0.0,0,Loyal Customers,0.366,20.74,0.322
18061,38,8,1793.51,43.74,901.0,18,259,224.19,0,325.9,1,Champions,0.23,48.38,0.655
13455,297,1,692.94,23.1,190.0,30,0,692.94,0,365.4,0,At Risk,0.552,47.21,0.061
16717,26,4,1559.66,17.33,756.0,78,271,389.92,0,2283.42,0,Loyal Customers,0.257,111.62,0.261
14355,296,1,174.4,15.85,92.0,11,0,174.4,1,0.0,0,Lost,0.686,2.38,0.051
15288,86,4,2006.36,25.4,721.0,74,210,501.59,0,300.16,1,Loyal Customers,0.31,43.07,0.54
16140,302,1,124.14,17.73,104.0,7,0,124.14,0,601.04,1,Loyal Customers,0.72,3.67,0.35
13069,30,20,3870.02,10.55,5153.0,250,270,193.5,0,281.18,1,Champions,0.007,1671.53,0.954
14813,300,2,152.88,5.27,66.0,25,0,76.44,1,0.0,0,Lost,0.767,4.94,0.033
17691,289,2,290.4,15.28,134.0,18,10,145.2,1,0.0,0,Lost,0.754,3.62,0.074
14085,72,12,3220.94,9.36,2190.0,228,227,268.41,0,1200.35,1,Champions,0.06,1003.26,0.888
15882,129,4,516.36,22.45,276.0,23,170,129.09,1,0.0,0,Lost,0.61,3.79,0.242
17456,296,1,249.86,14.7,222.0,17,0,249.86,1,0.0,0,Lost,0.679,5.62,0.082
16265,41,7,4062.02,20.94,1871.0,132,254,580.29,0,1384.98,1,Champions,0.071,1121.52,0.515
14082,295,1,182.25,6.28,110.0,28,0,182.25,1,0.0,0,Lost,0.663,4.16,0.111
17917,187,2,226.71,3.54,130.0,57,106,113.35,0,108.32,1,At Risk,0.461,14.26,0.509
18004,293,1,157.92,4.27,75.0,32,0,157.92,1,0.0,0,Lost,0.696,18.16,0.106
13225,74,5,4299.56,204.74,2164.0,15,218,859.91,0,2164.28,1,Champions,0.158,536.63,0.731
14565,26,4,3099.12,24.4,1540.0,111,266,774.78,1,0.0,0,Loyal Customers,0.394,20.61,0.288
15512,86,2,121.0,17.29,68.0,7,204,60.5,1,0.0,0,Lost,0.713,1.11,0.05
15641,36,4,1887.2,15.86,1562.0,102,254,471.8,1,0.0,0,Loyal Customers,0.401,50.88,0.294
14373,289,1,76.55,19.14,17.0,4,0,76.55,1,0.0,0,Lost,0.809,0.64,0.045
15266,269,1,119.3,19.88,18.0,6,0,119.3,1,0.0,0,Lost,0.774,2.98,0.07
17284,51,5,1489.04,5.64,1238.0,219,216,297.81,0,158.44,1,Loyal Customers,0.117,286.36,0.331
15059,38,7,1008.6,5.51,405.0,127,227,144.09,0,329.12,0,Loyal Customers,0.233,89.3,0.341
16303,46,2,4036.33,31.29,2025.0,112,218,2018.17,0,1324.3,0,Loyal Customers,0.276,170.09,0.264
14514,132,2,403.11,10.34,173.0,36,130,201.56,0,587.09,1,Loyal Customers,0.521,31.81,0.307
14167,96,3,389.85,10.0,103.0,23,166,129.95,0,172.74,0,Loyal Customers,0.417,6.33,0.25
15447,261,1,155.17,17.24,85.0,9,0,155.17,1,0.0,0,Lost,0.826,1.07,0.052
15687,117,5,1679.45,17.31,657.0,69,144,335.89,0,1313.65,1,Champions,0.239,100.55,0.482
14976,32,4,559.96,10.37,162.0,38,225,139.99,0,230.9,1,Loyal Customers,0.29,27.27,0.424
13859,257,1,201.16,7.18,129.0,27,0,201.16,1,0.0,0,Lost,0.675,4.71,0.126
18233,256,1,440.0,440.0,4.0,1,0,440.0,1,0.0,0,Lost,0.879,-0.1,0.022
13502,205,2,189.16,21.02,110.0,9,49,94.58,0,102.84,0,At Risk,0.626,4.91,0.036
13396,250,1,387.27,25.82,139.0,15,0,387.27,0,973.72,0,Loyal Customers,0.742,5.27,0.063
14257,54,4,2725.84,27.26,1338.0,84,195,681.46,0,373.88,1,Loyal Customers,0.253,134.93,0.539
16757,249,1,106.83,15.26,81.0,7,0,106.83,1,0.0,0,Lost,0.827,1.29,0.078
13939,39,2,390.21,11.48,657.0,32,203,195.1,0,178.34,0,At Risk,0.449,34.91,0.211
16030,240,1,331.24,11.42,283.0,28,0,331.24,1,0.0,0,Lost,0.769,2.12,0.09
14778,58,2,730.86,20.88,306.0,34,181,365.43,1,0.0,0,Lost,0.528,52.22,0.23
15407,114,3,740.73,11.95,329.0,62,122,246.91,0,306.01,0,Loyal Customers,0.381,78.14,0.219
17859,235,1,141.92,6.17,102.0,23,0,141.92,1,0.0,0,Lost,0.731,3.03,0.145
13151,226,1,1257.87,17.0,363.0,73,0,1257.87,1,0.0,0,Lost,0.756,5.35,0.155
14162,104,2,289.36,11.57,142.0,25,119,144.68,1,0.0,0,Lost,0.64,4.41,0.196
13301,34,4,618.09,7.63,345.0,75,189,154.52,1,0.0,0,Loyal Customers,0.248,23.78,0.299
13421,221,1,825.04,12.89,495.0,64,0,825.04,0,1008.67,0,Loyal Customers,0.721,12.49,0.092
14231,114,3,925.71,18.51,409.0,47,105,308.57,1,0.0,0,Loyal Customers,0.5,49.21,0.236
13636,53,4,646.55,15.77,339.0,36,163,161.64,0,302.57,0,Loyal Customers,0.339,41.03,0.268
16078,214,1,79.2,79.2,16.0,1,0,79.2,1,0.0,0,Lost,0.856,0.53,0.04
15676,214,1,897.8,14.72,555.0,61,0,897.8,0,2537.96,0,Loyal Customers,0.52,10.09,0.082
14670,211,2,392.86,3.19,326.0,107,0,196.43,1,0.0,0,Lost,0.713,2.45,0.107
14214,87,3,899.16,15.24,671.0,56,121,299.72,0,105.22,1,Loyal Customers,0.284,50.16,0.552
14012,208,1,328.8,29.89,160.0,11,0,328.8,1,0.0,0,Lost,0.804,1.85,0.063
16517,208,1,162.7,9.57,96.0,17,0,162.7,1,0.0,0,Lost,0.685,12.29,0.088
15819,62,3,1585.47,15.7,1139.0,83,145,528.49,0,319.98,1,Loyal Customers,0.381,50.49,0.399
16808,30,2,288.42,12.54,196.0,21,175,144.21,1,0.0,0,Lost,0.503,12.08,0.23
15049,204,1,121.17,40.39,63.0,3,0,121.17,1,0.0,0,Lost,0.767,2.73,0.079
13226,204,1,108.21,6.76,80.0,16,0,108.21,1,0.0,0,Lost,0.73,3.15,0.085
15381,144,2,596.85,74.61,171.0,8,55,298.43,1,0.0,0,Lost,0.672,4.89,0.154
14840,198,1,62.85,15.71,31.0,4,0,62.85,1,0.0,0,Lost,0.79,4.57,0.087
15861,65,3,1123.76,5.56,870.0,174,133,374.59,0,2023.16,1,Champions,0.242,126.18,0.403
18270,197,1,111.95,22.39,41.0,5,0,111.95,0,171.2,0,At Risk,0.728,2.99,0.079
14071,191,2,356.81,12.3,295.0,22,4,178.4,0,1080.76,1,Champions,0.683,11.16,0.053
14870,192,1,327.25,25.17,119.0,13,0,327.25,1,0.0,0,Lost,0.817,1.9,0.051
13821,75,2,385.64,6.54,153.0,51,117,192.82,1,0.0,0,Lost,0.474,28.2,0.344
17486,192,1,396.87,16.54,191.0,24,0,396.87,1,0.0,0,Lost,0.721,2.02,0.085
17250,192,1,162.65,7.07,70.0,23,0,162.65,0,219.32,0,At Risk,0.639,14.91,0.103
15815,71,4,1874.7,46.87,1514.0,24,119,468.67,0,225.9,1,Loyal Customers,0.47,18.89,0.462
16780,31,2,422.24,7.16,270.0,51,159,211.12,1,0.0,0,Lost,0.347,30.21,0.276
16245,52,2,769.7,15.09,430.0,49,135,384.85,0,643.96,0,Loyal Customers,0.424,37.94,0.245
15424,185,2,383.34,22.55,554.0,17,0,191.67,1,0.0,0,Lost,0.799,4.3,0.154
15528,185,1,229.33,8.82,123.0,26,0,229.33,1,0.0,0,Lost,0.69,4.96,0.188
13883,149,4,1742.78,18.54,904.0,94,35,435.69,0,931.7,0,Champions,0.349,16.73,0.389
14023,181,1,273.14,17.07,162.0,16,0,273.14,0,310.93,0,At Risk,0.592,5.34,0.155
14719,110,2,488.12,6.34,398.0,70,70,244.06,0,1093.72,1,Champions,0.448,23.29,0.28
14964,178,1,206.21,15.86,143.0,13,0,206.21,1,0.0,0,Lost,0.703,3.4,0.123
13962,176,1,117.6,16.8,30.0,7,0,117.6,0,51.95,0,At Risk,0.81,1.76,0.085
13232,29,5,1019.05,6.21,649.0,129,145,203.81,0,309.3,0,Champions,0.195,245.03,0.262
14273,67,3,450.05,19.57,196.0,18,106,150.02,0,109.92,1,Loyal Customers,0.407,12.28,0.342
13549,73,5,762.05,17.72,411.0,34,100,152.41,0,156.15,1,Loyal Customers,0.347,82.73,0.503
16697,172,1,112.75,5.37,27.0,20,0,112.75,1,0.0,0,Lost,0.745,2.61,0.13
15813,138,2,1303.91,32.6,603.0,40,32,651.95,1,0.0,0,Loyal Customers,0.589,23.17,0.286
16806,34,4,762.16,8.2,356.0,68,136,190.54,1,0.0,0,Loyal Customers,0.375,69.89,0.569
13952,148,2,3251.07,23.73,1431.0,120,21,1625.54,1,0.0,0,Loyal Customers,0.639,6.37,0.307
14700,120,2,1541.1,20.28,848.0,56,49,770.55,0,654.0,0,Loyal Customers,0.33,29.72,0.271
14626,53,2,1571.29,22.77,879.0,64,111,785.64,0,1219.98,1,Loyal Customers,0.34,65.19,0.321
15143,156,1,259.45,18.53,150.0,14,0,259.45,1,0.0,0,Lost,0.696,3.71,0.119
13229,156,1,160.95,16.1,63.0,10,0,160.95,1,0.0,0,Lost,0.735,4.55,0.093
14697,149,2,188.61,8.57,181.0,22,0,94.3,1,0.0,0,Lost,0.779,3.73,0.054
18120,145,1,111.15,6.54,31.0,17,0,111.15,1,0.0,0,Lost,0.751,4.58,0.166
16463,135,1,319.37,16.81,179.0,19,0,319.37,0,1103.03,1,Loyal Customers,0.647,44.0,0.567
13243,134,1,585.12,10.27,232.0,56,0,585.12,1,0.0,0,Lost,0.696,7.37,0.214
15063,144,1,370.8,74.16,56.0,5,0,370.8,1,0.0,0,Lost,0.844,2.72,0.12
17702,39,3,1338.77,24.34,1051.0,46,98,446.26,0,485.6,0,Loyal Customers,0.403,30.5,0.246
16446,136,1,2.9,1.45,2.0,2,0,2.9,1,0.0,0,Champions,0.694,2.34,0.093
14682,118,2,52.0,26.0,80.0,1,14,26.0,1,0.0,0,Lost,0.769,0.88,0.069
14584,100,4,1033.06,10.54,381.0,68,29,258.26,1,0.0,0,Loyal Customers,0.591,92.83,0.43
14816,128,1,271.85,67.96,5.0,4,0,271.85,1,0.0,0,Lost,0.795,2.17,0.143
15163,123,1,155.0,15.5,48.0,10,0,155.0,0,149.47,0,At Risk,0.669,4.64,0.107
16424,122,1,133.56,26.71,88.0,5,0,133.56,1,0.0,0,Lost,0.746,3.02,0.111
16967,120,1,319.02,15.19,333.0,21,0,319.02,1,0.0,0,Lost,0.753,3.37,0.499
16611,117,1,129.49,12.95,47.0,9,0,129.49,1,0.0,0,Lost,0.714,5.8,0.106
14542,116,1,103.25,20.65,19.0,5,0,103.25,1,0.0,0,Lost,0.692,5.29,0.057
17414,115,1,598.0,119.6,1380.0,5,0,598.0,0,180.0,1,At Risk,0.59,14.16,0.295
13466,115,1,307.9,18.11,259.0,17,0,307.9,1,0.0,0,Lost,0.729,6.17,0.182
16324,59,3,408.59,3.68,270.0,100,49,136.2,1,0.0,0,Lost,0.48,11.72,0.184
16739,107,1,323.0,24.85,172.0,13,0,323.0,1,0.0,0,Lost,0.748,3.75,0.099
17960,102,1,73.78,2.84,41.0,26,0,73.78,1,0.0,0,Lost,0.757,0.17,0.085
13849,101,1,593.58,15.62,332.0,38,0,593.58,0,944.37,1,Loyal Customers,0.637,34.04,0.23
18112,97,1,196.64,16.39,110.0,12,0,196.64,0,156.05,0,At Risk,0.639,7.41,0.141
14053,55,2,260.25,65.06,215.0,2,35,130.13,1,0.0,0,Lost,0.679,4.13,0.14
17899,90,1,154.55,4.99,170.0,29,0,154.55,1,0.0,0,Lost,0.694,5.59,0.224
17464,89,1,289.96,32.22,220.0,9,0,289.96,1,0.0,0,Lost,0.768,4.42,0.151
13669,80,1,48.15,16.05,13.0,3,0,48.15,0,170.4,1,At Risk,0.537,25.54,0.462
14722,78,1,180.42,6.44,118.0,28,0,180.42,1,0.0,0,Lost,0.585,4.85,0.308
14029,75,1,165.2,27.53,24.0,6,0,165.2,0,302.46,1,Lost,0.54,56.06,0.132
16041,72,2,2739.8,547.96,1044.0,5,0,1369.9,0,426.6,0,Loyal Customers,0.562,40.25,0.097
15829,30,2,636.14,12.47,996.0,44,41,318.07,1,0.0,0,Lost,0.567,7.53,0.195
16147,64,1,375.0,17.05,246.0,22,0,375.0,1,0.0,0,Lost,0.662,16.68,0.229
15089,25,3,2036.28,16.83,1189.0,117,34,678.76,0,384.56,1,Champions,0.222,185.45,0.461
13307,51,1,15.0,15.0,4.0,1,0,15.0,1,0.0,0,Lost,0.783,4.6,0.071
16734,45,2,302.41,9.45,108.0,27,0,151.21,0,344.35,1,Loyal Customers,0.44,20.12,0.295
16828,24,2,128.5,16.06,59.0,8,19,64.25,1,0.0,0,Lost,0.722,1.97,0.06
13411,38,1,213.55,11.86,72.0,17,0,213.55,1,0.0,0,Lost,0.572,20.26,0.175
12832,29,1,267.8,14.88,132.0,18,0,267.8,0,115.23,0,At Risk,0.469,18.9,0.276
13871,23,9,4612.64,18.83,1950.0,120,216,512.52,0,1790.61,1,Champions,0.08,801.97,0.742
15400,23,5,716.2,59.68,390.0,10,186,143.24,1,0.0,0,Loyal Customers,0.577,13.34,0.246
13441,22,1,296.64,22.82,204.0,13,0,296.64,1,0.0,0,Lost,0.649,10.43,0.202
15189,22,33,12635.77,71.39,4627.0,72,241,382.9,0,3589.62,1,Champions,0.019,3041.84,0.601
12841,20,18,3045.78,9.7,1975.0,178,282,169.21,0,945.8,1,Champions,0.02,913.09,0.921
13263,18,24,5131.1,4.22,2917.0,366,238,213.8,0,2305.83,1,Champions,0.016,1473.42,0.918
13107,16,3,1407.42,25.59,1193.0,52,248,469.14,0,124.2,1,Loyal Customers,0.362,46.49,0.277
13539,16,3,631.34,17.06,320.0,35,224,210.45,1,0.0,0,Loyal Customers,0.395,33.83,0.261
15573,16,1,404.09,7.48,217.0,50,0,404.09,0,187.1,0,At Risk,0.522,31.34,0.256
16549,20,3,1231.75,5.76,753.0,185,245,410.58,0,2803.15,1,Champions,0.276,315.38,0.211
15782,20,1,1638.34,78.02,644.0,21,0,1638.34,0,976.4,1,Loyal Customers,0.515,36.84,0.607
17838,20,4,2267.4,22.23,1397.0,86,283,566.85,0,453.4,0,Loyal Customers,0.206,241.42,0.38
14533,20,3,1143.36,28.58,1467.0,36,263,381.12,0,806.36,1,Loyal Customers,0.42,30.44,0.446
15971,19,8,2326.75,96.95,1022.0,9,223,290.84,0,1873.1,1,Champions,0.177,528.47,0.671
13983,19,9,2063.54,22.19,973.0,80,278,229.28,0,539.89,1,Champions,0.052,460.96,0.632
16458,3,13,2485.06,16.24,1594.0,46,288,191.16,0,997.68,1,Champions,0.043,427.91,0.71
12989,19,9,5107.06,170.24,2394.0,14,276,567.45,0,1817.05,1,Champions,0.032,1589.96,0.787
14500,19,3,356.85,50.98,117.0,6,101,118.95,1,0.0,0,Lost,0.699,6.75,0.188
13880,18,11,2501.02,19.85,1429.0,99,280,227.37,0,718.75,1,Champions,0.018,642.14,0.797
18044,18,8,1537.5,15.38,808.0,73,273,192.19,0,551.1,0,Champions,0.069,290.92,0.445
17365,18,6,3463.28,9.9,3681.0,233,245,577.21,0,1304.08,1,Champions,0.126,624.0,0.423
17434,16,1,499.56,22.71,192.0,22,0,499.56,0,1874.26,1,Champions,0.561,18.98,0.314
17602,16,3,2134.19,9.75,1790.0,181,239,711.4,0,2920.23,1,Champions,0.302,187.65,0.495
15511,16,1,202.9,8.82,42.0,23,0,202.9,0,697.63,1,Loyal Customers,0.444,30.87,0.408
15498,15,21,10183.55,24.78,4853.0,304,282,484.93,0,3132.85,1,Champions,0.005,2695.24,0.921
17238,15,12,2207.88,5.86,1040.0,222,287,183.99,0,1511.22,1,Champions,0.07,645.73,0.864
17652,15,7,3202.02,17.79,1658.0,105,197,457.43,0,1665.7,1,Champions,0.218,269.9,0.361
17750,13,6,1334.13,8.72,2865.0,96,82,222.36,0,376.32,1,Champions,0.288,160.31,0.421
14769,13,7,10075.01,9.71,7038.0,713,275,1439.29,0,341.97,0,Champions,0.043,1246.2,0.17
15365,12,4,1945.15,20.69,875.0,56,234,486.29,0,369.17,0,Loyal Customers,0.258,49.63,0.305
17613,12,10,3766.53,13.8,2043.0,201,224,376.65,0,778.02,1,Champions,0.045,632.36,0.792
14236,11,2,490.86,32.72,310.0,15,292,245.43,1,0.0,0,Lost,0.566,13.48,0.3
17863,11,5,2127.3,19.88,1867.0,74,289,425.46,0,1032.7,1,Loyal Customers,0.139,320.12,0.544
16626,4,9,2662.74,21.47,1540.0,79,193,295.86,0,1361.15,1,Champions,0.1,190.56,0.568
13155,10,3,882.5,11.17,445.0,62,289,294.17,0,89.26,0,Loyal Customers,0.222,86.52,0.27
16016,10,5,899.99,6.82,344.0,109,287,180.0,0,565.52,0,Champions,0.226,162.0,0.403
17415,10,1,507.84,36.27,114.0,14,0,507.84,1,0.0,0,Lost,0.749,3.49,0.17
17758,10,5,2092.48,7.64,1245.0,220,171,418.5,0,1315.72,1,Champions,0.139,434.23,0.169
14780,10,1,332.8,17.52,210.0,19,0,332.8,0,114.88,1,At Risk,0.551,14.53,0.272
15603,9,1,48.48,24.24,96.0,2,0,48.48,1,0.0,0,Lost,0.725,1.29,0.089
14395,9,7,2610.38,10.08,1285.0,153,294,372.91,0,869.53,1,Champions,0.06,601.38,0.559
17644,9,8,2132.67,18.87,1352.0,83,182,266.58,0,762.97,0,Champions,0.077,427.89,0.462
15398,9,1,634.85,18.14,375.0,35,0,634.85,0,710.68,0,At Risk,0.425,26.23,0.208
12930,9,2,415.8,16.63,252.0,20,93,207.9,1,0.0,0,Lost,0.367,25.85,0.185
15237,9,3,1328.72,14.44,983.0,89,149,442.91,0,83.6,0,Champions,0.342,38.57,0.186
16633,9,4,1509.0,19.1,597.0,64,156,377.25,0,1374.1,0,Champions,0.292,139.74,0.245
18189,8,2,1090.24,16.03,566.0,65,190,545.12,1,0.0,0,Loyal Customers,0.566,6.14,0.157
13336,8,1,795.12,15.59,559.0,51,0,795.12,1,0.0,0,Lost,0.623,16.88,0.181
15762,8,1,315.31,14.33,147.0,22,0,315.31,0,268.44,1,Lost,0.474,15.68,0.336
15475,8,1,454.11,15.66,319.0,29,0,454.11,1,0.0,0,Lost,0.523,10.95,0.199
16485,8,1,363.65,8.66,235.0,41,0,363.65,1,0.0,0,Lost,0.534,19.88,0.244
14235,6,5,3144.86,39.81,1959.0,65,185,628.97,1,0.0,0,Loyal Customers,0.345,59.83,0.2
13670,6,1,349.7,13.99,282.0,25,0,349.7,1,0.0,0,Lost,0.538,10.39,0.176
17287,5,6,880.3,8.72,471.0,79,298,146.72,0,168.76,0,Loyal Customers,0.182,108.89,0.201
14473,5,2,234.34,33.48,88.0,7,208,117.17,1,0.0,0,Lost,0.654,1.59,0.055
13314,4,1,499.62,12.49,356.0,40,0,499.62,0,276.32,1,At Risk,0.362,14.56,0.362
14818,4,3,657.8,13.7,324.0,41,180,219.27,1,0.0,0,Loyal Customers,0.411,18.15,0.14
13979,4,1,869.87,16.11,639.0,54,0,869.87,1,0.0,0,Lost,0.542,13.89,0.169
15568,4,1,228.31,11.42,169.0,20,0,228.31,0,529.98,1,At Risk,0.473,12.17,0.226
13988,3,4,3185.31,17.7,2366.0,154,182,796.33,0,962.65,1,Champions,0.192,128.43,0.136
18235,2,3,1796.48,17.27,1578.0,100,146,598.83,1,0.0,0,Loyal Customers,0.441,13.28,0.193
15030,2,2,518.28,74.04,372.0,7,197,259.14,1,0.0,0,Lost,0.626,4.63,0.067
17427,2,1,100.8,50.4,34.0,2,0,100.8,1,0.0,0,Lost,0.751,2.28,0.03
15050,2,2,1278.78,22.84,917.0,50,0,639.39,0,458.91,0,Loyal Customers,0.339,38.77,0.163
12937,2,3,826.44,13.77,521.0,42,196,275.48,0,677.83,0,Loyal Customers,0.326,36.59,0.157
15949,2,1,237.04,19.75,168.0,12,0,237.04,0,127.68,0,At Risk,0.65,11.9,0.055
17552,2,3,913.91,19.04,709.0,43,301,304.64,0,16.5,1,Loyal Customers,0.434,33.53,0.536
15100,264,3,876.0,292.0,80.0,1,40,292.0,1,0.0,0,Lost,0.813,3.46,0.028
18085,261,2,689.95,23.79,265.0,25,43,344.98,1,0.0,0,Lost,0.694,11.87,0.067
16955,115,4,518.67,20.75,266.0,18,189,129.67,1,0.0,0,Lost,0.533,3.62,0.242
13065,304,1,205.86,14.7,74.0,14,0,205.86,1,0.0,0,Lost,0.715,3.39,0.088
15923,303,1,127.08,6.05,122.0,21,0,127.08,1,0.0,0,Lost,0.726,5.39,0.235
14449,177,2,399.91,3.81,333.0,98,126,199.95,0,485.89,1,Loyal Customers,0.359,93.34,0.456
16883,118,2,272.48,7.36,103.0,33,184,136.24,1,0.0,0,Lost,0.575,7.53,0.218
13013,23,9,3686.09,21.18,1758.0,137,279,409.57,0,1124.85,1,Champions,0.041,378.86,0.806
13963,239,4,664.54,18.99,460.0,35,59,166.14,1,0.0,0,Lost,0.709,17.57,0.141
14896,135,2,468.77,10.9,279.0,43,161,234.39,1,0.0,0,Lost,0.56,26.34,0.186
16926,302,1,230.25,16.45,35.0,14,0,230.25,1,0.0,0,Lost,0.728,3.18,0.088
16725,233,7,758.27,5.23,288.0,110,69,108.32,1,0.0,0,Loyal Customers,0.741,0.68,0.113
17596,67,4,1737.08,10.79,2846.0,112,232,434.27,0,1069.61,1,Champions,0.195,173.36,0.627
17646,150,3,1008.39,19.77,323.0,46,146,336.13,1,0.0,0,Loyal Customers,0.566,25.22,0.226
13327,43,7,2738.75,31.48,1256.0,60,253,391.25,0,889.02,0,Loyal Customers,0.075,714.34,0.329
14713,30,9,2029.61,7.43,1236.0,130,266,225.51,0,632.59,0,Champions,0.043,333.96,0.382
17085,54,5,1562.4,8.4,785.0,115,239,312.48,1,0.0,0,Loyal Customers,0.191,139.53,0.259
17618,179,2,625.48,11.37,235.0,48,114,312.74,0,304.8,0,At Risk,0.49,13.44,0.098
14498,47,4,1281.79,10.77,689.0,104,245,320.45,0,675.53,1,Loyal Customers,0.216,103.71,0.77
17179,109,3,711.79,8.9,290.0,56,183,237.26,1,0.0,0,Lost,0.425,34.83,0.228
17524,292,1,145.0,24.17,90.0,6,0,145.0,1,0.0,0,Lost,0.788,3.11,0.045
14525,31,7,2820.29,14.69,1720.0,163,261,402.9,0,1395.61,1,Champions,0.075,441.17,0.379
13238,94,2,318.85,19.93,137.0,14,197,159.43,0,381.88,0,Loyal Customers,0.504,9.66,0.172
16743,44,6,1860.9,11.21,1666.0,82,245,310.15,0,352.23,0,Loyal Customers,0.099,265.73,0.321
17007,86,5,575.44,17.44,346.0,33,202,115.09,0,314.49,1,Loyal Customers,0.448,27.41,0.445
13869,54,4,3083.65,10.14,1709.0,234,234,770.91,1,0.0,0,Loyal Customers,0.396,27.3,0.285
15208,94,2,323.52,20.22,154.0,16,190,161.76,0,546.6,1,Champions,0.534,11.06,0.247
15164,139,2,363.23,6.6,142.0,52,131,181.61,0,461.35,1,Loyal Customers,0.449,35.18,0.366
13368,187,2,623.4,21.5,327.0,29,81,311.7,1,0.0,0,Lost,0.668,4.72,0.128
13656,95,2,379.65,7.75,490.0,49,173,189.83,1,0.0,0,Lost,0.59,22.6,0.249
13750,71,4,1316.63,69.3,431.0,16,196,329.16,0,330.63,1,Loyal Customers,0.317,13.59,0.657
16833,190,3,671.29,20.98,306.0,32,75,223.76,0,435.24,0,Champions,0.483,30.75,0.081
13144,263,1,110.95,36.98,21.0,3,0,110.95,1,0.0,0,Lost,0.767,1.36,0.056
15346,263,1,252.42,14.85,144.0,17,0,252.42,1,0.0,0,Lost,0.687,3.27,0.103
13284,261,1,201.19,15.48,91.0,13,0,201.19,1,0.0,0,Lost,0.712,3.8,0.079
14175,102,2,1205.99,20.44,626.0,58,158,603.0,0,2016.31,1,Loyal Customers,0.518,55.52,0.42
13700,23,8,1634.77,9.29,1995.0,138,235,204.35,0,613.86,1,Champions,0.06,374.85,0.683
14572,41,5,2063.24,9.97,1183.0,153,214,412.65,0,741.3,0,Champions,0.196,70.18,0.255
14784,254,1,114.68,28.67,56.0,4,0,114.68,0,175.31,0,At Risk,0.707,2.52,0.061
14779,211,3,386.15,9.42,84.0,40,43,128.72,1,0.0,0,Lost,0.753,3.95,0.084
14224,41,4,1009.73,8.94,483.0,105,210,252.43,1,0.0,0,Loyal Customers,0.378,63.67,0.433
18161,71,3,771.26,21.42,387.0,24,179,257.09,0,847.43,1,Loyal Customers,0.34,38.56,0.385
16730,165,2,480.94,13.0,750.0,35,85,240.47,0,262.17,1,Loyal Customers,0.456,14.25,0.345
14541,99,7,1307.35,12.82,597.0,70,151,186.76,0,146.0,1,Loyal Customers,0.205,91.17,0.541
13049,249,1,153.78,21.97,78.0,7,0,153.78,0,502.9,1,Loyal Customers,0.83,1.53,0.098
17075,184,3,696.07,11.23,241.0,49,64,232.02,0,138.05,0,Loyal Customers,0.424,23.35,0.151
16714,149,3,1129.06,12.98,589.0,77,99,376.35,1,0.0,0,Loyal Customers,0.541,35.14,0.213
13538,25,6,990.75,49.54,137.0,8,221,165.13,0,290.1,1,Loyal Customers,0.278,54.91,0.508
17035,176,2,433.53,15.48,229.0,27,66,216.77,1,0.0,0,Lost,0.674,5.24,0.154
15940,242,1,35.8,35.8,4.0,1,0,35.8,1,0.0,0,Lost,0.872,0.31,0.038
14457,241,1,113.64,28.41,88.0,4,0,113.64,1,0.0,0,Lost,0.757,2.0,0.1
13824,66,4,1429.84,39.72,660.0,26,175,357.46,0,269.1,0,Loyal Customers,0.399,43.09,0.27
17362,170,2,312.23,8.92,191.0,30,70,156.11,1,0.0,0,Lost,0.736,4.24,0.162
13800,240,1,558.32,16.92,331.0,33,0,558.32,1,0.0,0,Lost,0.771,0.7,0.085
17507,192,2,605.58,6.88,359.0,79,48,302.79,1,0.0,0,Lost,0.697,6.89,0.074
13725,100,7,1865.7,19.64,724.0,86,139,266.53,0,114.86,1,Loyal Customers,0.172,127.75,0.642
12993,51,3,372.4,15.52,204.0,23,178,124.13,0,42.36,0,At Risk,0.404,14.58,0.287
17422,24,5,1698.97,16.82,1749.0,80,203,339.79,0,280.4,0,Loyal Customers,0.13,399.3,0.397
15228,60,3,2224.03,24.99,1505.0,83,165,741.34,0,1162.68,1,Loyal Customers,0.29,80.46,0.338
13904,225,1,201.12,11.83,223.0,17,0,201.12,0,131.52,0,At Risk,0.69,4.82,0.149
16441,222,1,211.0,16.23,110.0,12,0,211.0,0,170.2,1,Lost,0.702,3.88,0.217
13285,92,3,1970.1,14.38,1454.0,122,129,656.7,0,739.02,0,Loyal Customers,0.301,71.69,0.299
16208,220,1,497.59,12.44,243.0,40,0,497.59,0,166.67,1,At Risk,0.669,8.25,0.115
14513,31,3,455.59,37.97,361.0,11,188,151.86,1,0.0,0,Lost,0.582,4.6,0.172
15092,146,2,457.81,17.61,135.0,23,68,228.91,1,0.0,0,Lost,0.629,9.47,0.228
14995,211,1,119.31,3.22,51.0,37,0,119.31,0,112.67,0,At Risk,0.502,3.84,0.18
15806,88,2,521.88,22.69,413.0,19,119,260.94,0,262.7,1,Loyal Customers,0.517,15.51,0.266
18086,205,1,101.34,14.48,106.0,7,0,101.34,1,0.0,0,Lost,0.804,1.51,0.033
18149,146,2,549.68,39.26,280.0,9,58,274.84,0,62.4,1,Loyal Customers,0.52,7.62,0.166
16768,34,2,286.49,6.66,88.0,40,168,143.25,0,191.6,1,Loyal Customers,0.3,24.16,0.366
13708,202,1,285.33,5.82,301.0,49,0,285.33,1,0.0,0,Lost,0.758,6.57,0.082
13121,200,1,283.73,5.67,252.0,50,0,283.73,1,0.0,0,Lost,0.755,6.57,0.082
15648,135,2,639.5,26.65,218.0,23,63,319.75,1,0.0,0,Lost,0.676,6.16,0.112
16728,97,3,548.31,3.86,320.0,113,98,182.77,0,499.97,1,Loyal Customers,0.389,100.23,0.34
14408,25,6,2290.81,23.38,1448.0,59,170,381.8,0,308.22,0,Champions,0.132,341.54,0.315
15457,193,1,237.07,4.09,132.0,56,0,237.07,1,0.0,0,Lost,0.741,7.01,0.08
13239,192,1,329.56,15.69,327.0,21,0,329.56,1,0.0,0,Lost,0.802,2.45,0.063
16620,191,1,95.76,19.15,48.0,5,0,95.76,0,83.2,0,At Risk,0.754,7.2,0.039
15624,47,4,588.13,17.3,357.0,26,140,147.03,1,0.0,0,Loyal Customers,0.531,14.52,0.33
15906,75,4,797.71,11.4,242.0,56,111,199.43,0,769.98,1,Loyal Customers,0.263,80.62,0.462
15521,25,7,2326.78,14.45,1470.0,113,160,332.4,0,673.42,0,Loyal Customers,0.095,281.21,0.469
14886,183,1,364.8,20.27,160.0,18,0,364.8,1,0.0,0,Lost,0.778,2.34,0.127
13841,183,1,85.0,85.0,100.0,1,0,85.0,1,0.0,0,Lost,0.773,0.78,0.033
16144,177,1,175.2,175.2,16.0,1,0,175.2,1,0.0,0,Lost,0.826,0.11,0.05
15109,176,1,484.95,17.32,131.0,28,0,484.95,1,0.0,0,Lost,0.762,2.66,0.128
17574,173,1,185.65,23.21,77.0,8,0,185.65,1,0.0,0,Lost,0.801,1.43,0.118
12982,173,1,390.54,13.95,288.0,28,0,390.54,1,0.0,0,Lost,0.755,2.06,0.133
15935,170,2,416.86,34.74,115.0,12,2,208.43,1,0.0,0,Lost,0.775,4.55,0.139
14111,26,3,295.5,59.1,202.0,5,146,98.5,0,397.35,0,At Risk,0.515,21.18,0.102
15230,170,2,429.6,18.68,351.0,23,1,214.8,1,0.0,0,Lost,0.772,3.74,0.152
16309,37,2,706.57,16.82,467.0,39,134,353.29,1,0.0,0,Lost,0.553,57.8,0.251
16131,46,4,2278.5,42.19,1244.0,46,124,569.63,0,1228.04,1,Loyal Customers,0.349,26.11,0.459
14154,170,2,1345.62,25.88,465.0,52,0,672.81,1,0.0,0,Lost,0.692,5.47,0.23
18246,164,1,232.9,116.45,70.0,2,0,232.9,0,363.2,0,At Risk,0.752,2.67,0.117
16587,163,1,225.15,17.32,71.0,13,0,225.15,1,0.0,0,Lost,0.74,4.03,0.114
13482,163,1,184.64,16.79,116.0,11,0,184.64,1,0.0,0,Lost,0.728,1.46,0.149
16418,23,2,368.36,7.22,174.0,44,134,184.18,0,262.76,1,Loyal Customers,0.291,46.48,0.507
15768,46,3,621.83,23.03,244.0,23,110,207.28,1,0.0,0,Loyal Customers,0.504,20.19,0.254
14304,153,1,383.45,22.56,139.0,17,0,383.45,1,0.0,0,Lost,0.783,3.28,0.148
14340,149,1,134.7,22.45,58.0,6,0,134.7,1,0.0,0,Lost,0.837,2.58,0.108
14423,149,1,265.2,88.4,120.0,3,0,265.2,1,0.0,0,Lost,0.764,3.55,0.123
17578,149,1,143.46,28.69,138.0,5,0,143.46,1,0.0,0,Lost,0.829,1.37,0.105
13642,146,1,312.28,5.48,151.0,57,0,312.28,1,0.0,0,Lost,0.733,13.83,0.167
16756,145,1,239.4,18.42,106.0,13,0,239.4,1,0.0,0,Lost,0.681,6.62,0.142
14699,145,1,109.13,13.64,77.0,8,0,109.13,1,0.0,0,Lost,0.827,2.03,0.088
13887,135,1,349.55,18.4,147.0,19,0,349.55,1,0.0,0,Lost,0.712,6.49,0.189
13404,143,1,217.81,24.2,99.0,9,0,217.81,0,34.68,0,At Risk,0.69,6.37,0.131
14364,39,8,3717.35,53.87,1967.0,61,103,464.67,1,0.0,0,Loyal Customers,0.632,15.85,0.679
18221,46,3,706.86,16.83,446.0,40,96,235.62,0,334.75,1,Loyal Customers,0.399,111.46,0.314
16283,51,3,586.35,7.92,441.0,59,88,195.45,0,984.46,1,Champions,0.257,74.72,0.329
16642,138,1,307.73,20.52,131.0,15,0,307.73,0,380.6,0,At Risk,0.664,7.82,0.171
16139,43,2,306.37,20.42,155.0,13,94,153.18,0,329.04,0,At Risk,0.437,14.97,0.197
15095,34,4,1370.6,29.16,1079.0,30,100,342.65,1,0.0,0,Loyal Customers,0.596,23.89,0.298
15434,38,3,587.28,18.35,479.0,32,93,195.76,0,454.2,0,Loyal Customers,0.457,52.16,0.289
15402,79,2,626.77,14.92,694.0,35,48,313.39,1,0.0,0,Lost,0.605,10.01,0.24
15184,121,1,235.23,11.76,73.0,20,0,235.23,0,166.97,0,At Risk,0.637,7.39,0.141
16529,121,1,455.25,15.18,198.0,30,0,455.25,1,0.0,0,Lost,0.644,4.28,0.206
16963,118,1,110.55,15.79,35.0,7,0,110.55,1,0.0,0,Lost,0.712,3.38,0.102
17252,47,2,348.91,4.06,192.0,86,70,174.45,1,0.0,0,Lost,0.353,33.37,0.376
15609,115,1,298.48,18.66,148.0,16,0,298.48,1,0.0,0,Lost,0.652,6.02,0.218
15069,110,1,1109.53,15.85,520.0,70,0,1109.53,1,0.0,0,Lost,0.665,14.76,0.214
13663,110,1,189.47,14.57,91.0,13,0,189.47,1,0.0,0,Lost,0.674,7.5,0.135
17642,50,2,712.29,17.81,474.0,34,57,356.15,1,0.0,0,Lost,0.546,35.52,0.256
17695,62,2,765.34,21.87,779.0,30,40,382.67,1,0.0,0,Lost,0.569,35.83,0.315
14960,102,1,88.3,44.15,20.0,2,0,88.3,0,132.97,0,At Risk,0.635,9.54,0.066
12919,47,3,441.65,27.6,203.0,12,53,147.22,0,893.54,0,Champions,0.462,10.07,0.189
15130,100,1,330.11,15.01,197.0,22,0,330.11,1,0.0,0,Lost,0.669,5.6,0.162
16545,95,1,339.3,113.1,78.0,3,0,339.3,1,0.0,0,Lost,0.813,3.12,0.125
13461,69,2,884.2,52.01,836.0,12,25,442.1,0,560.8,0,Loyal Customers,0.475,20.61,0.282
17024,30,2,56.25,28.13,45.0,1,58,28.13,0,39.6,1,At Risk,0.52,20.84,0.692
16829,87,1,197.22,17.93,99.0,11,0,197.22,1,0.0,0,Lost,0.677,12.33,0.154
14002,65,2,529.73,11.27,877.0,47,22,264.87,1,0.0,0,Lost,0.589,12.9,0.347
14493,86,1,611.22,21.08,327.0,29,0,611.22,0,1772.02,1,Champions,0.612,18.47,0.396
13058,82,1,47.55,15.85,9.0,3,0,47.55,0,223.85,1,At Risk,0.573,25.47,0.462
13311,81,1,490.11,20.42,271.0,24,0,490.11,0,108.46,0,At Risk,0.58,9.01,0.253
13667,80,1,299.05,3.6,149.0,82,0,299.05,1,0.0,0,Lost,0.716,3.27,0.206
14567,61,1,800.76,61.6,172.0,13,0,800.76,0,729.6,1,Loyal Customers,0.549,11.51,0.254
17122,50,1,138.32,19.76,80.0,7,0,138.32,1,0.0,0,Lost,0.678,6.28,0.132
13189,46,1,127.0,7.06,526.0,18,0,127.0,0,133.68,0,At Risk,0.615,11.81,0.198
17070,45,1,304.24,4.91,131.0,62,0,304.24,1,0.0,0,Lost,0.646,24.58,0.244
16582,44,1,313.62,52.27,164.0,6,0,313.62,1,0.0,0,Lost,0.727,5.68,0.157
16968,38,1,253.31,16.89,98.0,15,0,253.31,0,186.12,0,At Risk,0.481,47.0,0.186
18200,37,1,150.35,5.01,104.0,29,0,150.35,1,0.0,0,Lost,0.685,15.12,0.238
13267,23,15,3119.34,21.08,1344.0,68,274,207.96,0,1402.15,0,Champions,0.028,610.49,0.298
14522,2,3,831.5,51.97,429.0,15,127,277.17,0,143.04,0,Loyal Customers,0.383,30.11,0.142
13319,22,19,7390.47,20.64,3197.0,163,274,388.97,0,3455.08,1,Champions,0.005,2127.12,0.898
15652,22,1,337.74,16.08,208.0,21,0,337.74,1,0.0,0,Lost,0.59,10.72,0.261
15502,20,8,6276.03,33.74,3875.0,161,280,784.5,0,4108.9,1,Champions,0.017,1575.24,0.669
13272,20,1,140.96,17.62,72.0,8,0,140.96,0,135.6,0,At Risk,0.662,8.97,0.125
13527,20,6,1847.79,10.56,1509.0,131,237,307.96,0,394.57,0,Loyal Customers,0.096,257.06,0.279
13124,20,3,3756.33,16.92,2119.0,185,270,1252.11,1,0.0,0,Loyal Customers,0.49,15.25,0.243
13860,17,1,405.88,16.91,176.0,24,0,405.88,0,840.02,1,Champions,0.467,223.11,0.364
15622,17,8,3327.61,19.57,1568.0,154,196,415.95,0,381.95,1,Champions,0.166,111.51,0.677
15105,17,3,1176.54,22.2,690.0,45,48,392.18,0,1122.39,1,Champions,0.358,130.51,0.332
17347,17,1,228.96,228.96,216.0,1,0,228.96,1,0.0,0,Lost,0.818,1.76,0.086
17883,17,2,197.8,5.07,79.0,39,160,98.9,0,466.54,0,At Risk,0.417,61.62,0.129
15272,17,1,298.96,11.07,182.0,27,0,298.96,0,422.98,1,Loyal Customers,0.429,16.93,0.55
13662,16,3,881.26,16.95,533.0,50,174,293.75,1,0.0,0,Loyal Customers,0.41,51.89,0.344
14952,2,9,6724.25,58.47,2951.0,99,293,747.14,0,1375.24,1,Champions,0.021,1226.29,0.644
18145,18,3,2103.25,15.13,1835.0,109,225,701.08,0,758.3,0,Loyal Customers,0.271,48.06,0.317
14753,18,1,563.15,18.77,211.0,30,0,563.15,1,0.0,0,Lost,0.546,10.91,0.262
17669,16,6,3194.72,48.4,1796.0,43,164,532.45,0,212.0,1,Loyal Customers,0.317,36.52,0.574
16945,16,14,3292.54,17.24,2093.0,107,273,235.18,0,1052.96,1,Champions,0.012,811.16,0.882
17576,4,16,2729.55,9.04,1602.0,203,292,170.6,0,835.28,1,Champions,0.012,712.45,0.887
12963,15,2,619.71,19.99,310.0,28,281,309.86,0,1236.92,1,Champions,0.408,31.94,0.541
18122,15,2,321.13,5.02,173.0,56,66,160.57,0,1471.93,1,Champions,0.314,76.61,0.543
13196,15,2,1586.95,16.36,1059.0,86,178,793.48,0,210.83,0,Loyal Customers,0.349,104.38,0.174
13563,15,2,777.53,15.87,209.0,49,56,388.77,1,0.0,0,Loyal Customers,0.456,46.97,0.279
17451,12,2,560.98,16.03,374.0,33,24,280.49,0,1160.42,1,Champions,0.412,25.56,0.318
17034,10,2,364.88,22.81,222.0,15,208,182.44,0,380.64,0,At Risk,0.44,16.21,0.231
17731,10,4,1240.11,18.51,493.0,54,104,310.03,1,0.0,0,Loyal Customers,0.438,83.9,0.378
14125,9,1,1295.43,15.42,972.0,84,0,1295.43,0,1425.2,0,Loyal Customers,0.323,125.08,0.216
13949,8,2,909.26,14.67,860.0,59,17,454.63,0,1518.06,1,Champions,0.375,29.76,0.375
14652,8,1,114.18,3.94,53.0,29,0,114.18,1,0.0,0,Lost,0.696,6.74,0.279
14005,6,4,977.68,18.11,1092.0,40,140,244.42,0,1897.04,0,Champions,0.387,64.43,0.169
17498,6,1,272.22,16.01,394.0,17,0,272.22,1,0.0,0,Lost,0.602,9.68,0.123
13536,6,1,455.17,18.21,319.0,25,0,455.17,0,2989.22,1,Champions,0.465,17.59,0.2
16655,6,4,2906.2,12.92,1799.0,194,256,726.55,0,883.32,0,Champions,0.192,113.7,0.107
16008,6,2,330.71,19.45,198.0,17,129,165.36,0,148.07,0,At Risk,0.416,32.06,0.168
15626,5,2,675.8,13.79,766.0,49,255,337.9,1,0.0,0,Loyal Customers,0.571,19.17,0.153
14101,4,6,5976.79,170.77,6942.0,15,253,996.13,1,0.0,0,Loyal Customers,0.157,20.79,0.083
16607,4,11,2581.94,19.71,2336.0,112,285,234.72,0,765.77,1,Champions,0.024,641.22,0.849
17405,3,2,883.01,12.99,562.0,65,78,441.51,0,148.4,0,At Risk,0.294,24.5,0.176
17088,3,3,1751.73,17.69,747.0,88,181,583.91,0,239.28,0,Loyal Customers,0.355,64.5,0.161
16332,3,4,1117.89,12.02,547.0,78,233,279.47,0,464.91,1,Loyal Customers,0.218,99.74,0.314
16690,3,2,225.58,18.8,138.0,10,129,112.79,1,0.0,0,Lost,0.649,1.53,0.049
16650,2,1,518.42,21.6,372.0,24,0,518.42,1,0.0,0,Lost,0.48,7.73,0.152
14834,2,3,851.2,21.28,376.0,34,169,283.73,0,869.1,1,Loyal Customers,0.362,43.81,0.304
15175,2,1,224.14,9.75,454.0,23,0,224.14,1,0.0,0,Lost,0.597,8.14,0.143
14709,2,10,4264.04,25.23,2164.0,67,287,426.4,0,657.0,0,Champions,0.026,974.0,0.275
18204,2,3,1975.35,10.29,1190.0,159,121,658.45,1,0.0,0,Loyal Customers,0.271,35.33,0.264
15922,304,1,369.5,33.59,138.0,11,0,369.5,1,0.0,0,Lost,0.781,2.48,0.054
16048,304,2,256.44,32.06,144.0,8,0,128.22,1,0.0,0,Lost,0.64,1.23,0.072
14142,304,1,311.81,14.17,313.0,22,0,311.81,1,0.0,0,Lost,0.76,2.76,0.07
15752,24,6,2093.37,6.18,1657.0,207,279,348.89,0,533.23,0,Loyal Customers,0.05,397.19,0.139
14829,115,3,531.63,15.64,364.0,33,188,177.21,0,165.92,0,Loyal Customers,0.441,22.94,0.201
15646,88,3,447.64,12.79,394.0,35,215,149.21,1,0.0,0,Lost,0.454,8.73,0.179
16365,54,7,862.56,23.96,325.0,34,244,123.22,0,677.86,0,Champions,0.305,91.52,0.391
14821,297,1,48.8,24.4,20.0,2,0,48.8,1,0.0,0,Lost,0.787,1.5,0.053
15628,29,5,1625.4,17.48,1058.0,58,268,325.08,0,1244.84,1,Champions,0.167,245.07,0.265
16893,297,1,145.93,3.24,62.0,44,0,145.93,1,0.0,0,Lost,0.714,7.88,0.208
18071,188,2,453.0,18.12,260.0,23,108,226.5,1,0.0,0,Lost,0.654,7.41,0.099
13240,27,4,663.65,9.91,298.0,59,269,165.91,1,0.0,0,Loyal Customers,0.23,37.69,0.186
15373,46,9,1686.9,16.87,354.0,65,256,187.43,0,729.01,0,Champions,0.166,191.51,0.6
18219,80,8,1367.13,17.09,596.0,49,219,170.89,0,702.64,1,Champions,0.12,276.46,0.626
16795,296,1,414.88,6.29,239.0,64,0,414.88,1,0.0,0,Lost,0.74,3.51,0.037
14256,191,2,969.06,18.28,414.0,51,104,484.53,1,0.0,0,Lost,0.719,6.73,0.074
16019,67,7,2952.25,27.59,1193.0,85,228,421.75,0,833.99,1,Loyal Customers,0.116,293.42,0.537
17236,110,5,697.73,9.56,400.0,62,183,139.55,0,218.4,0,Loyal Customers,0.323,59.59,0.225
17231,57,7,1905.82,5.66,1033.0,209,235,272.26,0,1218.9,1,Champions,0.092,374.86,0.379
17969,97,2,228.2,16.3,152.0,14,195,114.1,1,0.0,0,Lost,0.679,1.86,0.129
17629,51,5,798.38,11.24,665.0,66,239,159.68,0,1015.74,1,Champions,0.175,203.35,0.452
13092,142,4,439.75,20.94,95.0,15,148,109.94,0,38.08,1,Loyal Customers,0.477,5.08,0.366
15456,214,3,434.59,7.49,633.0,48,76,144.86,1,0.0,0,Lost,0.52,4.77,0.087
13021,97,4,1152.47,19.87,527.0,48,192,288.12,0,1463.91,1,Champions,0.326,107.93,0.635
14841,110,4,2375.57,22.41,1235.0,88,179,593.89,0,920.19,1,Loyal Customers,0.264,130.77,0.336
18176,289,1,476.35,15.88,283.0,30,0,476.35,1,0.0,0,Lost,0.704,5.61,0.053
18223,27,11,4036.34,21.47,1774.0,87,262,366.94,0,2448.2,1,Champions,0.015,1270.79,0.857
14334,24,7,2328.71,15.73,1597.0,96,265,332.67,0,223.5,0,Champions,0.053,397.12,0.306
15197,183,2,773.25,51.55,202.0,15,106,386.63,0,306.36,0,At Risk,0.617,14.06,0.193
16711,71,3,909.87,90.99,253.0,9,217,303.29,0,741.16,0,Champions,0.272,38.02,0.217
14737,59,2,1081.75,72.12,303.0,13,225,540.88,0,82.8,0,At Risk,0.44,35.89,0.216
16112,74,4,195.74,12.23,574.0,15,195,48.94,1,0.0,0,Lost,0.731,1.92,0.43
13629,30,8,5718.36,114.37,3222.0,27,239,714.8,0,2074.0,1,Champions,0.058,351.56,0.575
16567,125,2,865.6,24.73,996.0,34,142,432.8,1,0.0,0,Lost,0.613,8.07,0.245
17095,230,2,543.96,16.0,234.0,33,35,271.98,0,780.2,0,Loyal Customers,0.62,12.0,0.104
16748,148,3,910.2,26.77,492.0,27,117,303.4,0,605.7,0,Loyal Customers,0.427,26.13,0.15
15326,264,1,311.71,10.75,386.0,29,0,311.71,1,0.0,0,Lost,0.767,2.37,0.082
17849,149,4,605.8,23.3,114.0,14,115,151.45,1,0.0,0,Loyal Customers,0.73,3.54,0.154
14229,222,2,762.13,29.31,303.0,23,42,381.07,0,785.07,1,Loyal Customers,0.532,24.73,0.266
17364,68,6,2617.41,11.84,1494.0,153,194,436.24,0,1424.75,0,Champions,0.158,347.99,0.244
17988,48,5,146.0,5.62,27.0,25,209,29.2,0,55.12,0,At Risk,0.297,35.54,0.101
15174,253,1,135.75,12.34,145.0,11,0,135.75,1,0.0,0,Lost,0.793,2.57,0.079
17504,137,9,2997.03,23.6,1664.0,112,116,333.0,1,0.0,0,Loyal Customers,0.58,12.65,0.163
17277,158,2,1065.35,15.44,430.0,67,95,532.68,1,0.0,0,Lost,0.74,7.14,0.194
14450,111,3,483.25,12.08,241.0,32,140,161.08,1,0.0,0,Lost,0.553,31.15,0.18
13068,250,1,165.0,165.0,100.0,1,0,165.0,0,179.0,0,At Risk,0.578,10.18,0.048
14701,103,7,1941.43,8.3,666.0,188,144,277.35,0,584.66,0,Champions,0.14,88.49,0.354
15864,29,3,957.86,79.82,558.0,11,218,319.29,0,978.46,1,Loyal Customers,0.375,85.63,0.708
17314,79,5,1506.92,23.18,1018.0,57,164,301.38,0,1021.0,1,Champions,0.167,189.82,0.713
16419,43,6,958.71,19.17,428.0,36,199,159.78,1,0.0,0,Loyal Customers,0.355,105.41,0.432
12956,237,1,108.07,5.69,34.0,19,0,108.07,1,0.0,0,Lost,0.735,2.96,0.153
13171,230,1,140.35,6.1,53.0,23,0,140.35,0,328.06,1,At Risk,0.705,5.31,0.173
13475,122,4,1431.78,16.65,1012.0,64,107,357.95,1,0.0,0,Loyal Customers,0.432,37.66,0.364
16045,50,4,1340.7,16.15,897.0,71,171,335.18,1,0.0,0,Loyal Customers,0.339,41.49,0.312
13184,61,9,1472.1,9.32,1537.0,122,160,163.57,0,196.85,0,Champions,0.109,379.51,0.505
15397,220,1,94.0,15.67,20.0,6,0,94.0,1,0.0,0,Lost,0.828,1.36,0.064
17171,220,1,224.91,14.06,185.0,16,0,224.91,1,0.0,0,Lost,0.688,4.6,0.153
17117,219,1,116.2,12.91,68.0,9,0,116.2,1,0.0,0,Lost,0.816,2.4,0.127
12945,219,1,462.95,20.13,165.0,23,0,462.95,1,0.0,0,Lost,0.708,4.21,0.127
13851,26,3,2651.46,32.73,1705.0,77,193,883.82,1,0.0,0,Loyal Customers,0.373,32.48,0.325
13610,41,5,764.76,4.72,364.0,140,175,152.95,0,317.57,1,Loyal Customers,0.175,126.19,0.686
16992,29,3,972.35,16.21,630.0,57,186,324.12,0,641.96,0,Loyal Customers,0.346,33.57,0.21
16339,215,1,94.05,5.23,21.0,17,0,94.05,1,0.0,0,Lost,0.749,2.19,0.082
17770,129,5,1143.27,30.09,365.0,33,84,228.65,1,0.0,0,Loyal Customers,0.566,20.92,0.357
18218,142,2,641.92,32.1,536.0,17,70,320.96,1,0.0,0,Lost,0.601,4.62,0.109
14586,207,1,237.36,12.49,444.0,19,0,237.36,1,0.0,0,Lost,0.772,3.31,0.079
15308,205,1,310.47,16.34,175.0,19,0,310.47,1,0.0,0,Lost,0.766,3.27,0.085
15918,121,2,334.23,8.36,153.0,33,81,167.12,1,0.0,0,Lost,0.625,18.03,0.226
15671,25,5,1972.89,30.83,1185.0,47,176,394.58,0,684.24,0,Champions,0.185,226.35,0.307
16804,201,1,118.05,6.21,34.0,19,0,118.05,0,418.94,0,At Risk,0.709,3.94,0.102
13358,199,1,439.03,15.14,285.0,29,0,439.03,1,0.0,0,Lost,0.763,1.9,0.082
13072,197,1,177.15,25.31,69.0,7,0,177.15,1,0.0,0,Lost,0.805,0.71,0.079
12902,195,1,138.68,13.87,66.0,10,0,138.68,1,0.0,0,Lost,0.834,1.91,0.074
17678,194,1,298.11,18.63,207.0,16,0,298.11,1,0.0,0,Lost,0.696,3.11,0.094
14377,122,2,617.05,56.1,219.0,11,71,308.52,1,0.0,0,Lost,0.682,5.08,0.158
18191,192,1,207.8,29.69,140.0,7,0,207.8,1,0.0,0,Lost,0.775,2.98,0.088
13132,192,1,77.3,25.77,20.0,3,0,77.3,1,0.0,0,Lost,0.788,2.54,0.094
18078,148,2,336.13,11.59,145.0,27,42,168.07,1,0.0,0,Lost,0.656,9.03,0.169
13481,39,4,1361.33,16.6,861.0,74,148,340.33,0,443.23,1,Loyal Customers,0.29,105.42,0.434
13918,184,1,198.2,24.78,100.0,8,0,198.2,0,1014.64,1,Loyal Customers,0.737,4.16,0.174
18263,86,2,811.4,18.03,1048.0,45,97,405.7,0,401.76,0,Loyal Customers,0.375,78.46,0.326
16224,72,3,865.88,13.12,798.0,63,108,288.63,0,429.42,1,Loyal Customers,0.219,113.27,0.489
14535,58,2,1652.81,8.65,966.0,166,121,826.4,0,1202.03,1,Loyal Customers,0.254,84.69,0.364
17409,115,2,771.85,59.37,105.0,13,64,385.93,1,0.0,0,Lost,0.647,17.45,0.175
13548,27,2,678.16,5.51,436.0,114,147,339.08,1,0.0,0,Lost,0.567,39.03,0.142
18129,174,1,112.55,8.04,48.0,13,0,112.55,1,0.0,0,Lost,0.76,3.73,0.121
17550,128,3,267.16,6.36,86.0,42,46,89.05,1,0.0,0,Lost,0.68,1.56,0.077
14998,101,2,414.87,5.61,258.0,70,71,207.44,1,0.0,0,Lost,0.536,14.78,0.227
13101,165,1,101.19,12.65,113.0,8,0,101.19,1,0.0,0,Lost,0.825,1.41,0.036
16823,158,1,358.38,9.43,136.0,34,0,358.38,1,0.0,0,Lost,0.744,5.65,0.129
16637,54,2,530.55,16.58,351.0,29,102,265.27,0,623.92,1,Loyal Customers,0.414,20.97,0.286
17893,156,1,107.21,7.15,149.0,15,0,107.21,1,0.0,0,Lost,0.744,2.82,0.119
17624,149,1,400.3,16.01,312.0,25,0,400.3,0,443.18,0,At Risk,0.668,6.04,0.137
15552,148,1,90.12,5.3,60.0,17,0,90.12,1,0.0,0,Lost,0.774,0.52,0.072
13723,148,1,199.85,33.31,43.0,6,0,199.85,1,0.0,0,Lost,0.786,6.02,0.13
16647,100,2,214.06,15.29,146.0,12,35,107.03,1,0.0,0,Lost,0.705,3.18,0.114
17926,64,2,397.29,18.92,306.0,17,70,198.65,1,0.0,0,Lost,0.486,20.53,0.267
13242,43,3,270.4,20.8,130.0,12,101,90.13,1,0.0,0,Lost,0.676,1.48,0.072
16038,108,2,393.33,17.1,229.0,23,24,196.66,0,78.45,0,At Risk,0.53,9.33,0.214
15314,130,1,327.97,13.67,313.0,24,0,327.97,1,0.0,0,Lost,0.72,5.59,0.119
16091,85,2,315.06,17.5,154.0,16,44,157.53,1,0.0,0,Lost,0.629,10.97,0.238
16763,129,1,611.85,26.6,319.0,23,0,611.85,1,0.0,0,Lost,0.728,7.68,0.223
14823,111,3,321.43,4.59,88.0,56,14,107.14,1,0.0,0,Lost,0.727,8.05,0.182
14819,123,1,84.72,28.24,48.0,3,0,84.72,0,187.35,1,Lost,0.66,5.14,0.426
16892,114,1,102.98,5.15,77.0,20,0,102.98,0,415.21,0,At Risk,0.65,6.38,0.069
15014,107,1,117.73,39.24,68.0,2,0,117.73,0,139.94,1,At Risk,0.611,5.82,0.122
15909,104,1,191.94,27.42,98.0,7,0,191.94,1,0.0,0,Lost,0.739,6.27,0.129
15334,87,3,350.82,3.58,273.0,67,17,116.94,1,0.0,0,Lost,0.725,3.88,0.203
12837,104,1,134.1,11.18,24.0,12,0,134.1,1,0.0,0,Lost,0.695,7.28,0.113
15016,103,1,170.04,8.5,76.0,20,0,170.04,1,0.0,0,Lost,0.658,3.01,0.169
15412,102,1,190.53,19.05,108.0,10,0,190.53,1,0.0,0,Lost,0.689,7.19,0.118
15186,99,1,229.26,22.93,162.0,10,0,229.26,0,182.15,0,At Risk,0.682,6.75,0.131
16009,90,1,441.59,7.61,196.0,55,0,441.59,0,530.52,1,Loyal Customers,0.568,14.5,0.388
13109,88,1,369.85,15.41,260.0,24,0,369.85,0,416.69,1,Loyal Customers,0.617,4.69,0.213
13291,86,1,361.11,8.6,233.0,41,0,361.11,1,0.0,0,Lost,0.629,10.52,0.268
14117,74,1,90.0,30.0,72.0,3,0,90.0,1,0.0,0,Lost,0.698,3.9,0.076
18101,74,1,110.23,8.48,25.0,13,0,110.23,0,112.17,0,At Risk,0.533,18.22,0.147
13850,60,1,1595.48,17.16,944.0,93,0,1595.48,1,0.0,0,Lost,0.482,21.26,0.257
17298,32,2,498.42,16.61,387.0,30,23,249.21,1,0.0,0,Lost,0.424,13.25,0.283
13500,53,1,326.4,16.32,128.0,20,0,326.4,0,840.37,0,Loyal Customers,0.545,34.67,0.183
15469,51,1,304.3,19.02,128.0,16,0,304.3,0,234.25,1,At Risk,0.573,22.12,0.291
17958,47,1,508.46,72.64,84.0,7,0,508.46,1,0.0,0,Lost,0.792,2.33,0.153
16201,40,1,303.8,15.99,208.0,19,0,303.8,0,1559.67,1,Champions,0.585,20.56,0.533
14196,37,1,335.52,55.92,142.0,6,0,335.52,1,0.0,0,Lost,0.732,3.85,0.164
16400,25,1,303.93,10.48,172.0,28,0,303.93,1,0.0,0,Lost,0.496,20.27,0.26
12971,4,67,8653.8,38.46,6692.0,82,299,129.16,0,2536.11,1,Champions,0.015,2174.57,0.907
13145,22,3,499.72,99.94,121.0,5,281,166.57,0,118.8,0,Loyal Customers,0.378,8.49,0.431
12879,12,2,507.7,72.53,202.0,4,10,253.85,0,65.52,1,Loyal Customers,0.549,8.32,0.266
14915,22,2,307.48,25.62,112.0,12,186,153.74,1,0.0,0,Lost,0.623,13.44,0.212
14628,22,2,671.96,28.0,272.0,22,151,335.98,1,0.0,0,Lost,0.576,13.98,0.223
15159,20,20,9563.85,25.04,6011.0,226,272,478.19,0,9077.16,1,Champions,0.012,2762.09,0.931
13993,20,7,2632.31,25.56,743.0,61,241,376.04,0,834.05,1,Loyal Customers,0.092,576.75,0.491
16229,18,2,1010.6,21.5,318.0,46,125,505.3,1,0.0,0,Loyal Customers,0.485,10.52,0.277
18229,17,15,5539.06,46.55,1906.0,58,287,369.27,0,1737.84,1,Champions,0.022,1536.49,0.686
16745,17,17,7180.7,20.23,6719.0,148,225,422.39,1,0.0,0,Champions,0.343,69.59,0.551
16928,11,17,2814.7,13.8,2092.0,69,293,165.57,1,0.0,0,Champions,0.016,202.07,0.322
18211,16,3,420.2,19.1,234.0,20,193,140.07,0,179.87,1,Loyal Customers,0.413,18.61,0.285
14432,20,1,249.17,5.19,308.0,46,0,249.17,0,1999.33,1,Champions,0.503,34.48,0.226
14456,4,5,1820.82,3.19,1654.0,438,69,364.16,0,1196.46,0,Champions,0.145,518.81,0.162
16474,20,3,464.44,3.9,250.0,95,56,154.81,0,1346.21,1,Champions,0.187,232.68,0.495
15865,19,2,603.85,19.48,312.0,29,125,301.92,0,291.28,0,Loyal Customers,0.47,27.33,0.175
15358,5,18,6734.86,15.1,5868.0,280,291,374.16,0,1612.34,1,Champions,0.012,1517.9,0.816
13798,3,45,30421.5,112.26,19728.0,97,300,676.03,0,6732.35,1,Champions,0.011,5432.8,0.943
12884,19,1,309.05,44.15,43.0,7,0,309.05,1,0.0,0,Lost,0.749,7.1,0.169
15764,19,6,3279.97,18.22,2050.0,150,188,546.66,1,0.0,0,Loyal Customers,0.253,114.54,0.443
13384,4,5,3131.47,27.0,1701.0,96,105,626.29,0,1020.46,1,Champions,0.29,210.55,0.509
15660,16,7,1256.5,17.7,872.0,48,280,179.5,0,344.36,0,Loyal Customers,0.108,325.02,0.376
16156,16,6,2095.45,22.53,904.0,86,225,349.24,0,996.59,1,Champions,0.122,298.18,0.317
15205,16,2,653.24,17.66,378.0,37,42,326.62,1,0.0,0,Lost,0.498,28.32,0.173
15152,15,7,2712.23,18.45,1413.0,120,103,387.46,0,2033.46,1,Champions,0.134,634.72,0.454
13247,13,1,305.07,21.79,203.0,14,0,305.07,0,196.05,1,At Risk,0.642,13.96,0.212
17490,4,3,1014.5,23.06,436.0,43,103,338.17,0,347.12,1,Champions,0.386,51.83,0.192
17147,11,3,1349.3,20.76,689.0,57,231,449.77,0,365.29,0,Loyal Customers,0.358,31.56,0.28
14191,11,8,2525.29,19.58,1575.0,75,140,315.66,0,2159.47,1,Champions,0.146,333.42,0.833
13627,10,4,1334.18,15.7,1010.0,79,278,333.55,0,304.29,1,Loyal Customers,0.276,85.47,0.466
16989,10,3,928.65,103.18,1109.0,7,71,309.55,0,204.6,1,Champions,0.528,59.96,0.443
12854,9,3,1316.25,12.08,626.0,95,240,438.75,1,0.0,0,Loyal Customers,0.349,74.78,0.217
17027,9,6,877.56,5.93,416.0,110,239,146.26,1,0.0,0,Loyal Customers,0.388,98.0,0.319
12877,9,10,1160.37,13.49,822.0,44,280,116.04,0,375.4,0,Champions,0.192,279.53,0.196
15571,9,1,202.35,12.65,77.0,15,0,202.35,0,448.08,0,At Risk,0.461,22.39,0.077
14077,9,4,366.7,9.17,196.0,33,196,91.68,0,132.72,0,Loyal Customers,0.285,63.83,0.116
16348,9,5,1013.69,5.48,571.0,142,162,202.74,0,401.96,0,Loyal Customers,0.198,245.19,0.29
14854,9,7,2740.03,21.75,1820.0,110,196,391.43,1,0.0,0,Loyal Customers,0.207,345.03,0.242
18144,9,10,2341.75,63.29,1111.0,24,295,234.18,0,547.0,0,Champions,0.092,190.34,0.357
15901,8,2,229.2,3.53,327.0,59,77,114.6,0,122.53,0,At Risk,0.346,43.02,0.165
13097,8,9,5472.08,13.82,2176.0,212,283,608.01,0,531.14,0,Champions,0.008,653.79,0.33
16128,8,3,1412.06,18.83,790.0,71,205,470.69,0,468.16,0,Loyal Customers,0.385,72.02,0.136
18155,6,3,371.62,14.86,266.0,19,216,123.87,1,0.0,0,Lost,0.537,8.16,0.163
17154,6,1,329.34,14.32,490.0,23,0,329.34,1,0.0,0,Lost,0.592,7.7,0.297
13639,5,1,1033.34,25.83,800.0,39,0,1033.34,1,0.0,0,Lost,0.567,11.66,0.227
12987,4,2,558.7,19.95,219.0,27,124,279.35,1,0.0,0,Lost,0.486,23.15,0.174
13178,4,9,5156.73,21.58,3138.0,82,287,572.97,0,568.74,0,Champions,0.018,1433.88,0.296
14883,4,4,571.99,13.62,592.0,35,138,143.0,0,189.6,0,Loyal Customers,0.376,9.02,0.112
17783,3,2,283.47,4.23,354.0,67,175,141.74,1,0.0,0,Lost,0.544,2.11,0.174
16775,3,9,1358.08,11.22,351.0,72,295,150.9,0,333.43,1,Champions,0.136,178.61,0.247
14188,2,5,1717.96,31.24,984.0,31,239,343.59,0,336.4,0,Loyal Customers,0.296,85.82,0.128
13886,2,1,243.56,15.22,126.0,16,0,243.56,1,0.0,0,Lost,0.488,11.57,0.095
13354,2,1,743.53,14.58,604.0,51,0,743.53,1,0.0,0,Lost,0.604,5.51,0.143
15452,2,2,403.08,8.06,220.0,44,193,201.54,0,125.4,0,At Risk,0.303,13.56,0.227
14045,40,4,1659.75,276.63,535.0,4,264,414.94,1,0.0,0,Loyal Customers,0.569,0.8,0.201
16583,304,1,233.45,16.68,111.0,14,0,233.45,1,0.0,0,Lost,0.67,1.98,0.094
13758,132,5,2351.52,24.75,1493.0,87,172,470.3,0,839.03,0,Champions,0.251,93.31,0.297
17346,34,8,1228.78,4.92,923.0,170,270,153.6,0,1394.1,1,Champions,0.125,236.45,0.613
14741,44,4,864.96,24.03,558.0,25,259,216.24,0,535.38,1,Loyal Customers,0.413,37.45,0.496
15574,108,4,675.64,4.45,332.0,131,195,168.91,1,0.0,0,Loyal Customers,0.538,45.45,0.269
17091,29,7,2692.0,18.07,1290.0,108,269,384.57,0,1135.76,0,Champions,0.058,573.28,0.367
17720,44,3,887.6,23.99,418.0,32,254,295.87,0,308.34,0,Loyal Customers,0.376,48.93,0.366
17676,40,4,730.84,17.83,468.0,31,257,182.71,0,640.34,1,Champions,0.35,46.56,0.442
15347,297,1,201.6,40.32,130.0,5,0,201.6,1,0.0,0,Lost,0.725,4.86,0.064
16596,297,1,120.65,20.11,47.0,6,0,120.65,0,129.5,0,At Risk,0.671,4.98,0.047
14987,296,1,163.2,81.6,64.0,2,0,163.2,0,163.2,0,At Risk,0.555,23.9,0.045
15945,296,1,181.0,90.5,52.0,2,0,181.0,1,0.0,0,Lost,0.702,1.45,0.052
17062,244,4,533.33,7.73,418.0,52,56,133.33,1,0.0,0,Lost,0.697,5.82,0.092
13034,300,1,165.86,15.08,116.0,11,0,165.86,0,476.91,1,At Risk,0.514,65.14,0.199
13579,300,1,164.7,18.3,46.0,9,0,164.7,0,302.34,0,At Risk,0.55,35.63,0.056
16255,26,7,2182.79,9.41,1461.0,132,270,311.83,0,437.12,0,Champions,0.077,299.22,0.18
17339,25,2,243.36,27.04,152.0,9,271,121.68,1,0.0,0,Lost,0.649,4.72,0.175
16565,295,1,173.7,57.9,46.0,3,0,173.7,1,0.0,0,Lost,0.738,1.43,0.047
14544,292,1,1101.77,20.4,836.0,53,0,1101.77,0,902.53,0,Loyal Customers,0.45,18.93,0.07
13948,291,1,102.0,34.0,40.0,3,0,102.0,1,0.0,0,Lost,0.754,3.97,0.024
16442,158,2,432.43,4.32,352.0,99,133,216.21,0,176.87,0,At Risk,0.341,63.62,0.194
17041,39,2,750.89,16.32,539.0,45,252,375.44,0,320.6,0,Loyal Customers,0.418,73.81,0.236
14871,109,3,335.3,5.78,109.0,44,182,111.77,0,165.98,0,At Risk,0.433,8.76,0.263
16191,193,8,2615.68,55.65,1612.0,25,98,326.96,0,2564.84,1,Champions,0.389,108.29,0.112
14415,29,9,3766.13,10.1,1798.0,196,262,418.46,0,2089.44,1,Champions,0.04,875.71,0.814
16553,94,12,5719.82,68.09,4600.0,62,197,476.65,1,0.0,0,Loyal Customers,0.599,347.39,0.091
14913,114,3,917.15,14.79,1362.0,57,176,305.72,0,310.28,0,Loyal Customers,0.245,41.13,0.217
17496,289,1,271.05,27.1,79.0,10,0,271.05,1,0.0,0,Lost,0.778,5.6,0.048
14220,178,2,632.4,30.11,272.0,21,111,316.2,1,0.0,0,Lost,0.681,4.16,0.164
17343,286,1,193.64,11.39,56.0,17,0,193.64,1,0.0,0,Lost,0.725,6.61,0.129
16676,144,3,1098.5,17.16,412.0,58,124,366.17,0,493.62,0,Loyal Customers,0.457,60.92,0.186
18179,183,4,1103.16,20.43,729.0,54,84,275.79,0,690.01,1,Champions,0.308,39.69,0.479
16554,153,2,314.11,14.96,129.0,21,109,157.06,0,522.99,1,Loyal Customers,0.626,7.15,0.186
14114,204,2,386.53,25.77,101.0,15,57,193.27,1,0.0,0,Lost,0.701,6.98,0.096
13929,100,2,842.65,93.63,143.0,8,157,421.33,1,0.0,0,Lost,0.661,2.74,0.189
16948,69,3,435.02,22.9,1614.0,15,187,145.01,1,0.0,0,Lost,0.655,6.09,0.219
13310,137,2,817.65,15.72,395.0,50,118,408.83,0,314.38,0,Loyal Customers,0.605,14.59,0.206
15262,254,1,178.95,17.9,73.0,10,0,178.95,1,0.0,0,Lost,0.779,0.74,0.039
17862,254,1,330.9,30.08,100.0,11,0,330.9,1,0.0,0,Lost,0.824,3.08,0.076
15422,254,2,97.7,16.28,38.0,6,0,48.85,1,0.0,0,Lost,0.819,0.23,0.028
14368,250,1,155.0,19.38,36.0,8,0,155.0,1,0.0,0,Lost,0.826,1.41,0.052
13819,232,3,1140.35,31.68,1109.0,26,18,380.12,1,0.0,0,Loyal Customers,0.644,11.91,0.114
16124,248,1,249.0,22.64,48.0,11,0,249.0,1,0.0,0,Lost,0.745,4.22,0.121
18125,132,3,933.9,5.56,691.0,146,115,311.3,0,197.85,0,Loyal Customers,0.27,87.84,0.216
13707,198,2,806.41,16.8,351.0,48,48,403.21,1,0.0,0,Lost,0.698,5.12,0.091
15415,244,1,559.61,11.91,551.0,46,0,559.61,1,0.0,0,Lost,0.709,1.59,0.062
17604,148,2,309.36,4.91,169.0,57,95,154.68,1,0.0,0,Lost,0.636,16.78,0.238
15589,186,3,478.53,16.5,243.0,28,55,159.51,1,0.0,0,Lost,0.735,3.95,0.163
14411,241,1,1063.0,75.93,196.0,14,0,1063.0,1,0.0,0,Lost,0.797,4.33,0.095
17334,233,2,307.02,27.91,315.0,11,6,153.51,1,0.0,0,Lost,0.809,2.22,0.146
13137,23,5,1888.32,4.85,1169.0,231,216,377.66,0,1714.97,0,Champions,0.145,346.27,0.178
15090,239,1,381.32,16.58,208.0,23,0,381.32,1,0.0,0,Lost,0.741,1.41,0.083
15199,25,3,967.75,96.78,305.0,4,214,322.58,0,300.95,1,Loyal Customers,0.341,59.71,0.538
13157,72,3,873.2,20.31,788.0,32,157,291.07,0,868.02,1,Loyal Customers,0.393,120.12,0.476
14346,51,2,1021.58,17.03,605.0,55,177,510.79,1,0.0,0,Loyal Customers,0.584,20.14,0.23
15303,221,1,574.02,18.52,248.0,31,0,574.02,1,0.0,0,Lost,0.77,1.27,0.109
15121,219,1,295.15,16.4,125.0,18,0,295.15,0,162.57,1,At Risk,0.697,2.29,0.16
13751,219,1,296.25,32.92,152.0,9,0,296.25,1,0.0,0,Lost,0.753,2.26,0.146
13870,32,5,2179.47,24.77,1058.0,82,186,435.89,0,591.47,0,Champions,0.218,200.62,0.256
12834,213,1,312.38,17.35,110.0,18,0,312.38,1,0.0,0,Lost,0.788,2.91,0.073
12873,213,1,374.0,93.5,128.0,4,0,374.0,1,0.0,0,Lost,0.772,1.52,0.073
16414,211,1,50.8,16.93,16.0,3,0,50.8,0,75.45,0,At Risk,0.716,2.32,0.121
14903,55,4,2398.62,8.27,1330.0,195,154,599.66,0,396.71,0,Loyal Customers,0.222,158.79,0.232
15572,40,4,1552.79,11.85,687.0,109,169,388.2,0,980.63,0,Champions,0.239,104.02,0.251
13344,208,1,1656.15,24.36,599.0,68,0,1656.15,0,855.54,1,Loyal Customers,0.487,78.73,0.584
15071,24,2,982.07,37.77,269.0,25,182,491.03,1,0.0,0,Loyal Customers,0.587,20.31,0.269
14291,51,7,2355.54,16.95,1478.0,96,155,336.51,0,1527.71,1,Champions,0.108,481.19,0.498
13934,194,1,922.1,29.75,390.0,31,0,922.1,1,0.0,0,Lost,0.728,6.89,0.096
15449,116,2,647.7,16.19,516.0,30,76,323.85,0,326.82,0,Loyal Customers,0.539,3.04,0.119
13803,186,1,277.07,16.3,121.0,17,0,277.07,1,0.0,0,Lost,0.672,2.17,0.184
13059,180,1,183.4,22.93,35.0,8,0,183.4,1,0.0,0,Lost,0.801,1.26,0.119
17886,141,2,377.71,8.39,218.0,44,39,188.85,0,491.57,0,Loyal Customers,0.515,26.61,0.229
13752,55,6,1175.38,15.67,874.0,64,122,195.9,1,0.0,0,Loyal Customers,0.319,207.33,0.501
15800,38,2,696.89,5.96,332.0,116,139,348.44,1,0.0,0,Lost,0.585,40.92,0.234
16325,86,2,416.02,32.0,120.0,11,90,208.01,0,178.22,1,Loyal Customers,0.568,12.71,0.361
18036,36,2,253.69,4.3,153.0,54,140,126.84,0,149.43,0,At Risk,0.475,23.69,0.266
17278,172,1,246.04,16.4,179.0,15,0,246.04,1,0.0,0,Lost,0.677,3.16,0.137
13772,27,2,682.97,6.5,308.0,96,143,341.49,0,439.66,0,Loyal Customers,0.455,48.96,0.186
14323,45,2,605.06,16.81,350.0,32,124,302.53,1,0.0,0,Lost,0.555,17.99,0.169
17029,41,2,716.0,358.0,400.0,1,126,358.0,1,0.0,0,Lost,0.734,2.38,0.067
15985,54,2,1142.42,30.88,1086.0,29,113,571.21,1,0.0,0,Loyal Customers,0.662,6.75,0.244
15436,165,1,484.1,3.87,246.0,124,0,484.1,0,583.65,1,At Risk,0.519,77.29,0.227
16834,158,1,413.46,17.23,358.0,24,0,413.46,1,0.0,0,Lost,0.74,0.56,0.13
14240,156,1,226.85,22.69,79.0,10,0,226.85,0,663.49,0,At Risk,0.766,3.29,0.105
15952,90,2,309.2,11.89,140.0,25,66,154.6,0,472.71,1,Loyal Customers,0.507,8.53,0.382
14022,156,1,440.0,15.71,487.0,28,0,440.0,1,0.0,0,Lost,0.743,1.49,0.134
16230,120,2,542.03,15.49,365.0,32,31,271.02,1,0.0,0,Lost,0.622,14.83,0.223
15128,57,3,1170.24,14.45,1007.0,66,93,390.08,0,300.76,1,Loyal Customers,0.322,72.85,0.355
17429,59,3,524.92,13.46,624.0,36,90,174.97,1,0.0,0,Lost,0.453,27.69,0.285
16644,108,2,833.78,13.45,826.0,62,35,416.89,1,0.0,0,Lost,0.383,9.72,0.322
15489,142,1,348.26,15.14,220.0,23,0,348.26,0,786.02,1,Loyal Customers,0.628,6.7,0.189
16006,142,1,101.4,12.68,84.0,8,0,101.4,1,0.0,0,Lost,0.804,3.05,0.038
14342,68,2,419.74,38.16,176.0,11,73,209.87,0,248.82,0,Loyal Customers,0.5,13.15,0.214
14689,139,1,112.8,8.68,76.0,13,0,112.8,1,0.0,0,Lost,0.749,5.43,0.124
14009,129,2,695.61,16.56,365.0,42,7,347.8,1,0.0,0,Lost,0.67,12.81,0.206
17715,131,1,326.4,326.4,384.0,1,0,326.4,1,0.0,0,Lost,0.843,-0.03,0.032
14280,127,1,134.04,16.76,52.0,8,0,134.04,1,0.0,0,Lost,0.74,2.89,0.107
17051,125,1,240.89,5.74,179.0,40,0,240.89,1,0.0,0,Lost,0.62,13.23,0.194
16484,104,2,404.3,16.17,200.0,25,17,202.15,1,0.0,0,Lost,0.624,8.07,0.235
13248,55,2,465.68,17.91,305.0,25,65,232.84,1,0.0,0,Lost,0.438,36.23,0.288
13283,116,1,25.5,12.75,30.0,2,0,25.5,0,68.16,1,Lost,0.58,5.71,0.115
14622,115,1,320.58,15.27,146.0,21,0,320.58,1,0.0,0,Lost,0.71,4.03,0.128
16018,111,1,161.9,10.79,44.0,15,0,161.9,0,247.0,0,At Risk,0.594,18.55,0.206
16774,47,3,542.2,16.94,226.0,20,62,180.73,0,119.32,1,Loyal Customers,0.348,70.59,0.342
15280,103,1,113.12,7.07,154.0,16,0,113.12,1,0.0,0,Lost,0.65,5.02,0.176
14795,97,1,131.45,21.91,17.0,6,0,131.45,1,0.0,0,Lost,0.73,2.2,0.106
17123,92,1,345.3,38.37,246.0,9,0,345.3,1,0.0,0,Lost,0.819,3.65,0.126
16338,88,1,214.8,19.53,94.0,11,0,214.8,1,0.0,0,Lost,0.707,8.19,0.15
12977,87,1,39.24,4.36,12.0,9,0,39.24,1,0.0,0,Lost,0.67,3.58,0.153
17892,86,1,142.1,5.47,69.0,26,0,142.1,0,102.0,1,At Risk,0.689,10.4,0.398
13207,81,1,197.52,39.5,72.0,5,0,197.52,0,52.74,0,At Risk,0.651,10.06,0.157
14862,79,1,304.1,14.48,430.0,21,0,304.1,0,537.1,0,At Risk,0.588,7.27,0.237
13933,40,2,608.79,26.47,205.0,23,39,304.39,1,0.0,0,Lost,0.527,13.46,0.252
17948,78,1,358.56,358.56,144.0,1,0,358.56,1,0.0,0,Lost,0.866,0.2,0.067
15004,78,1,1220.77,7.93,623.0,154,0,1220.77,1,0.0,0,Lost,0.582,38.04,0.307
17866,73,1,329.65,36.63,174.0,9,0,329.65,1,0.0,0,Lost,0.742,5.05,0.138
13116,69,1,501.14,16.7,291.0,30,0,501.14,1,0.0,0,Lost,0.641,3.95,0.252
16557,68,1,101.15,16.86,13.0,6,0,101.15,0,180.7,0,At Risk,0.631,54.4,0.061
15261,66,1,254.82,13.41,270.0,19,0,254.82,1,0.0,0,Lost,0.636,10.08,0.231
13925,23,4,678.25,16.54,331.0,28,42,169.56,1,0.0,0,Loyal Customers,0.491,28.49,0.291
13277,47,2,125.9,31.48,86.0,4,17,62.95,0,132.5,0,At Risk,0.519,4.43,0.071
13106,64,1,76.5,76.5,18.0,1,0,76.5,1,0.0,0,Lost,0.792,1.37,0.072
18282,57,1,100.21,14.32,75.0,7,0,100.21,0,77.84,0,At Risk,0.636,10.42,0.056
14116,23,2,628.87,19.06,380.0,29,29,314.43,0,753.87,1,Loyal Customers,0.472,34.89,0.324
16961,47,1,234.17,16.73,125.0,14,0,234.17,1,0.0,0,Lost,0.61,8.01,0.168
13470,30,2,165.0,16.5,100.0,7,16,82.5,1,0.0,0,Lost,0.682,1.83,0.058
15541,45,1,85.13,2.94,49.0,29,0,85.13,1,0.0,0,Lost,0.74,1.39,0.074
12991,43,1,303.56,13.8,361.0,22,0,303.56,0,200.2,0,At Risk,0.501,14.23,0.154
15313,41,1,52.0,52.0,25.0,1,0,52.0,1,0.0,0,Lost,0.785,2.69,0.092
16340,38,1,534.31,3.79,486.0,124,0,534.31,1,0.0,0,Lost,0.654,4.0,0.257
14050,37,1,485.98,13.13,447.0,37,0,485.98,0,260.38,0,At Risk,0.478,14.02,0.255
16429,37,1,284.55,142.28,9.0,2,0,284.55,1,0.0,0,Lost,0.799,1.28,0.162
14965,27,2,596.09,7.36,363.0,80,0,298.04,1,0.0,0,Lost,0.631,42.51,0.308
14452,24,1,127.37,4.25,46.0,29,0,127.37,0,131.68,0,At Risk,0.683,25.89,0.241
16558,9,15,5101.31,16.09,3559.0,183,288,340.09,0,2638.21,1,Champions,0.002,1111.14,0.768
16173,9,3,744.25,17.31,274.0,42,20,248.08,0,674.07,1,Loyal Customers,0.417,84.89,0.313
14388,22,6,2277.77,17.13,1389.0,93,281,379.63,0,935.07,0,Champions,0.072,362.2,0.367
17426,22,4,4280.59,18.94,2541.0,153,191,1070.15,0,756.67,0,Champions,0.171,143.78,0.299
13372,20,1,378.64,16.46,159.0,23,0,378.64,1,0.0,0,Lost,0.527,13.01,0.245
15201,18,5,1236.54,17.92,1210.0,35,160,247.31,1,0.0,0,Loyal Customers,0.456,176.48,0.484
13078,13,17,8412.65,30.48,3118.0,89,284,494.86,0,4215.29,1,Champions,0.011,1907.34,0.821
13877,17,1,117.24,39.08,108.0,3,0,117.24,1,0.0,0,Lost,0.726,3.99,0.149
17333,16,1,494.25,17.65,375.0,28,0,494.25,1,0.0,0,Lost,0.454,16.59,0.251
13104,16,4,579.0,44.54,324.0,12,269,144.75,0,519.48,1,Champions,0.391,14.56,0.372
14825,20,8,1493.67,16.78,612.0,70,279,186.71,0,727.34,1,Champions,0.074,245.05,0.607
13611,20,3,1154.4,16.03,754.0,67,270,384.8,1,0.0,0,Loyal Customers,0.499,26.41,0.203
14110,17,7,4165.61,33.06,1867.0,86,180,595.09,0,1517.54,1,Champions,0.154,715.98,0.509
16984,19,2,4459.52,11.15,2380.0,354,42,2229.76,1,0.0,0,Loyal Customers,0.602,15.62,0.161
13831,18,5,1791.05,26.73,619.0,57,282,358.21,0,407.4,0,Loyal Customers,0.142,291.17,0.301
17779,18,2,481.26,7.4,349.0,62,56,240.63,0,169.06,0,At Risk,0.262,67.01,0.349
13767,11,33,13303.37,40.56,5469.0,55,293,403.13,0,3916.99,1,Champions,0.012,3157.48,0.891
16409,18,4,1414.13,7.94,847.0,112,230,353.53,0,608.85,0,Loyal Customers,0.219,154.01,0.303
17562,18,5,852.88,17.77,675.0,42,86,170.58,0,269.5,1,Loyal Customers,0.25,284.51,0.46
12995,16,1,211.32,70.44,108.0,3,0,211.32,1,0.0,0,Lost,0.784,6.78,0.199
17573,16,2,182.21,15.18,183.0,12,8,91.11,0,198.39,0,At Risk,0.551,27.58,0.061
16573,15,2,663.61,15.8,360.0,40,206,331.8,1,0.0,0,Lost,0.524,26.39,0.211
15505,15,4,2730.38,40.15,1598.0,64,71,682.6,0,880.58,1,Loyal Customers,0.334,45.15,0.603
17049,15,6,3241.84,18.85,1366.0,127,191,540.31,0,2413.19,1,Champions,0.261,185.15,0.395
14056,15,18,5588.03,7.29,2984.0,274,200,310.45,0,2564.68,1,Champions,0.055,1302.02,0.865
14462,15,10,1678.7,7.84,763.0,141,255,167.87,0,301.87,1,Loyal Customers,0.052,380.48,0.812
16370,13,4,1301.91,5.89,640.0,143,143,325.48,1,0.0,0,Loyal Customers,0.32,86.19,0.282
14159,12,8,3119.73,3.92,2780.0,410,281,389.97,0,1510.62,1,Champions,0.023,1118.17,0.785
14684,12,3,622.77,3.02,354.0,162,281,207.59,0,578.74,0,Loyal Customers,0.301,68.03,0.097
12901,12,20,13159.27,144.61,14208.0,29,189,657.96,0,4495.27,1,Champions,0.109,1817.31,0.883
15675,12,3,323.69,15.41,527.0,20,199,107.9,1,0.0,0,Lost,0.637,7.0,0.213
13228,12,1,358.0,179.0,200.0,2,0,358.0,1,0.0,0,Lost,0.756,1.66,0.15
14290,12,2,1071.1,26.78,298.0,40,280,535.55,0,1243.55,1,Champions,0.382,194.25,0.535
13089,6,77,45585.41,31.07,25053.0,557,294,592.02,0,13176.67,1,Champions,0.007,8318.22,0.925
17686,11,6,5110.09,20.28,2183.0,190,222,851.68,0,629.37,0,Champions,0.076,800.5,0.317
14298,3,41,44237.46,31.83,51277.0,759,288,1078.96,0,7289.84,1,Champions,0.007,6465.13,0.94
17873,11,5,1848.96,43.0,1035.0,24,293,369.79,1,0.0,0,Loyal Customers,0.529,22.33,0.376
17164,10,4,2016.26,16.66,1244.0,82,194,504.07,0,451.09,0,Loyal Customers,0.273,55.28,0.29
13316,10,3,4218.76,61.14,4764.0,56,175,1406.25,0,1514.17,0,Loyal Customers,0.315,104.36,0.116
15114,2,9,2252.28,13.9,2532.0,112,230,250.25,0,508.28,0,Champions,0.076,389.79,0.35
16213,9,1,159.0,26.5,48.0,6,0,159.0,1,0.0,0,Lost,0.76,4.55,0.059
12906,9,2,1936.59,41.2,1163.0,47,0,968.29,0,983.22,0,Champions,0.365,54.31,0.235
13394,9,6,1846.19,15.65,1755.0,94,231,307.7,0,673.83,1,Champions,0.109,213.87,0.421
15858,8,3,970.12,7.52,902.0,105,290,323.37,0,457.45,1,Loyal Customers,0.256,104.73,0.677
13994,8,3,780.63,18.59,312.0,36,71,260.21,0,1493.51,1,Champions,0.343,125.24,0.327
16240,8,1,1824.79,24.33,935.0,75,0,1824.79,0,1894.01,0,Loyal Customers,0.326,87.64,0.191
15799,6,3,884.14,9.02,955.0,94,259,294.71,1,0.0,0,Loyal Customers,0.376,60.7,0.286
13991,6,2,337.2,9.11,346.0,35,68,168.6,0,515.68,1,Loyal Customers,0.293,60.72,0.315
16168,5,19,2795.14,35.38,1478.0,47,295,147.11,0,992.46,1,Champions,0.031,340.75,0.766
17674,5,2,551.04,20.41,672.0,19,294,275.52,1,0.0,0,Lost,0.619,9.85,0.195
16468,5,1,74.9,37.45,31.0,2,0,74.9,1,0.0,0,Lost,0.775,1.64,0.119
14419,4,3,540.79,5.46,281.0,73,291,180.26,0,511.0,1,Loyal Customers,0.352,49.79,0.521
17609,4,3,744.6,5.07,353.0,132,254,248.2,0,361.18,0,Loyal Customers,0.35,87.49,0.169
14978,3,5,1921.37,8.98,523.0,136,258,384.27,1,0.0,0,Loyal Customers,0.445,27.91,0.22
15036,3,3,429.56,3.61,316.0,107,107,143.19,1,0.0,0,Loyal Customers,0.334,7.49,0.199
14947,3,2,290.82,20.77,179.0,14,58,145.41,1,0.0,0,Lost,0.542,6.81,0.079
12957,2,6,2640.72,16.5,1713.0,146,268,440.12,0,1376.82,0,Champions,0.191,295.65,0.132
17930,2,3,990.6,39.62,806.0,20,168,330.2,0,749.88,1,Loyal Customers,0.463,48.28,0.525
14680,2,15,27586.51,109.91,13007.0,72,300,1839.1,0,1167.6,0,Champions,0.011,3846.36,0.312
14239,2,10,2219.39,21.14,903.0,79,245,221.94,0,161.46,1,Champions,0.072,221.87,0.613
14688,23,16,4186.45,16.42,2953.0,112,281,261.65,0,1392.65,1,Champions,0.008,1018.47,0.933
13255,304,1,225.7,37.62,110.0,6,0,225.7,0,173.81,0,At Risk,0.655,7.53,0.077
17897,103,3,541.81,5.02,222.0,100,201,180.6,1,0.0,0,Lost,0.473,35.01,0.261
16456,30,5,2158.18,19.62,1147.0,80,274,431.64,1,0.0,0,Loyal Customers,0.32,200.56,0.319
17760,304,1,172.54,19.17,165.0,9,0,172.54,0,115.05,0,At Risk,0.569,0.83,0.206
13715,212,5,1077.39,10.36,562.0,89,91,215.48,1,0.0,0,Loyal Customers,0.615,2.22,0.151
12855,303,1,38.1,12.7,30.0,3,0,38.1,1,0.0,0,Lost,0.815,1.17,0.053
15107,242,6,319.5,19.97,169.0,12,61,53.25,1,0.0,0,Lost,0.859,-0.18,0.059
13491,78,9,1088.45,13.95,812.0,66,225,120.94,0,127.37,1,Loyal Customers,0.18,132.78,0.607
17419,74,8,2660.0,20.31,1213.0,107,224,332.5,0,1566.57,1,Champions,0.109,888.43,0.663
18077,34,7,1622.34,10.82,1272.0,82,263,231.76,0,962.07,1,Champions,0.092,304.15,0.715
15032,187,3,4959.1,95.37,2968.0,29,110,1653.03,1,0.0,0,Loyal Customers,0.79,7.59,0.374
13113,44,20,10787.06,61.29,2616.0,93,253,539.35,0,1119.7,1,Champions,0.036,1824.47,0.891
17262,158,4,955.36,95.54,327.0,7,139,238.84,0,298.0,1,Loyal Customers,0.378,37.62,0.359
15298,23,7,3358.22,27.08,2120.0,87,274,479.75,0,1441.68,0,Champions,0.07,585.47,0.476
17655,47,5,1903.33,30.21,833.0,54,250,380.67,0,735.61,0,Champions,0.146,191.71,0.302
17526,221,3,872.8,87.28,140.0,9,75,290.93,0,323.1,0,At Risk,0.586,34.49,0.226
16065,296,1,367.14,5.03,228.0,71,0,367.14,1,0.0,0,Lost,0.765,7.25,0.027
14723,289,3,455.65,5.42,199.0,68,13,151.88,0,666.71,0,Loyal Customers,0.448,12.37,0.047
14810,34,10,1866.78,8.19,912.0,97,266,186.68,0,218.55,0,Champions,0.067,314.84,0.335
18156,300,1,186.88,3.74,68.0,50,0,186.88,0,488.76,0,At Risk,0.58,10.57,0.115
17211,111,6,1464.89,10.39,793.0,106,189,244.15,0,852.33,1,Loyal Customers,0.225,166.97,0.521
16402,195,2,293.45,5.15,146.0,55,105,146.72,1,0.0,0,Lost,0.617,7.08,0.082
16638,30,9,1550.94,17.83,1199.0,85,269,172.33,0,129.78,0,Champions,0.061,503.69,0.489
14708,85,2,701.18,50.08,410.0,12,214,350.59,0,425.19,0,At Risk,0.426,52.61,0.134
18037,85,6,70.02,3.69,20.0,19,208,11.67,1,0.0,0,Lost,0.664,3.82,0.13
14639,51,4,1989.23,17.3,789.0,93,241,497.31,0,995.26,1,Loyal Customers,0.296,52.21,0.377
16202,291,1,365.27,20.29,191.0,18,0,365.27,1,0.0,0,Lost,0.771,7.92,0.055
16083,31,2,1317.62,42.5,908.0,31,260,658.81,1,0.0,0,Loyal Customers,0.52,5.82,0.286
16954,55,4,1245.38,31.13,744.0,34,235,311.35,0,668.1,1,Champions,0.388,38.59,0.445
17580,183,3,215.72,4.79,88.0,43,106,71.91,1,0.0,0,Lost,0.732,2.96,0.063
14092,30,10,2745.42,17.49,1495.0,96,259,274.54,0,1331.49,1,Champions,0.027,509.09,0.61
18260,103,6,2628.35,19.76,1475.0,86,186,438.06,1,0.0,0,Loyal Customers,0.41,77.04,0.34
15780,114,3,475.28,16.39,220.0,26,174,158.43,1,0.0,0,Lost,0.598,4.39,0.208
13033,288,1,190.55,17.32,83.0,11,0,190.55,1,0.0,0,Lost,0.746,7.75,0.055
16153,46,4,1023.54,18.28,530.0,50,239,255.89,0,800.69,1,Loyal Customers,0.299,49.66,0.422
17621,243,2,901.78,60.12,310.0,15,42,450.89,0,478.12,0,Loyal Customers,0.515,11.57,0.092
15034,163,5,2640.38,14.43,1326.0,158,121,528.08,0,1633.78,1,Champions,0.262,197.66,0.474
16996,52,5,1041.78,40.07,390.0,11,232,208.36,0,415.18,0,Loyal Customers,0.291,57.45,0.378
13304,282,1,300.42,14.31,238.0,21,0,300.42,1,0.0,0,Lost,0.764,3.64,0.092
17457,57,5,1737.7,91.46,826.0,14,213,347.54,1,0.0,0,Loyal Customers,0.54,33.25,0.332
13253,87,2,1030.4,28.62,1572.0,35,183,515.2,1,0.0,0,Lost,0.601,2.78,0.211
14828,127,3,2139.76,125.87,2172.0,17,140,713.25,1,0.0,0,Loyal Customers,0.643,7.78,0.415
15611,34,8,947.14,39.46,257.0,17,231,118.39,0,644.31,1,Champions,0.238,65.26,0.641
13473,263,1,241.26,20.11,198.0,12,0,241.26,0,181.38,1,At Risk,0.666,4.5,0.151
15518,55,7,1603.86,8.62,1117.0,125,208,229.12,0,317.69,1,Loyal Customers,0.169,178.41,0.676
17569,263,1,344.14,11.87,159.0,29,0,344.14,1,0.0,0,Lost,0.73,2.37,0.063
13784,25,9,2124.15,78.67,2265.0,9,238,236.02,0,338.64,1,Champions,0.082,86.39,0.809
16315,261,1,226.37,16.17,75.0,14,0,226.37,1,0.0,0,Lost,0.727,3.15,0.079
14329,39,4,3485.03,18.06,2184.0,169,221,871.26,0,1490.21,1,Champions,0.198,134.9,0.479
15831,55,2,451.11,19.61,687.0,22,200,225.56,0,343.53,1,Loyal Customers,0.466,26.51,0.401
16912,65,7,1538.58,24.82,585.0,50,189,219.8,0,1017.0,1,Champions,0.136,337.37,0.464
17714,251,1,153.0,15.3,92.0,10,0,153.0,1,0.0,0,Lost,0.813,0.99,0.052
14534,26,14,3031.39,7.79,1482.0,264,223,216.53,0,1365.91,1,Champions,0.044,661.73,0.808
16222,249,1,773.55,6.34,325.0,120,0,773.55,1,0.0,0,Lost,0.719,14.19,0.134
13754,82,2,282.6,23.55,214.0,11,166,141.3,1,0.0,0,Lost,0.692,5.81,0.174
16918,26,3,822.7,8.75,562.0,78,222,274.23,0,246.12,1,Loyal Customers,0.254,73.77,0.397
14133,60,3,605.64,21.63,348.0,25,186,201.88,1,0.0,0,Loyal Customers,0.499,17.8,0.285
12836,68,3,2112.53,16.9,858.0,110,174,704.18,0,497.83,1,Loyal Customers,0.277,157.73,0.262
13606,174,2,246.63,6.67,240.0,37,68,123.32,0,30.12,0,At Risk,0.536,7.98,0.127
18202,130,3,1396.99,20.54,581.0,55,112,465.66,1,0.0,0,Loyal Customers,0.548,23.2,0.246
17376,242,1,105.85,8.14,35.0,13,0,105.85,0,97.35,1,Lost,0.702,3.44,0.448
14127,53,3,709.71,16.13,321.0,39,188,236.57,1,0.0,0,Loyal Customers,0.398,40.12,0.296
16405,233,2,167.25,33.45,187.0,3,8,83.63,1,0.0,0,Lost,0.697,0.39,0.06
14044,34,3,535.71,2.94,247.0,144,206,178.57,0,110.71,0,Loyal Customers,0.307,57.47,0.094
13911,75,8,2437.63,16.93,2189.0,120,164,304.7,0,143.28,1,Loyal Customers,0.1,300.39,0.812
15753,235,1,79.2,79.2,144.0,1,0,79.2,1,0.0,0,Lost,0.812,0.39,0.043
17255,230,1,108.26,2.93,73.0,36,0,108.26,0,183.22,0,At Risk,0.514,5.76,0.068
14760,228,1,89.2,17.84,40.0,5,0,89.2,1,0.0,0,Lost,0.811,1.49,0.065
14959,40,3,537.32,10.54,400.0,33,187,179.11,0,158.1,1,Loyal Customers,0.312,38.56,0.377
13718,177,2,306.55,25.55,173.0,9,49,153.28,1,0.0,0,Lost,0.798,1.19,0.115
12852,225,1,311.55,18.33,149.0,17,0,311.55,1,0.0,0,Lost,0.776,3.03,0.126
12891,116,3,331.0,110.33,950.0,2,107,110.33,1,0.0,0,Lost,0.621,1.61,0.099
16466,34,5,999.63,11.11,529.0,68,189,199.93,0,596.33,1,Loyal Customers,0.195,141.26,0.602
14803,93,3,845.55,19.22,370.0,35,130,281.85,1,0.0,0,Loyal Customers,0.39,48.92,0.292
15129,37,10,2796.73,37.79,1621.0,48,185,279.67,0,650.67,1,Champions,0.121,271.42,0.721
13044,222,1,560.47,16.98,429.0,33,0,560.47,1,0.0,0,Lost,0.788,1.36,0.109
13345,218,1,389.5,19.48,141.0,20,0,389.5,1,0.0,0,Lost,0.777,2.38,0.133
15416,86,3,3144.33,20.82,1698.0,135,127,1048.11,0,839.99,1,Loyal Customers,0.36,87.81,0.577
16678,29,8,2137.3,18.75,1638.0,76,184,267.16,0,972.69,0,Champions,0.07,347.84,0.671
15104,127,2,993.54,14.83,635.0,66,86,496.77,1,0.0,0,Lost,0.554,9.05,0.238
17856,164,3,1142.63,126.96,577.0,6,48,380.88,0,275.4,0,Champions,0.445,15.96,0.123
15234,207,1,197.0,14.07,196.0,14,0,197.0,1,0.0,0,Lost,0.705,4.01,0.1
14407,38,6,2157.73,29.56,1415.0,67,169,359.62,1,0.0,0,Loyal Customers,0.144,163.35,0.311
15632,52,6,2351.84,20.63,1304.0,76,153,391.97,0,933.47,1,Champions,0.183,347.89,0.431
16625,205,1,333.08,14.48,164.0,23,0,333.08,1,0.0,0,Lost,0.758,2.67,0.073
13956,69,3,676.07,6.26,381.0,95,133,225.36,0,343.2,1,Champions,0.289,49.12,0.429
15125,44,12,10795.48,89.96,5909.0,97,157,899.62,0,733.0,1,Champions,0.15,509.17,0.876
14226,141,2,1692.0,41.27,1075.0,40,59,846.0,0,522.79,1,Loyal Customers,0.57,35.84,0.408
12994,51,2,645.47,15.74,303.0,38,148,322.74,0,328.95,0,At Risk,0.523,23.94,0.146
13216,198,1,333.74,66.75,297.0,5,0,333.74,1,0.0,0,Lost,0.849,1.42,0.074
13533,113,3,269.09,3.59,202.0,61,85,89.7,1,0.0,0,Lost,0.73,0.79,0.066
16256,197,1,752.43,57.88,581.0,13,0,752.43,1,0.0,0,Lost,0.751,6.56,0.095
12948,36,4,1423.96,16.75,799.0,64,159,355.99,0,640.99,1,Champions,0.298,143.41,0.368
15703,195,1,211.5,42.3,66.0,5,0,211.5,1,0.0,0,Lost,0.773,3.22,0.086
18224,194,1,158.95,15.9,69.0,10,0,158.95,1,0.0,0,Lost,0.832,1.68,0.072
14461,79,3,2103.06,11.68,766.0,173,113,701.02,1,0.0,0,Loyal Customers,0.404,83.94,0.256
16859,75,2,747.81,14.38,827.0,50,117,373.91,1,0.0,0,Lost,0.457,31.99,0.358
16308,38,3,1600.0,533.33,5000.0,1,154,533.33,0,960.0,0,Loyal Customers,0.729,88.72,0.042
14476,188,1,193.0,11.35,110.0,17,0,193.0,1,0.0,0,Lost,0.69,3.59,0.1
15068,187,1,239.96,6.15,130.0,39,0,239.96,0,313.4,1,At Risk,0.614,11.93,0.25
12888,145,2,354.12,70.82,76.0,4,41,177.06,1,0.0,0,Lost,0.774,5.87,0.136
16657,79,2,414.79,3.35,597.0,111,106,207.4,0,459.64,0,At Risk,0.332,70.29,0.177
16398,85,2,1705.8,20.8,758.0,75,99,852.9,1,0.0,0,Loyal Customers,0.468,41.78,0.249
16386,184,1,61.1,15.28,26.0,4,0,61.1,0,241.47,0,At Risk,0.737,7.04,0.203
17956,180,1,12.75,12.75,1.0,1,0,12.75,1,0.0,0,Lost,0.816,0.96,0.317
13015,128,4,1763.04,20.03,705.0,80,52,440.76,0,1576.6,1,Loyal Customers,0.32,49.88,0.517
15145,158,2,724.03,17.66,438.0,35,21,362.02,0,470.7,1,At Risk,0.523,27.64,0.157
17440,87,3,186.42,37.28,246.0,3,91,62.14,1,0.0,0,Lost,0.774,2.18,0.064
17268,38,4,763.64,127.27,844.0,3,138,190.91,1,0.0,0,Loyal Customers,0.663,21.85,0.365
18080,173,1,841.5,841.5,330.0,1,0,841.5,0,390.0,0,At Risk,0.63,15.98,0.061
14206,170,1,328.16,16.41,276.0,20,0,328.16,1,0.0,0,Lost,0.805,1.65,0.084
14482,30,2,465.95,22.19,234.0,20,140,232.98,0,1556.86,1,Loyal Customers,0.425,29.67,0.291
15027,99,3,966.97,31.19,523.0,27,70,322.32,0,99.18,0,Loyal Customers,0.438,25.62,0.16
17718,163,1,139.35,23.23,83.0,6,0,139.35,1,0.0,0,Lost,0.85,1.34,0.097
13223,131,2,163.2,32.64,88.0,5,32,81.6,1,0.0,0,Lost,0.715,0.56,0.058
16146,88,3,734.13,25.31,427.0,26,75,244.71,1,0.0,0,Loyal Customers,0.485,30.71,0.279
17109,163,2,464.59,8.77,248.0,52,0,232.29,0,416.7,1,Loyal Customers,0.581,10.91,0.165
18227,148,1,93.75,18.75,21.0,5,0,93.75,1,0.0,0,Lost,0.805,2.63,0.056
12821,145,1,92.72,15.45,70.0,6,0,92.72,1,0.0,0,Lost,0.835,2.25,0.05
15791,135,1,1223.24,22.65,558.0,54,0,1223.24,0,389.45,1,Loyal Customers,0.439,61.24,0.394
12976,142,1,738.6,33.57,561.0,22,0,738.6,1,0.0,0,Lost,0.592,11.69,0.225
14988,142,1,334.54,8.36,141.0,40,0,334.54,1,0.0,0,Lost,0.7,11.47,0.183
17658,142,1,317.6,35.29,216.0,9,0,317.6,0,277.82,0,At Risk,0.707,10.32,0.112
13601,142,1,373.2,8.89,275.0,41,0,373.2,0,320.12,1,At Risk,0.649,12.34,0.22
13976,137,1,357.98,35.8,154.0,10,0,357.98,1,0.0,0,Lost,0.801,4.59,0.13
13192,26,2,911.94,14.48,595.0,57,110,455.97,1,0.0,0,Loyal Customers,0.444,12.94,0.254
14921,132,1,903.01,17.04,631.0,53,0,903.01,0,413.06,0,Loyal Customers,0.515,43.16,0.23
15705,132,1,143.1,23.85,62.0,6,0,143.1,1,0.0,0,Lost,0.762,5.42,0.116
15042,130,1,135.93,27.19,30.0,5,0,135.93,1,0.0,0,Lost,0.75,4.38,0.106
15863,123,1,9.2,4.6,2.0,2,0,9.2,0,59.64,0,At Risk,0.552,11.74,0.118
16810,123,1,309.54,20.64,114.0,15,0,309.54,1,0.0,0,Lost,0.727,5.09,0.175
13917,122,1,65.38,13.08,38.0,5,0,65.38,0,206.66,1,At Risk,0.697,4.27,0.392
14963,114,1,294.2,7.74,167.0,37,0,294.2,0,1178.14,1,Loyal Customers,0.584,27.15,0.264
17234,113,1,149.89,10.71,55.0,14,0,149.89,1,0.0,0,Lost,0.701,5.51,0.147
16205,110,1,112.35,4.16,64.0,27,0,112.35,0,645.28,1,Loyal Customers,0.604,6.09,0.226
13575,64,2,218.75,16.83,113.0,13,43,109.37,0,513.32,1,Loyal Customers,0.45,21.41,0.266
15219,107,1,305.75,33.97,45.0,9,0,305.75,1,0.0,0,Lost,0.8,5.2,0.14
17709,100,1,137.45,19.64,17.0,7,0,137.45,1,0.0,0,Lost,0.704,2.06,0.106
13895,74,2,937.3,20.83,436.0,39,21,468.65,0,1655.77,1,Loyal Customers,0.414,16.05,0.286
13730,66,2,752.6,17.5,488.0,38,26,376.3,1,0.0,0,Lost,0.526,31.4,0.265
15467,76,2,402.56,10.32,235.0,36,7,201.28,0,122.32,0,At Risk,0.44,25.36,0.288
17554,53,2,1249.89,19.84,1409.0,51,26,624.94,0,702.56,1,Champions,0.447,41.67,0.27
14332,78,1,119.04,59.52,48.0,2,0,119.04,0,721.17,1,Loyal Customers,0.558,8.11,0.151
16178,69,1,197.9,24.74,94.0,8,0,197.9,1,0.0,0,Lost,0.689,11.13,0.154
14143,64,1,115.8,16.54,30.0,7,0,115.8,1,0.0,0,Lost,0.652,3.21,0.116
15374,59,1,168.0,56.0,126.0,3,0,168.0,1,0.0,0,Lost,0.72,2.35,0.144
15683,48,1,193.75,19.38,131.0,10,0,193.75,1,0.0,0,Lost,0.676,7.84,0.141
12968,43,1,135.95,27.19,73.0,5,0,135.95,1,0.0,0,Lost,0.671,8.17,0.132
16093,37,1,17.0,17.0,20.0,1,0,17.0,1,0.0,0,Lost,0.772,3.12,0.088
14055,37,1,725.64,72.56,216.0,10,0,725.64,1,0.0,0,Lost,0.701,5.95,0.174
14436,29,1,89.06,9.9,129.0,9,0,89.06,1,0.0,0,Lost,0.769,1.6,0.06
18027,29,1,115.31,5.49,78.0,21,0,115.31,1,0.0,0,Lost,0.656,26.74,0.225
15136,27,1,582.9,20.1,374.0,29,0,582.9,0,703.8,0,Champions,0.47,54.97,0.246
13249,23,3,711.41,30.93,546.0,21,169,237.14,1,0.0,0,Loyal Customers,0.524,23.08,0.296
16603,5,2,482.47,14.19,480.0,34,17,241.24,1,0.0,0,Lost,0.473,21.36,0.184
12830,22,5,6414.32,178.18,8696.0,13,80,1282.86,0,400.32,0,Loyal Customers,0.28,124.25,0.129
14258,20,8,11298.38,109.69,6164.0,58,248,1412.3,0,1371.6,0,Champions,0.053,1902.85,0.208
17317,20,1,2027.94,289.71,606.0,7,0,2027.94,0,572.4,1,Loyal Customers,0.55,22.13,0.542
17299,20,3,565.55,11.09,599.0,49,84,188.52,0,91.06,0,At Risk,0.316,82.01,0.353
18251,18,1,4314.72,269.67,7824.0,16,0,4314.72,1,0.0,0,Loyal Customers,0.746,3.12,0.15
13552,17,11,3314.55,35.26,1238.0,73,229,301.32,0,425.52,1,Champions,0.058,520.89,0.804
15804,9,8,2950.3,16.48,1634.0,146,120,368.79,0,927.04,1,Champions,0.098,262.22,0.596
13321,3,2,567.36,51.58,372.0,10,14,283.68,1,0.0,0,Lost,0.675,4.21,0.081
16210,17,12,11607.02,152.72,4563.0,48,287,967.25,0,9479.28,1,Champions,0.011,6278.89,0.837
16211,19,1,547.02,23.78,154.0,23,0,547.02,1,0.0,0,Lost,0.588,6.37,0.237
17685,19,6,2763.43,24.9,1700.0,80,284,460.57,0,392.4,0,Champions,0.085,376.77,0.49
17919,19,1,1304.04,56.7,756.0,23,0,1304.04,1,0.0,0,Lost,0.544,10.56,0.253
17865,10,17,8515.08,27.92,4435.0,172,285,500.89,0,2011.24,1,Champions,0.006,1935.69,0.891
15932,19,7,2195.65,23.11,1931.0,76,201,313.66,0,300.22,0,Champions,0.094,306.46,0.496
16839,5,25,12627.94,57.66,6616.0,110,295,505.12,0,3966.41,1,Champions,0.012,3781.78,0.884
15216,18,1,96.6,48.3,28.0,2,0,96.6,1,0.0,0,Lost,0.742,4.54,0.085
18259,16,2,1268.2,45.29,378.0,24,281,634.1,0,1070.4,0,Loyal Customers,0.429,114.36,0.369
18102,3,40,180159.41,735.34,41354.0,88,295,4503.99,0,79028.45,1,Champions,0.015,23281.46,0.955
15240,15,4,1382.55,23.84,989.0,41,227,345.64,0,324.02,1,Loyal Customers,0.375,68.54,0.286
18055,15,8,4905.87,19.94,1713.0,180,285,613.23,0,1855.47,0,Champions,0.033,1055.64,0.76
15410,15,8,3450.84,28.29,1200.0,48,177,431.35,1,0.0,0,Loyal Customers,0.4,50.86,0.673
18094,12,7,3017.3,43.1,2518.0,39,210,431.04,1,0.0,0,Loyal Customers,0.456,39.32,0.332
13774,12,1,345.0,15.68,192.0,22,0,345.0,1,0.0,0,Lost,0.577,11.57,0.276
15504,12,1,52.83,4.06,33.0,13,0,52.83,1,0.0,0,Lost,0.787,0.39,0.217
16235,12,4,675.29,18.25,252.0,35,251,168.82,0,192.02,0,Loyal Customers,0.306,46.06,0.25
16624,11,2,810.57,16.89,488.0,44,117,405.29,1,0.0,0,Loyal Customers,0.427,15.99,0.272
17340,11,10,8459.5,29.07,4277.0,165,286,845.95,0,3893.79,0,Champions,0.006,2355.96,0.84
16627,10,1,322.8,16.14,162.0,20,0,322.8,1,0.0,0,Lost,0.55,12.08,0.2
12910,9,5,2050.18,35.97,1286.0,43,163,410.04,0,1024.86,1,Champions,0.207,122.44,0.306
15067,9,3,1744.76,21.28,954.0,82,204,581.59,1,0.0,0,Loyal Customers,0.436,114.27,0.155
16813,9,8,1259.09,3.51,1233.0,206,126,157.39,0,393.09,1,Champions,0.097,483.43,0.865
17311,9,2,1384.85,25.18,1005.0,55,238,692.43,1,0.0,0,Loyal Customers,0.471,25.86,0.197
16669,9,2,725.34,9.42,485.0,75,0,362.67,0,623.54,0,Loyal Customers,0.517,96.21,0.251
13055,9,3,1214.41,15.98,894.0,74,135,404.8,1,0.0,0,Loyal Customers,0.409,28.96,0.219
15555,9,11,3162.83,5.48,2964.0,289,291,287.53,0,1632.03,1,Champions,0.008,1227.35,0.908
16136,8,2,302.64,20.18,180.0,15,200,151.32,0,406.74,1,Loyal Customers,0.417,21.44,0.329
15744,8,1,34.8,11.6,120.0,3,0,34.8,1,0.0,0,Lost,0.73,2.43,0.052
14215,8,5,1343.91,16.8,847.0,72,291,268.78,0,445.81,0,Champions,0.112,183.49,0.13
15075,8,1,773.03,28.63,447.0,27,0,773.03,1,0.0,0,Lost,0.599,17.88,0.194
14880,8,3,690.59,15.01,365.0,45,211,230.2,1,0.0,0,Loyal Customers,0.374,23.25,0.204
14529,8,2,338.14,2.71,186.0,113,33,169.07,0,240.47,1,Loyal Customers,0.303,143.2,0.628
15044,6,14,5500.53,18.84,1622.0,152,287,392.9,0,2134.2,1,Champions,0.015,1320.63,0.782
16480,6,1,769.29,14.51,455.0,51,0,769.29,1,0.0,0,Lost,0.589,17.44,0.181
14667,5,19,7075.8,15.72,3943.0,287,294,372.41,0,2099.24,0,Champions,0.008,1275.6,0.623
15243,5,1,316.68,14.39,185.0,22,0,316.68,1,0.0,0,Lost,0.542,12.76,0.272
17788,4,2,1117.9,223.58,211.0,3,56,558.95,1,0.0,0,Loyal Customers,0.743,1.8,0.096
13644,4,2,1398.61,17.06,1103.0,81,32,699.31,0,1225.65,1,Loyal Customers,0.265,143.61,0.43
15443,4,3,1054.34,8.71,541.0,106,247,351.45,0,2159.25,1,Champions,0.282,226.76,0.244
18278,4,1,173.9,19.32,66.0,9,0,173.9,1,0.0,0,Lost,0.738,23.9,0.049
13950,4,2,323.66,21.58,150.0,15,173,161.83,0,421.4,0,At Risk,0.432,19.14,0.141
15584,3,2,288.43,5.34,123.0,43,90,144.22,0,432.43,1,Loyal Customers,0.315,7.99,0.304
13515,3,4,891.12,15.1,681.0,50,175,222.78,1,0.0,0,Loyal Customers,0.336,33.81,0.143
17611,3,10,2993.62,5.92,2028.0,400,289,299.36,0,967.5,1,Champions,0.007,920.41,0.889
16182,3,4,6617.65,236.34,3791.0,17,222,1654.41,1,0.0,0,Loyal Customers,0.591,9.21,0.289
18265,3,2,801.51,17.42,311.0,44,86,400.76,1,0.0,0,Loyal Customers,0.425,23.83,0.19
17739,2,4,1612.93,62.04,531.0,20,289,403.23,0,1178.42,1,Champions,0.333,106.8,0.369
13881,2,12,9724.18,74.23,6040.0,65,240,810.35,0,7435.34,1,Champions,0.03,1650.97,0.623
15712,2,4,865.91,20.62,395.0,33,216,216.48,0,206.45,0,Loyal Customers,0.377,34.12,0.159
17528,2,2,1107.08,9.07,768.0,118,0,553.54,0,2521.42,1,Champions,0.389,30.23,0.52
15370,2,5,2039.25,22.41,798.0,65,261,407.85,0,346.8,1,Loyal Customers,0.204,95.93,0.154
13576,2,14,5343.38,68.5,1987.0,41,302,381.67,0,1373.96,1,Champions,0.022,835.46,0.761
13748,26,5,948.25,33.87,439.0,24,278,189.65,1,0.0,0,Loyal Customers,0.472,89.33,0.388
16552,173,2,379.73,22.34,219.0,17,131,189.86,1,0.0,0,Lost,0.727,10.35,0.152
14001,163,2,1309.14,54.55,632.0,21,141,654.57,0,733.94,1,Loyal Customers,0.487,10.26,0.325
15350,304,1,115.65,23.13,51.0,5,0,115.65,1,0.0,0,Lost,0.709,2.68,0.066
14594,304,1,255.0,8.23,146.0,31,0,255.0,0,108.33,0,At Risk,0.662,11.59,0.093
13108,303,1,350.06,35.01,298.0,10,0,350.06,1,0.0,0,Lost,0.8,4.66,0.068
15111,303,1,288.5,18.03,106.0,16,0,288.5,0,1278.98,1,Loyal Customers,0.601,15.84,0.186
17964,303,1,261.76,7.48,195.0,35,0,261.76,0,201.45,0,At Risk,0.608,15.96,0.103
17235,303,1,341.9,34.19,126.0,10,0,341.9,0,208.16,0,At Risk,0.755,12.96,0.064
16510,303,1,248.1,19.08,92.0,13,0,248.1,1,0.0,0,Lost,0.698,3.87,0.084
16781,303,1,311.25,18.31,113.0,17,0,311.25,1,0.0,0,Lost,0.769,3.15,0.072
16770,167,4,649.38,6.49,365.0,82,136,162.35,0,107.72,1,Loyal Customers,0.321,94.77,0.453
16634,153,2,217.9,24.21,82.0,9,150,108.95,1,0.0,0,Lost,0.776,3.07,0.114
14865,303,1,37.2,12.4,96.0,3,0,37.2,0,15.0,0,At Risk,0.776,0.57,0.114
14083,57,7,533.39,5.44,374.0,92,245,76.2,0,469.51,0,Champions,0.198,85.08,0.128
17223,241,2,416.89,8.69,110.0,43,58,208.44,1,0.0,0,Lost,0.669,9.02,0.105
15353,185,2,770.12,12.62,341.0,59,113,385.06,1,0.0,0,Lost,0.569,30.15,0.166
15024,44,5,830.62,10.79,404.0,62,254,166.12,0,805.81,1,Champions,0.181,165.34,0.48
17675,32,23,14074.19,28.66,5555.0,179,266,611.92,0,6300.09,1,Champions,0.019,2915.15,0.923
16863,297,1,164.25,18.25,105.0,9,0,164.25,0,338.55,0,At Risk,0.501,35.83,0.074
13050,37,13,4509.74,13.83,2707.0,211,260,346.9,0,1327.12,1,Champions,0.006,1308.97,0.835
17722,27,4,2424.04,21.08,1595.0,111,270,606.01,1,0.0,0,Loyal Customers,0.312,40.8,0.272
13523,130,3,2369.24,23.23,828.0,92,167,789.75,0,1595.64,1,Loyal Customers,0.333,93.13,0.487
13506,247,2,458.52,17.64,324.0,26,53,229.26,1,0.0,0,Lost,0.709,4.19,0.099
15426,188,2,634.13,5.76,255.0,101,112,317.06,0,769.94,0,Loyal Customers,0.494,55.85,0.115
15889,87,2,420.07,4.94,206.0,79,213,210.03,1,0.0,0,Lost,0.529,10.86,0.224
16550,39,5,2298.97,9.16,1540.0,162,260,459.79,1,0.0,0,Loyal Customers,0.399,57.34,0.198
13000,37,3,534.85,17.25,379.0,30,258,178.28,1,0.0,0,Loyal Customers,0.427,22.73,0.195
14448,295,1,102.35,5.69,44.0,18,0,102.35,0,273.0,0,At Risk,0.711,10.3,0.029
16923,30,14,4763.94,11.97,2158.0,221,263,340.28,0,2305.14,1,Champions,0.009,1378.31,0.918
15361,292,1,418.92,59.85,336.0,7,0,418.92,1,0.0,0,Lost,0.816,1.54,0.046
13999,26,9,2868.97,18.63,1733.0,90,266,318.77,0,1032.84,1,Champions,0.035,1064.75,0.825
17371,292,1,92.14,13.16,39.0,7,0,92.14,0,326.26,0,At Risk,0.761,13.36,0.023
14625,127,2,899.63,16.97,335.0,51,165,449.82,1,0.0,0,Lost,0.685,5.18,0.173
18075,37,8,1957.75,18.3,1015.0,74,254,244.72,0,654.0,1,Champions,0.077,252.13,0.631
17449,25,4,1497.55,8.41,708.0,119,265,374.39,0,1021.66,1,Champions,0.262,123.93,0.437
17189,37,2,383.75,6.4,226.0,52,253,191.87,1,0.0,0,Lost,0.457,29.38,0.243
13487,144,2,408.8,17.03,213.0,21,140,204.4,0,166.6,1,Loyal Customers,0.645,20.89,0.256
16532,66,2,4516.8,1505.6,1536.0,2,203,2258.4,0,2232.0,0,Loyal Customers,0.773,189.76,0.129
15464,269,1,1044.65,6.74,348.0,155,0,1044.65,1,0.0,0,Lost,0.77,3.59,0.066
16889,125,3,1578.67,11.69,925.0,112,142,526.22,1,0.0,0,Loyal Customers,0.489,42.2,0.188
15139,170,2,178.96,13.77,208.0,13,97,89.48,1,0.0,0,Lost,0.831,0.25,0.043
17707,116,2,152.4,30.48,144.0,3,151,76.2,1,0.0,0,Lost,0.775,1.1,0.058
14867,116,3,710.28,19.73,328.0,31,151,236.76,1,0.0,0,Lost,0.463,14.72,0.226
17555,265,1,195.45,3.99,156.0,48,0,195.45,0,284.86,0,At Risk,0.649,22.92,0.079
15281,67,8,2191.78,16.86,1128.0,113,197,273.97,0,140.37,1,Loyal Customers,0.103,477.93,0.782
14320,137,2,477.79,15.41,325.0,29,126,238.9,1,0.0,0,Lost,0.563,14.69,0.226
14669,172,3,1259.24,7.59,770.0,158,91,419.75,1,0.0,0,Loyal Customers,0.495,29.94,0.229
18095,243,2,580.05,27.62,419.0,20,20,290.02,1,0.0,0,Lost,0.772,3.17,0.105
16042,38,2,440.48,16.94,260.0,26,225,220.24,0,736.99,1,Loyal Customers,0.378,35.37,0.291
15569,34,5,1375.71,44.38,666.0,27,229,275.14,1,0.0,0,Loyal Customers,0.497,14.92,0.452
14270,262,1,492.65,16.99,197.0,29,0,492.65,1,0.0,0,Lost,0.721,1.59,0.068
14185,262,1,197.65,65.88,6.0,3,0,197.65,1,0.0,0,Lost,0.786,1.36,0.059
16843,24,13,8809.24,27.62,9034.0,188,234,677.63,0,1387.33,1,Champions,0.024,2181.02,0.835
16387,253,1,94.36,23.59,44.0,4,0,94.36,1,0.0,0,Lost,0.762,2.66,0.034
17769,69,4,1817.88,10.45,1069.0,129,182,454.47,0,2139.55,1,Champions,0.263,89.23,0.196
14501,114,2,251.21,25.12,161.0,9,136,125.61,1,0.0,0,Lost,0.727,4.22,0.119
13158,25,4,1201.06,15.2,784.0,59,224,300.27,1,0.0,0,Loyal Customers,0.319,74.97,0.406
16043,142,3,676.49,21.82,342.0,22,106,225.5,0,97.5,0,Loyal Customers,0.456,21.67,0.207
15227,146,3,876.82,20.39,589.0,36,102,292.27,0,342.58,0,Loyal Customers,0.387,29.17,0.269
13709,32,5,2918.81,17.37,1890.0,125,214,583.76,0,3388.84,1,Champions,0.177,518.79,0.5
14502,80,7,1163.22,4.2,532.0,201,164,166.17,0,1266.61,1,Champions,0.202,271.78,0.814
15448,243,1,494.64,17.67,232.0,28,0,494.64,1,0.0,0,Lost,0.71,2.61,0.085
14776,36,8,1862.22,22.17,2230.0,44,207,232.78,0,676.08,1,Loyal Customers,0.12,260.32,0.747
16612,50,3,870.3,17.06,394.0,42,192,290.1,0,317.36,0,Loyal Customers,0.322,103.81,0.371
12929,242,1,117.85,14.73,37.0,8,0,117.85,1,0.0,0,Lost,0.814,1.94,0.094
17446,107,2,120.9,13.43,198.0,6,134,60.45,1,0.0,0,Lost,0.83,0.47,0.047
17672,240,1,1177.84,28.73,643.0,41,0,1177.84,0,2000.33,1,Loyal Customers,0.559,74.8,0.495
12842,239,1,310.73,22.2,157.0,14,0,310.73,0,808.26,1,Loyal Customers,0.713,2.49,0.123
17940,39,9,3828.04,225.18,8723.0,6,194,425.34,0,192.0,1,Champions,0.316,62.57,0.22
15236,229,1,321.05,21.4,269.0,15,0,321.05,1,0.0,0,Lost,0.796,2.26,0.069
16509,227,1,363.7,27.98,64.0,13,0,363.7,1,0.0,0,Lost,0.84,1.97,0.107
14386,227,1,142.4,20.34,54.0,7,0,142.4,1,0.0,0,Lost,0.813,2.08,0.123
18138,226,1,152.65,19.08,38.0,8,0,152.65,1,0.0,0,Lost,0.828,1.86,0.128
13425,39,3,1624.21,20.82,1123.0,66,186,541.4,1,0.0,0,Loyal Customers,0.408,12.66,0.217
16980,186,2,1028.46,12.7,739.0,71,36,514.23,1,0.0,0,Lost,0.598,5.75,0.221
17994,52,4,674.89,8.54,495.0,63,169,168.72,1,0.0,0,Loyal Customers,0.355,43.98,0.266
16592,67,10,2214.33,17.3,1785.0,102,151,221.43,0,1899.35,1,Champions,0.108,374.17,0.891
13973,218,1,264.7,24.06,109.0,11,0,264.7,1,0.0,0,Lost,0.734,4.05,0.158
16667,215,1,200.4,10.02,77.0,20,0,200.4,0,366.78,1,Lost,0.728,5.88,0.172
14046,215,1,154.99,11.07,460.0,14,0,154.99,1,0.0,0,Lost,0.799,1.51,0.113
13292,215,1,249.57,17.83,133.0,14,0,249.57,0,329.37,0,At Risk,0.656,4.49,0.158
14620,136,2,412.78,15.88,214.0,26,78,206.39,1,0.0,0,Lost,0.632,12.39,0.22
15709,214,1,133.25,22.21,121.0,6,0,133.25,1,0.0,0,Lost,0.808,1.44,0.077
14570,211,2,218.06,7.52,95.0,29,0,109.03,1,0.0,0,Lost,0.735,3.72,0.083
14447,127,2,601.03,15.41,313.0,34,84,300.52,0,562.2,1,Loyal Customers,0.57,12.44,0.421
14645,87,2,597.09,19.9,381.0,28,119,298.55,1,0.0,0,Lost,0.615,15.65,0.262
16693,202,1,153.41,7.31,50.0,21,0,153.41,0,324.45,1,Lost,0.704,3.64,0.112
16807,73,3,1121.59,16.74,778.0,57,128,373.86,1,0.0,0,Loyal Customers,0.413,25.37,0.302
16005,113,2,275.41,3.32,117.0,77,88,137.7,0,303.3,0,At Risk,0.457,26.64,0.149
15047,200,1,343.62,15.62,222.0,22,0,343.62,1,0.0,0,Lost,0.77,2.6,0.082
17080,200,1,76.32,76.32,72.0,1,0,76.32,0,211.3,0,At Risk,0.775,1.09,0.036
14636,199,1,300.19,18.76,117.0,16,0,300.19,0,309.66,0,At Risk,0.635,3.06,0.079
15483,92,4,225.26,2.68,291.0,74,105,56.32,1,0.0,0,Lost,0.761,3.38,0.059
15408,195,1,267.18,7.86,106.0,34,0,267.18,1,0.0,0,Lost,0.701,8.25,0.11
17152,125,3,1689.5,120.68,517.0,9,69,563.17,1,0.0,0,Loyal Customers,0.663,1.01,0.195
14875,38,2,1465.32,31.18,558.0,46,155,732.66,1,0.0,0,Loyal Customers,0.579,23.68,0.284
12831,193,1,215.05,23.89,135.0,9,0,215.05,1,0.0,0,Lost,0.767,3.18,0.085
16374,193,1,154.2,5.93,51.0,26,0,154.2,0,312.53,1,Lost,0.646,3.64,0.124
13341,191,1,775.85,18.47,301.0,42,0,775.85,1,0.0,0,Lost,0.707,9.54,0.113
14267,93,3,1516.24,27.57,530.0,25,98,505.41,1,0.0,0,Loyal Customers,0.617,2.27,0.228
17754,73,2,575.06,14.03,844.0,38,118,287.53,0,897.96,1,Champions,0.454,38.49,0.38
14538,187,1,106.5,35.5,30.0,3,0,106.5,0,281.75,1,Lost,0.709,5.27,0.433
14851,187,1,206.13,14.72,139.0,14,0,206.13,0,305.22,0,At Risk,0.681,3.82,0.254
14441,25,2,697.4,30.32,212.0,22,161,348.7,0,709.79,1,Champions,0.487,24.3,0.263
18108,185,1,271.0,15.94,84.0,17,0,271.0,1,0.0,0,Lost,0.72,4.33,0.149
15832,185,1,836.79,15.5,465.0,54,0,836.79,1,0.0,0,Lost,0.72,8.68,0.197
13571,23,7,1083.83,6.09,851.0,110,161,154.83,0,1005.11,1,Champions,0.151,263.41,0.544
15289,68,2,697.98,14.54,768.0,41,112,348.99,0,241.8,0,Loyal Customers,0.445,37.07,0.313
17906,178,1,72.9,6.08,26.0,12,0,72.9,1,0.0,0,Lost,0.778,0.8,0.115
18272,44,4,2106.45,18.48,1465.0,76,133,526.61,0,972.13,1,Champions,0.311,22.91,0.462
13005,104,2,513.7,19.76,172.0,21,73,256.85,1,0.0,0,Lost,0.605,10.67,0.228
17928,177,1,78.26,4.6,46.0,17,0,78.26,0,134.28,1,At Risk,0.688,1.09,0.207
14619,176,1,394.44,19.72,152.0,20,0,394.44,1,0.0,0,Lost,0.782,2.15,0.13
14264,85,2,333.97,19.65,70.0,15,91,166.99,1,0.0,0,Lost,0.624,20.68,0.174
15665,99,2,2222.21,19.32,1654.0,92,75,1111.11,1,0.0,0,Loyal Customers,0.517,45.89,0.264
14339,173,1,309.52,22.11,168.0,14,0,309.52,1,0.0,0,Lost,0.751,2.96,0.123
13484,172,1,313.8,39.22,44.0,8,0,313.8,1,0.0,0,Lost,0.858,2.33,0.09
17704,99,2,885.19,28.55,343.0,27,71,442.6,1,0.0,0,Lost,0.62,9.32,0.197
18079,57,2,2206.18,31.97,5075.0,59,112,1103.09,0,1406.97,1,Loyal Customers,0.37,183.6,0.194
14148,164,1,157.2,52.4,16.0,3,0,157.2,1,0.0,0,Lost,0.808,0.68,0.1
13485,164,1,454.24,19.75,277.0,23,0,454.24,1,0.0,0,Lost,0.761,1.78,0.136
16227,156,1,314.22,52.37,90.0,6,0,314.22,1,0.0,0,Lost,0.845,2.19,0.139
17501,151,2,288.6,16.03,160.0,18,0,144.3,1,0.0,0,Lost,0.741,3.11,0.168
13282,93,2,773.1,35.14,172.0,15,58,386.55,0,359.04,0,Loyal Customers,0.48,32.78,0.224
18146,71,2,160.35,16.04,153.0,10,80,80.18,1,0.0,0,Lost,0.698,0.71,0.061
16258,58,4,3741.06,42.03,2345.0,72,92,935.26,0,1462.45,1,Loyal Customers,0.424,13.89,0.597
17384,150,1,227.65,75.88,43.0,3,0,227.65,0,108.75,0,At Risk,0.72,4.07,0.122
15561,80,3,449.67,28.1,95.0,16,66,149.89,0,350.92,0,At Risk,0.539,16.19,0.282
15704,71,4,2293.62,19.6,1028.0,79,75,573.4,1,0.0,0,Loyal Customers,0.423,13.1,0.433
16232,74,3,725.04,23.39,438.0,23,72,241.68,0,265.84,1,Loyal Customers,0.358,51.87,0.317
13835,86,2,537.34,15.8,291.0,28,60,268.67,0,297.23,1,Loyal Customers,0.462,16.72,0.426
17723,58,6,3276.4,327.64,792.0,4,87,546.07,1,0.0,0,Loyal Customers,0.689,15.89,0.298
14551,135,1,125.43,17.92,66.0,7,0,125.43,0,60.8,0,At Risk,0.753,6.02,0.107
17263,139,1,63.44,2.76,36.0,23,0,63.44,1,0.0,0,Lost,0.761,0.3,0.085
14463,29,3,529.62,88.27,179.0,6,107,176.54,1,0.0,0,Loyal Customers,0.548,19.21,0.193
16448,129,1,182.99,9.63,76.0,19,0,182.99,1,0.0,0,Lost,0.698,4.76,0.223
13070,123,1,228.8,25.42,110.0,9,0,228.8,1,0.0,0,Lost,0.746,5.39,0.131
17900,121,2,112.2,18.7,73.0,4,0,56.1,1,0.0,0,Lost,0.761,3.71,0.051
14891,79,2,554.38,16.8,505.0,30,39,277.19,1,0.0,0,Lost,0.589,7.42,0.292
16849,117,1,124.57,15.57,33.0,8,0,124.57,1,0.0,0,Lost,0.712,4.79,0.097
16825,116,1,318.7,28.97,358.0,11,0,318.7,0,456.48,0,At Risk,0.805,23.07,0.113
13510,26,2,897.81,14.72,743.0,53,88,448.9,0,893.75,1,Champions,0.38,18.63,0.294
13420,80,2,159.85,19.98,101.0,8,21,79.93,1,0.0,0,Lost,0.742,0.88,0.066
16824,95,1,222.9,17.15,134.0,13,0,222.9,0,237.74,0,At Risk,0.628,7.61,0.142
15578,93,1,127.1,9.78,52.0,13,0,127.1,1,0.0,0,Lost,0.719,6.31,0.13
17939,90,1,99.14,8.26,40.0,12,0,99.14,1,0.0,0,Lost,0.727,8.51,0.058
13833,90,1,383.85,13.71,117.0,28,0,383.85,1,0.0,0,Lost,0.651,4.6,0.219
18203,88,1,160.42,8.44,43.0,19,0,160.42,1,0.0,0,Lost,0.687,6.67,0.209
16012,59,2,1132.12,21.77,551.0,49,27,566.06,0,283.17,0,Loyal Customers,0.42,24.43,0.251
14552,82,1,164.22,2.88,90.0,57,0,164.22,1,0.0,0,Lost,0.689,3.66,0.151
15256,79,1,98.45,16.41,55.0,6,0,98.45,1,0.0,0,Lost,0.647,5.44,0.063
14716,79,1,181.72,8.26,319.0,19,0,181.72,0,125.79,1,At Risk,0.586,3.7,0.3
15306,23,2,657.07,21.9,512.0,30,56,328.54,0,517.28,1,Loyal Customers,0.459,17.95,0.449
13507,29,3,2022.79,15.8,1212.0,123,47,674.26,0,456.37,0,Champions,0.212,66.82,0.393
12833,76,1,417.38,17.39,156.0,24,0,417.38,1,0.0,0,Lost,0.613,2.9,0.241
14517,72,1,252.45,18.03,73.0,14,0,252.45,0,78.0,0,At Risk,0.56,12.42,0.169
15942,64,1,337.44,24.1,232.0,14,0,337.44,1,0.0,0,Lost,0.712,6.21,0.161
17941,61,1,304.56,152.28,252.0,2,0,304.56,1,0.0,0,Lost,0.799,2.26,0.148
12844,61,1,174.88,6.25,77.0,27,0,174.88,0,151.08,0,At Risk,0.586,4.38,0.224
12828,30,3,415.51,16.62,157.0,23,31,138.5,0,603.2,1,Champions,0.305,21.86,0.286
17553,60,1,1487.6,743.8,1048.0,2,0,1487.6,1,0.0,0,Lost,0.807,19.51,0.09
13075,60,1,919.61,41.8,485.0,22,0,919.61,1,0.0,0,Lost,0.682,10.91,0.274
13186,24,2,1301.94,20.67,547.0,57,35,650.97,0,273.95,0,Loyal Customers,0.333,63.57,0.23
17584,58,1,749.45,46.84,245.0,16,0,749.45,0,492.85,0,At Risk,0.711,10.33,0.238
18099,58,1,168.31,8.86,149.0,19,0,168.31,1,0.0,0,Lost,0.57,4.38,0.224
14079,55,1,375.1,31.26,301.0,12,0,375.1,1,0.0,0,Lost,0.777,5.5,0.16
16272,47,1,411.7,16.47,224.0,25,0,411.7,1,0.0,0,Lost,0.56,1.94,0.225
16555,40,1,151.98,16.89,90.0,9,0,151.98,0,133.91,0,At Risk,0.686,13.83,0.122
13778,34,1,178.7,19.86,70.0,9,0,178.7,1,0.0,0,Lost,0.699,3.05,0.095
14869,34,1,387.06,7.9,354.0,48,0,387.06,0,334.39,0,At Risk,0.477,15.32,0.261
13726,31,1,292.68,12.73,384.0,23,0,292.68,0,786.98,0,Loyal Customers,0.443,8.75,0.203
18261,26,1,224.8,14.99,102.0,15,0,224.8,0,99.44,1,At Risk,0.525,20.75,0.196
14223,23,3,991.13,16.52,585.0,50,172,330.38,1,0.0,0,Loyal Customers,0.391,42.1,0.459
14562,9,10,2999.22,12.29,1138.0,143,226,299.92,0,2007.55,1,Champions,0.067,503.59,0.744
13408,6,46,20381.58,57.09,11924.0,192,298,443.08,0,7735.46,1,Champions,0.007,4900.58,0.927
15194,9,13,5488.22,22.22,3956.0,177,290,422.17,0,2128.31,0,Champions,0.009,1855.94,0.742
12895,17,1,267.8,16.74,142.0,16,0,267.8,0,105.0,1,At Risk,0.42,18.43,0.368
14198,17,3,528.8,18.23,246.0,27,153,176.27,0,172.6,0,Loyal Customers,0.384,38.34,0.277
17214,16,5,862.42,10.27,220.0,67,274,172.48,0,196.7,1,Loyal Customers,0.174,144.6,0.389
14227,16,9,3031.9,18.95,1633.0,117,199,336.88,0,319.06,0,Champions,0.104,364.43,0.51
12965,20,1,769.81,7.13,282.0,108,0,769.81,1,0.0,0,Lost,0.659,18.19,0.33
16794,20,5,696.57,3.89,672.0,110,91,139.31,0,499.93,1,Champions,0.184,293.28,0.482
13650,19,3,1063.48,20.07,496.0,46,179,354.49,0,772.86,1,Loyal Customers,0.392,61.05,0.262
16360,11,2,447.27,4.92,258.0,78,8,223.64,0,3003.14,1,Champions,0.307,83.21,0.324
17656,4,5,1674.69,20.42,1399.0,67,55,334.94,1,0.0,0,Loyal Customers,0.378,103.29,0.461
15755,5,5,2076.74,16.48,1318.0,119,220,415.35,0,287.51,0,Champions,0.173,95.78,0.15
15529,18,9,3198.47,6.06,2829.0,359,279,355.39,0,764.13,1,Champions,0.014,1007.66,0.82
17757,18,21,3469.74,7.74,1862.0,193,285,165.23,0,2123.65,1,Champions,0.012,1096.37,0.956
13136,18,4,2148.08,21.06,1037.0,73,125,537.02,0,459.53,1,Loyal Customers,0.285,32.17,0.405
15311,4,70,48338.85,26.0,30679.0,522,300,690.56,0,11799.3,1,Champions,0.007,6787.92,0.94
17133,18,4,4137.69,188.08,2363.0,13,179,1034.42,0,754.55,0,Champions,0.283,37.18,0.35
14894,16,1,655.75,28.51,265.0,23,0,655.75,1,0.0,0,Lost,0.675,7.76,0.235
17530,16,7,1760.81,5.81,1133.0,254,280,251.54,0,606.31,1,Champions,0.102,456.12,0.582
14262,15,4,1379.3,17.68,855.0,56,156,344.82,0,1238.93,1,Champions,0.264,74.77,0.339
17058,12,3,1179.89,19.03,592.0,51,158,393.3,1,0.0,0,Loyal Customers,0.449,88.27,0.249
14766,11,5,2050.85,17.99,1199.0,96,286,410.17,0,422.52,0,Champions,0.115,271.23,0.446
16215,11,1,242.35,17.31,104.0,14,0,242.35,1,0.0,0,Lost,0.612,14.5,0.173
14859,11,2,927.12,21.56,463.0,40,124,463.56,0,426.62,0,Loyal Customers,0.443,18.89,0.277
13356,11,1,768.24,18.29,325.0,42,0,768.24,1,0.0,0,Lost,0.566,33.64,0.277
14211,11,7,1339.09,19.13,693.0,57,215,191.3,0,902.01,1,Loyal Customers,0.105,262.29,0.472
15696,10,7,2008.9,16.6,794.0,107,247,286.99,0,702.21,0,Loyal Customers,0.094,78.72,0.406
18228,10,1,420.39,21.02,141.0,20,0,420.39,0,359.51,1,Loyal Customers,0.551,4.08,0.263
13946,10,3,561.57,51.05,443.0,11,188,187.19,1,0.0,0,Loyal Customers,0.614,10.28,0.205
17475,10,1,194.37,13.88,178.0,14,0,194.37,1,0.0,0,Lost,0.601,9.54,0.144
14951,10,1,311.69,15.58,311.0,20,0,311.69,1,0.0,0,Lost,0.616,13.29,0.217
13529,9,2,307.76,20.52,74.0,15,126,153.88,1,0.0,0,Lost,0.562,14.6,0.148
14676,9,5,2170.96,58.67,2092.0,28,205,434.19,0,377.28,0,Loyal Customers,0.282,24.31,0.264
17730,9,9,3547.33,22.45,2516.0,99,248,394.15,0,1751.15,1,Champions,0.054,610.13,0.648
15640,9,12,9361.0,26.22,5139.0,210,294,780.08,0,3055.11,0,Champions,0.006,3094.1,0.613
14147,9,2,483.4,96.68,108.0,4,207,241.7,1,0.0,0,Lost,0.592,4.9,0.134
16715,9,1,301.72,15.88,642.0,19,0,301.72,1,0.0,0,Lost,0.648,7.04,0.106
18188,8,2,1608.28,27.73,900.0,58,213,804.14,0,392.76,0,Loyal Customers,0.383,58.52,0.152
13083,6,1,192.39,13.74,143.0,14,0,192.39,0,111.36,0,At Risk,0.553,14.88,0.068
16744,6,4,620.18,5.04,331.0,102,98,155.05,0,671.73,1,Champions,0.233,121.03,0.617
14561,6,3,1080.76,15.66,1014.0,67,109,360.25,1,0.0,0,Loyal Customers,0.421,31.28,0.259
14152,6,2,621.29,12.68,711.0,47,159,310.65,1,0.0,0,Lost,0.521,19.19,0.133
17837,6,4,534.55,9.06,163.0,48,88,133.64,0,1006.68,1,Loyal Customers,0.222,63.7,0.588
16342,6,4,322.41,21.49,157.0,10,104,80.6,1,0.0,0,Loyal Customers,0.716,1.05,0.104
15366,6,2,602.51,13.69,621.0,37,283,301.26,1,0.0,0,Lost,0.589,17.03,0.44
14808,5,7,2184.41,10.71,1665.0,157,98,312.06,0,534.19,0,Loyal Customers,0.095,313.54,0.235
15218,5,9,4645.91,32.04,2628.0,71,244,516.21,0,1110.98,1,Champions,0.032,834.83,0.384
14217,5,12,1469.67,20.13,439.0,61,292,122.47,0,535.31,1,Champions,0.136,206.49,0.601
16778,5,2,245.94,15.37,194.0,16,200,122.97,1,0.0,0,Lost,0.58,9.14,0.099
18016,5,4,1107.41,10.55,686.0,85,290,276.85,0,370.25,0,Loyal Customers,0.21,124.58,0.161
16999,5,1,245.83,14.46,141.0,17,0,245.83,0,238.99,0,At Risk,0.441,15.32,0.112
14543,4,14,3271.15,50.33,603.0,39,291,233.65,0,328.58,0,Champions,0.085,231.01,0.347
16181,4,1,305.54,27.78,152.0,11,0,305.54,1,0.0,0,Lost,0.725,5.02,0.166
15827,4,14,1836.09,15.97,882.0,72,299,131.15,1,0.0,0,Loyal Customers,0.09,40.05,0.157
14475,2,3,925.85,22.04,447.0,35,233,308.62,1,0.0,0,Loyal Customers,0.46,37.34,0.18
16059,2,5,1347.86,7.84,601.0,120,296,269.57,0,105.3,1,Loyal Customers,0.123,421.72,0.315
16218,45,6,2635.48,36.6,1752.0,51,259,439.25,0,449.2,0,Loyal Customers,0.101,192.81,0.413
12868,116,6,1607.06,15.02,928.0,72,188,267.84,1,0.0,0,Loyal Customers,0.243,109.94,0.348
15485,267,2,1268.13,30.19,578.0,33,37,634.06,0,1296.37,0,Loyal Customers,0.438,73.67,0.1
16539,150,3,1053.61,27.73,421.0,34,154,351.2,0,335.2,0,Champions,0.511,27.11,0.189
16835,59,2,180.85,18.09,61.0,10,245,90.43,1,0.0,0,Lost,0.666,0.64,0.057
15694,107,9,3305.78,82.64,739.0,23,196,367.31,0,2766.82,1,Champions,0.282,285.67,0.286
15260,31,7,1810.77,23.52,885.0,62,272,258.68,1,0.0,0,Loyal Customers,0.229,306.73,0.316
13305,23,8,1471.25,25.37,935.0,37,280,183.91,0,529.61,0,Champions,0.108,308.0,0.459
16752,303,1,207.5,23.06,54.0,9,0,207.5,1,0.0,0,Lost,0.753,3.04,0.078
15544,50,7,2772.37,13.86,2212.0,95,253,396.05,0,774.34,0,Champions,0.075,567.7,0.374
13117,52,7,841.77,12.75,703.0,57,251,120.25,0,143.14,0,Loyal Customers,0.15,140.79,0.286
16916,303,1,196.43,4.01,102.0,48,0,196.43,0,365.98,0,At Risk,0.6,37.34,0.115
16186,34,9,2696.53,17.86,2242.0,67,269,299.61,0,1310.41,1,Champions,0.044,421.96,0.783
16817,116,7,1179.43,19.66,574.0,52,183,168.49,0,425.32,0,Champions,0.279,132.79,0.53
13030,299,1,402.36,7.06,174.0,50,0,402.36,0,350.08,0,At Risk,0.583,19.06,0.058
13649,187,2,346.6,15.07,139.0,23,110,173.3,1,0.0,0,Lost,0.683,7.76,0.185
13140,39,3,422.47,9.39,185.0,40,258,140.82,1,0.0,0,Lost,0.275,16.62,0.293
15713,74,2,356.7,18.77,150.0,18,223,178.35,1,0.0,0,Lost,0.519,16.43,0.26
17999,297,1,190.34,5.01,94.0,37,0,190.34,0,190.05,0,At Risk,0.62,25.14,0.062
17954,54,10,1885.21,4.88,1831.0,269,248,188.52,0,428.92,1,Champions,0.05,538.31,0.889
15808,237,4,3651.27,18.72,1305.0,142,63,912.82,1,0.0,0,Loyal Customers,0.669,42.31,0.194
15894,184,2,258.25,6.98,164.0,35,116,129.13,1,0.0,0,Lost,0.67,14.59,0.189
14506,93,3,818.96,8.27,251.0,82,207,272.99,0,1141.69,1,Loyal Customers,0.271,105.31,0.501
15953,142,4,824.04,21.69,450.0,29,158,206.01,0,833.24,1,Champions,0.339,44.19,0.394
14748,54,4,1118.77,14.92,1061.0,75,245,279.69,0,296.98,0,Loyal Customers,0.241,49.47,0.355
15899,299,1,56.25,14.06,39.0,4,0,56.25,1,0.0,0,Lost,0.806,1.86,0.06
16722,30,10,3656.58,21.77,3724.0,89,269,365.66,0,1074.23,1,Champions,0.026,663.69,0.78
15805,37,11,3548.5,18.1,2273.0,150,258,322.59,0,1939.68,1,Champions,0.03,675.56,0.906
15514,156,6,2501.94,25.27,1184.0,50,139,416.99,0,1521.78,0,Champions,0.266,50.41,0.451
13668,44,16,4900.97,14.94,2938.0,218,249,306.31,0,1408.86,1,Champions,0.008,1385.78,0.921
16701,60,10,4050.42,36.82,4958.0,80,232,405.04,0,1347.88,1,Champions,0.055,1528.72,0.775
17799,30,9,2514.99,7.42,1344.0,245,262,279.44,0,524.18,0,Champions,0.024,708.26,0.797
17158,163,2,698.55,17.91,461.0,36,128,349.27,0,568.42,0,Loyal Customers,0.481,37.54,0.145
16805,104,2,460.59,4.7,539.0,94,187,230.29,1,0.0,0,Lost,0.476,36.07,0.164
13458,30,10,7678.42,26.3,4521.0,201,260,767.84,0,1968.15,1,Champions,0.01,2098.62,0.814
15246,169,2,514.15,15.58,247.0,32,120,257.08,1,0.0,0,Lost,0.604,15.35,0.16
14985,129,2,292.01,3.52,256.0,78,160,146.01,1,0.0,0,Lost,0.613,12.5,0.116
14560,25,15,1565.2,34.03,625.0,25,263,104.35,0,672.57,1,Champions,0.139,310.36,0.847
13922,282,1,172.25,24.61,93.0,7,0,172.25,1,0.0,0,Lost,0.731,1.77,0.074
18283,26,10,1086.83,2.56,719.0,192,242,108.68,0,958.7,1,Champions,0.128,442.46,0.91
15607,267,1,104.76,8.06,202.0,13,0,104.76,1,0.0,0,Lost,0.73,5.81,0.262
17128,265,1,157.09,11.22,76.0,14,0,157.09,1,0.0,0,Lost,0.806,3.93,0.074
14761,265,1,97.5,13.93,58.0,7,0,97.5,0,158.4,1,Lost,0.821,4.57,0.026
17742,44,2,355.11,23.67,89.0,13,219,177.56,1,0.0,0,Lost,0.531,14.02,0.136
15749,166,3,44534.3,4453.43,18028.0,5,97,14844.77,1,0.0,0,Loyal Customers,0.882,1.41,0.061
14715,25,3,594.75,12.14,297.0,44,237,198.25,0,272.63,0,Loyal Customers,0.26,41.31,0.257
13246,107,5,1838.51,16.42,1533.0,89,154,367.7,0,123.01,0,Loyal Customers,0.187,104.86,0.402
13048,44,3,1358.55,12.94,947.0,69,214,452.85,0,460.86,0,Loyal Customers,0.385,22.72,0.223
14657,86,3,638.94,6.87,339.0,83,171,212.98,0,209.28,0,Loyal Customers,0.284,45.68,0.315
16997,219,3,702.0,58.5,360.0,7,37,234.0,1,0.0,0,Lost,0.566,15.32,0.14
17418,254,1,167.39,13.95,139.0,12,0,167.39,0,296.07,1,At Risk,0.6,29.05,0.102
15179,164,3,1455.12,31.63,1294.0,45,86,485.04,0,751.83,1,Loyal Customers,0.419,19.1,0.283
14341,61,6,1139.52,17.27,709.0,54,188,189.92,0,1027.46,1,Loyal Customers,0.183,222.93,0.559
13837,142,2,266.59,14.81,182.0,17,106,133.3,1,0.0,0,Lost,0.676,4.46,0.19
14738,64,5,757.65,22.96,351.0,28,183,151.53,0,556.8,1,Loyal Customers,0.269,75.93,0.482
14805,244,1,109.25,5.75,29.0,19,0,109.25,0,437.15,1,At Risk,0.721,3.89,0.153
12908,107,2,750.0,375.0,1200.0,1,136,375.0,1,0.0,0,Lost,0.765,4.79,0.056
17356,242,1,178.22,9.38,166.0,19,0,178.22,1,0.0,0,Lost,0.696,1.07,0.097
14850,242,1,325.75,15.51,293.0,21,0,325.75,1,0.0,0,Lost,0.803,1.18,0.064
13873,50,3,389.6,16.94,140.0,21,190,129.87,1,0.0,0,Lost,0.472,22.55,0.344
14048,236,1,409.93,4.82,288.0,83,0,409.93,1,0.0,0,Lost,0.793,0.78,0.072
16998,80,4,295.0,73.75,76.0,1,155,73.75,1,0.0,0,Lost,0.707,0.9,0.061
17843,234,1,205.48,5.55,113.0,36,0,205.48,1,0.0,0,Lost,0.68,7.78,0.159
15809,115,4,399.21,14.79,251.0,24,118,99.8,0,116.56,0,Loyal Customers,0.687,8.91,0.087
12897,135,2,216.5,54.13,110.0,3,97,108.25,1,0.0,0,Lost,0.753,3.09,0.124
16317,50,3,1341.65,19.44,890.0,64,178,447.22,1,0.0,0,Loyal Customers,0.429,23.78,0.215
16073,228,1,122.4,122.4,48.0,1,0,122.4,1,0.0,0,Lost,0.78,1.09,0.062
15670,227,1,173.05,14.42,91.0,12,0,173.05,1,0.0,0,Lost,0.734,1.27,0.134
13489,36,4,449.52,32.11,560.0,11,189,112.38,1,0.0,0,Loyal Customers,0.658,4.66,0.241
13453,96,2,356.98,21.0,134.0,16,124,178.49,1,0.0,0,Lost,0.576,11.82,0.177
13362,176,2,1581.53,17.01,727.0,92,42,790.76,0,1509.21,1,Champions,0.372,41.7,0.425
14481,95,2,636.51,21.22,489.0,25,123,318.26,1,0.0,0,Lost,0.667,2.12,0.154
15951,216,1,375.17,17.05,174.0,22,0,375.17,0,333.05,0,At Risk,0.711,10.24,0.135
16427,194,2,241.06,26.78,156.0,8,21,120.53,1,0.0,0,Lost,0.752,1.88,0.077
12933,102,2,357.49,7.3,378.0,48,112,178.75,0,250.04,0,At Risk,0.505,27.31,0.154
13722,62,3,2375.41,27.95,1401.0,75,151,791.8,1,0.0,0,Loyal Customers,0.468,36.37,0.316
15643,122,3,664.0,20.12,246.0,31,91,221.33,1,0.0,0,Lost,0.51,6.98,0.192
16217,166,2,304.25,20.28,91.0,13,47,152.13,1,0.0,0,Lost,0.775,2.08,0.12
17374,149,2,495.77,17.71,85.0,24,63,247.89,1,0.0,0,Lost,0.696,7.82,0.153
13931,26,2,1237.53,21.34,725.0,56,185,618.77,1,0.0,0,Loyal Customers,0.442,26.33,0.235
16449,128,2,707.69,17.69,367.0,40,83,353.84,1,0.0,0,Lost,0.599,20.45,0.211
17325,211,1,96.8,16.13,60.0,6,0,96.8,1,0.0,0,Lost,0.824,1.76,0.034
17654,208,1,117.55,5.34,41.0,22,0,117.55,1,0.0,0,Lost,0.738,4.56,0.124
14165,206,1,120.44,5.02,53.0,23,0,120.44,1,0.0,0,Lost,0.731,4.32,0.129
14727,205,1,268.58,26.86,62.0,10,0,268.58,1,0.0,0,Lost,0.78,3.3,0.085
16766,204,2,1145.6,33.69,536.0,17,0,572.8,1,0.0,0,Lost,0.711,2.67,0.077
14193,200,1,422.54,18.37,250.0,23,0,422.54,0,430.85,1,Loyal Customers,0.753,10.8,0.137
15181,106,2,435.0,43.5,252.0,10,94,217.5,0,254.48,1,Loyal Customers,0.507,9.67,0.233
16152,199,1,1829.04,63.07,642.0,29,0,1829.04,1,0.0,0,Lost,0.794,2.78,0.244
12955,23,6,1843.36,22.48,1526.0,42,175,307.23,0,2913.8,1,Champions,0.142,221.29,0.538
16023,123,2,500.69,7.7,227.0,59,74,250.35,0,219.12,1,Loyal Customers,0.425,22.09,0.272
14633,197,1,344.9,17.25,96.0,20,0,344.9,1,0.0,0,Lost,0.79,2.84,0.082
17204,106,4,1564.56,27.45,646.0,44,88,391.14,1,0.0,0,Loyal Customers,0.51,35.15,0.314
13900,114,3,740.95,17.23,430.0,42,79,246.98,1,0.0,0,Loyal Customers,0.515,44.08,0.238
16721,193,1,292.47,7.9,172.0,37,0,292.47,1,0.0,0,Lost,0.713,4.08,0.108
14075,192,1,307.92,17.11,270.0,18,0,307.92,0,634.34,0,At Risk,0.757,3.21,0.084
14758,75,4,1484.06,20.9,419.0,54,115,371.02,1,0.0,0,Loyal Customers,0.511,15.38,0.313
18273,26,2,153.0,76.5,60.0,1,162,76.5,0,51.0,0,At Risk,0.448,12.2,0.042
13357,188,1,609.4,6.85,321.0,85,0,609.4,1,0.0,0,Lost,0.754,21.48,0.118
16788,54,2,594.39,4.02,304.0,138,131,297.2,1,0.0,0,Lost,0.557,66.2,0.26
15530,80,3,1163.69,12.51,654.0,77,97,387.9,0,333.62,0,Loyal Customers,0.316,101.28,0.21
16172,26,5,1140.21,16.52,787.0,52,146,228.04,1,0.0,0,Loyal Customers,0.336,115.65,0.48
14844,54,3,2257.68,25.95,1301.0,64,118,752.56,0,932.13,1,Loyal Customers,0.323,60.92,0.377
13122,25,2,922.39,16.77,585.0,54,146,461.2,1,0.0,0,Loyal Customers,0.523,10.92,0.264
15147,171,1,623.5,22.27,366.0,28,0,623.5,1,0.0,0,Lost,0.734,2.74,0.141
16617,166,1,151.85,30.37,91.0,5,0,151.85,1,0.0,0,Lost,0.837,0.94,0.097
14623,47,3,606.16,5.77,265.0,88,119,202.05,0,280.54,1,Loyal Customers,0.264,74.83,0.314
18064,64,2,814.0,116.29,384.0,7,102,407.0,1,0.0,0,Lost,0.525,5.5,0.212
13735,106,2,1409.69,13.82,719.0,88,59,704.84,0,1473.85,1,Loyal Customers,0.373,66.29,0.406
13719,136,2,338.74,16.94,186.0,19,29,169.37,0,702.94,1,Loyal Customers,0.594,52.28,0.219
17734,67,2,540.21,16.37,343.0,31,97,270.11,0,160.42,1,Loyal Customers,0.445,33.92,0.333
15912,109,2,264.62,13.93,185.0,19,55,132.31,1,0.0,0,Lost,0.676,4.38,0.185
15376,48,2,977.22,9.68,533.0,94,105,488.61,0,244.34,0,Loyal Customers,0.342,28.91,0.305
17394,150,1,203.87,50.97,241.0,4,0,203.87,1,0.0,0,Lost,0.786,3.84,0.124
17522,69,4,912.25,13.62,932.0,54,80,228.06,0,158.46,0,Champions,0.221,60.08,0.473
13561,146,1,141.86,10.13,83.0,14,0,141.86,1,0.0,0,Lost,0.789,2.75,0.124
17597,144,1,2044.37,37.17,1176.0,55,0,2044.37,1,0.0,0,Lost,0.61,12.4,0.358
14288,144,1,426.6,26.66,188.0,16,0,426.6,1,0.0,0,Lost,0.707,3.26,0.2
14731,136,2,251.02,8.37,182.0,23,7,125.51,0,129.0,1,At Risk,0.685,9.41,0.175
17664,143,1,326.19,14.18,409.0,23,0,326.19,0,278.45,0,At Risk,0.705,6.77,0.124
14651,142,1,415.47,7.04,185.0,59,0,415.47,0,238.28,1,Loyal Customers,0.558,7.09,0.26
15907,107,2,477.59,4.38,237.0,93,34,238.79,0,405.13,0,At Risk,0.449,33.44,0.244
15333,139,1,1028.56,64.29,344.0,16,0,1028.56,1,0.0,0,Lost,0.742,11.04,0.256
14583,75,4,741.72,3.48,552.0,172,61,185.43,0,245.24,0,Champions,0.174,98.79,0.659
13213,59,4,963.88,18.9,478.0,44,71,240.97,0,556.7,1,Loyal Customers,0.334,61.47,0.463
14593,129,2,339.59,5.31,118.0,54,0,169.8,0,277.56,0,At Risk,0.628,17.27,0.223
13062,122,1,346.98,31.54,343.0,11,0,346.98,1,0.0,0,Lost,0.833,3.29,0.132
15405,120,1,349.1,43.64,193.0,8,0,349.1,1,0.0,0,Lost,0.808,3.08,0.146
16298,117,1,114.3,16.33,50.0,7,0,114.3,0,483.9,1,At Risk,0.668,8.9,0.107
18072,116,1,247.44,13.75,288.0,18,0,247.44,1,0.0,0,Lost,0.698,6.31,0.184
17124,116,1,294.24,9.49,129.0,31,0,294.24,1,0.0,0,Lost,0.654,4.45,0.234
13936,110,1,376.58,14.48,330.0,26,0,376.58,1,0.0,0,Lost,0.679,4.9,0.18
15585,107,1,455.3,14.69,320.0,31,0,455.3,1,0.0,0,Lost,0.662,5.03,0.195
16257,107,1,46.95,23.48,2.0,2,0,46.95,1,0.0,0,Lost,0.746,1.89,0.15
16869,96,2,387.68,6.8,242.0,56,10,193.84,0,429.44,1,Loyal Customers,0.46,24.5,0.3
13568,104,1,187.05,4.35,66.0,41,0,187.05,1,0.0,0,Lost,0.643,22.14,0.22
13780,101,1,116.28,12.92,173.0,9,0,116.28,0,243.73,0,At Risk,0.655,6.74,0.103
16247,101,1,114.56,7.16,182.0,16,0,114.56,1,0.0,0,Lost,0.677,4.92,0.17
13937,100,1,158.85,17.65,123.0,9,0,158.85,1,0.0,0,Lost,0.735,2.88,0.106
16200,95,1,550.57,9.49,231.0,58,0,550.57,0,518.3,0,At Risk,0.71,10.47,0.24
16616,88,1,210.1,19.1,110.0,11,0,210.1,0,290.32,0,At Risk,0.69,7.61,0.161
13681,86,1,203.46,15.65,96.0,13,0,203.46,0,624.37,1,Loyal Customers,0.608,12.79,0.356
13699,86,1,308.58,22.04,66.0,14,0,308.58,1,0.0,0,Lost,0.718,9.22,0.171
13302,86,1,63.75,63.75,5.0,1,0,63.75,1,0.0,0,Lost,0.783,0.46,0.064
17962,73,1,102.41,3.01,127.0,33,0,102.41,1,0.0,0,Lost,0.578,8.25,0.057
17660,72,1,178.75,4.7,121.0,37,0,178.75,1,0.0,0,Lost,0.608,6.28,0.182
14019,29,2,800.53,19.06,553.0,28,40,400.27,0,621.08,1,Loyal Customers,0.394,32.14,0.283
15746,65,1,196.88,7.03,178.0,28,0,196.88,1,0.0,0,Lost,0.602,12.05,0.266
12981,64,1,187.18,17.02,134.0,11,0,187.18,0,185.04,0,At Risk,0.637,28.11,0.214
15438,62,1,156.58,6.26,59.0,25,0,156.58,1,0.0,0,Lost,0.681,8.39,0.233
13023,60,1,336.4,16.82,159.0,20,0,336.4,0,353.5,1,Loyal Customers,0.575,22.29,0.258
15247,53,1,356.0,59.33,160.0,6,0,356.0,1,0.0,0,Lost,0.775,3.85,0.163
14301,48,1,640.14,49.24,606.0,13,0,640.14,1,0.0,0,Lost,0.769,3.87,0.176
16902,47,1,1706.88,38.79,629.0,43,0,1706.88,1,0.0,0,Loyal Customers,0.634,37.48,0.218
17747,43,1,71.4,71.4,12.0,1,0,71.4,1,0.0,0,Lost,0.833,1.04,0.195
15663,37,1,138.14,15.35,106.0,9,0,138.14,1,0.0,0,Lost,0.668,6.05,0.124
13276,30,1,137.38,19.63,20.0,7,0,137.38,0,453.55,1,At Risk,0.565,23.08,0.234
13099,30,1,207.36,207.36,288.0,1,0,207.36,1,0.0,0,Lost,0.832,5.58,0.08
14067,27,1,224.67,8.99,216.0,25,0,224.67,0,150.03,1,Lost,0.482,22.12,0.242
15618,23,3,419.04,17.46,215.0,22,44,139.68,0,357.81,0,Loyal Customers,0.35,19.82,0.258
13848,23,3,1255.0,251.0,3700.0,3,274,418.33,1,0.0,0,Loyal Customers,0.724,1.05,0.165
17370,3,4,446.18,13.52,540.0,31,97,111.54,1,0.0,0,Loyal Customers,0.56,6.6,0.244
15198,23,2,193.64,19.36,120.0,10,32,96.82,1,0.0,0,Lost,0.585,5.13,0.059
15039,11,39,18655.19,14.06,8573.0,382,288,478.34,0,1111.4,1,Champions,0.012,3679.63,0.938
14665,20,4,1276.18,19.63,502.0,62,221,319.05,0,559.52,1,Loyal Customers,0.267,218.7,0.685
13426,20,6,2010.65,21.39,1397.0,68,270,335.11,0,1338.89,1,Champions,0.1,197.12,0.365
14194,6,14,6975.96,18.7,3769.0,204,233,498.28,0,4373.56,1,Champions,0.036,1346.26,0.382
15103,17,1,291.68,22.44,148.0,13,0,291.68,0,411.68,0,At Risk,0.546,34.53,0.232
13134,16,4,1793.58,18.3,1059.0,94,155,448.4,1,0.0,0,Loyal Customers,0.332,61.41,0.316
13018,3,21,5678.17,15.69,4260.0,261,223,270.39,0,1599.53,1,Champions,0.053,1134.77,0.88
17218,2,7,1355.6,7.66,638.0,108,297,193.66,0,596.37,0,Champions,0.087,365.55,0.233
16150,19,4,1748.53,17.49,938.0,80,284,437.13,0,304.49,1,Loyal Customers,0.225,178.21,0.441
15253,19,3,640.6,16.86,600.0,37,81,213.53,0,277.6,0,Loyal Customers,0.417,148.16,0.277
16141,19,1,620.4,20.68,238.0,30,0,620.4,1,0.0,0,Lost,0.539,8.83,0.233
15673,19,4,2726.23,19.76,1451.0,107,239,681.56,1,0.0,0,Loyal Customers,0.36,54.08,0.372
14901,4,7,1093.83,14.78,522.0,59,299,156.26,0,327.46,0,Champions,0.155,74.24,0.131
17092,18,3,985.92,12.97,606.0,61,190,328.64,0,788.11,1,Loyal Customers,0.271,70.29,0.559
16036,18,2,758.92,13.8,716.0,55,176,379.46,1,0.0,0,Loyal Customers,0.408,30.85,0.208
17293,16,6,1117.37,17.46,700.0,53,276,186.23,0,736.69,1,Champions,0.139,214.26,0.539
14124,15,1,419.58,83.92,1618.0,4,0,419.58,1,0.0,0,Lost,0.785,0.3,0.153
15465,13,16,6419.08,75.52,987.0,41,287,401.19,0,935.54,1,Champions,0.086,1456.4,0.743
13334,13,3,3502.32,13.22,1764.0,207,223,1167.44,1,0.0,0,Loyal Customers,0.517,29.89,0.233
18226,12,10,4735.55,22.77,3172.0,116,256,473.55,0,492.5,1,Champions,0.021,951.27,0.785
13094,11,11,1774.68,80.67,1572.0,4,288,161.33,0,152.64,0,Champions,0.132,94.4,0.502
14401,11,11,3384.88,24.18,3655.0,79,279,307.72,0,666.6,0,Champions,0.012,832.56,0.768
13138,11,4,687.89,14.64,349.0,29,292,171.97,0,274.5,1,Loyal Customers,0.372,24.9,0.311
14887,10,1,1862.0,310.33,1100.0,6,0,1862.0,1,0.0,0,Loyal Customers,0.825,3.3,0.165
17581,9,19,8358.27,24.73,4401.0,203,294,439.91,0,1682.29,0,Champions,0.005,2369.81,0.528
16735,9,5,2247.41,19.37,1532.0,88,256,449.48,1,0.0,0,Loyal Customers,0.341,121.96,0.274
14659,9,7,2067.98,10.24,974.0,135,237,295.43,0,461.95,0,Champions,0.106,299.15,0.252
14038,9,3,1560.38,16.96,965.0,64,129,520.13,1,0.0,0,Loyal Customers,0.429,12.39,0.199
12936,9,1,798.46,24.2,434.0,33,0,798.46,0,265.44,0,Loyal Customers,0.422,23.16,0.204
14113,9,2,926.38,102.93,326.0,8,276,463.19,0,914.04,0,Champions,0.304,97.27,0.218
13320,9,4,1532.2,14.59,1086.0,77,135,383.05,1,0.0,0,Loyal Customers,0.374,59.72,0.226
16978,8,1,344.33,8.83,166.0,39,0,344.33,1,0.0,0,Lost,0.495,18.62,0.31
14546,8,3,1602.1,5.96,908.0,209,171,534.03,0,971.83,0,Champions,0.263,63.02,0.161
16133,6,24,11766.07,51.16,6733.0,162,243,490.25,0,2822.97,1,Champions,0.04,2876.82,0.869
16187,6,13,6282.19,23.62,4569.0,154,209,483.25,0,629.25,1,Champions,0.094,732.27,0.647
17705,5,7,1191.92,15.48,717.0,54,227,170.27,0,631.6,0,Champions,0.105,229.71,0.137
13410,5,4,728.66,31.68,406.0,14,217,182.17,0,274.4,0,Loyal Customers,0.393,35.46,0.084
18205,5,1,225.76,15.05,76.0,15,0,225.76,0,291.6,0,At Risk,0.474,16.84,0.085
14908,5,1,277.8,30.87,132.0,9,0,277.8,1,0.0,0,Lost,0.741,5.09,0.068
17491,5,7,2423.62,30.68,1336.0,64,293,346.23,0,1135.25,0,Champions,0.072,394.83,0.169
17389,5,26,13595.54,97.11,2980.0,44,257,522.91,0,17496.24,0,Champions,0.01,5158.66,0.322
15344,5,1,308.69,18.16,91.0,17,0,308.69,0,151.95,0,At Risk,0.475,19.91,0.164
14321,4,4,1230.59,11.83,2038.0,99,260,307.65,0,300.16,0,Loyal Customers,0.182,169.6,0.122
13499,4,3,613.85,21.92,451.0,24,196,204.62,0,545.26,0,Loyal Customers,0.446,18.57,0.174
15701,4,2,964.97,7.31,501.0,121,37,482.49,0,564.03,1,Champions,0.251,132.73,0.515
14466,4,6,1785.65,30.79,829.0,32,299,297.61,0,486.75,0,Loyal Customers,0.259,129.72,0.162
13016,4,3,789.89,16.81,527.0,39,50,263.3,1,0.0,0,Loyal Customers,0.447,47.53,0.234
14412,3,1,462.45,16.52,666.0,28,0,462.45,0,307.58,1,At Risk,0.417,8.59,0.309
17469,3,4,1492.07,21.02,615.0,49,132,373.02,0,378.9,0,Loyal Customers,0.31,75.87,0.122
14434,3,1,310.8,103.6,92.0,3,0,310.8,0,1062.0,1,Loyal Customers,0.564,4.19,0.338
17894,2,8,1118.96,5.83,404.0,127,295,139.87,1,0.0,0,Loyal Customers,0.559,45.11,0.304
14524,2,8,1731.93,8.88,643.0,161,289,216.49,0,111.9,0,Loyal Customers,0.056,310.27,0.278
13960,2,1,128.1,32.03,40.0,4,0,128.1,0,102.12,0,At Risk,0.555,5.51,0.047
15356,2,9,2567.99,5.45,1549.0,209,297,285.33,0,150.04,0,Champions,0.019,715.8,0.296
14681,2,3,498.95,71.28,76.0,6,140,166.32,1,0.0,0,Loyal Customers,0.686,7.11,0.084
14948,2,5,834.27,16.36,569.0,45,148,166.85,0,267.7,0,Loyal Customers,0.245,257.2,0.136
17968,304,1,265.1,3.27,151.0,74,0,265.1,1,0.0,0,Lost,0.772,4.81,0.056
15165,304,1,487.75,18.06,160.0,27,0,487.75,1,0.0,0,Lost,0.725,4.33,0.052
15732,143,2,294.12,21.01,215.0,13,160,147.06,1,0.0,0,Lost,0.736,1.51,0.141
17396,79,6,4801.8,266.77,1105.0,18,223,800.3,0,2529.0,1,Champions,0.402,550.66,0.738
16654,72,4,601.27,20.73,282.0,29,227,150.32,1,0.0,0,Loyal Customers,0.499,7.58,0.293
16904,25,14,2948.55,5.24,1602.0,335,273,210.61,0,705.2,0,Champions,0.014,682.06,0.569
16125,298,1,289.35,22.26,124.0,13,0,289.35,1,0.0,0,Lost,0.695,4.2,0.079
14744,228,5,928.03,54.59,519.0,14,69,185.61,0,171.95,1,Loyal Customers,0.568,4.93,0.293
17406,264,3,2184.42,19.68,780.0,99,33,728.14,1,0.0,0,Loyal Customers,0.542,6.93,0.11
14796,25,14,6581.18,7.32,4850.0,338,272,470.08,0,1394.31,1,Champions,0.013,1522.6,0.883
15880,300,1,329.03,3.43,202.0,95,0,329.03,1,0.0,0,Lost,0.812,0.53,0.042
14161,146,3,1097.62,10.55,450.0,87,154,365.87,1,0.0,0,Loyal Customers,0.557,18.83,0.195
16143,39,5,1949.36,20.74,715.0,70,261,389.87,0,475.58,0,Champions,0.183,197.07,0.354
17227,103,3,473.75,21.53,296.0,17,196,157.92,0,465.57,1,Loyal Customers,0.469,7.43,0.221
15048,47,3,321.48,4.12,170.0,74,252,107.16,0,59.52,1,Loyal Customers,0.385,17.74,0.549
17682,46,5,1899.35,21.34,989.0,39,253,379.87,0,574.98,0,Champions,0.212,122.43,0.31
17671,88,3,1098.55,24.97,524.0,38,208,366.18,0,474.16,0,Loyal Customers,0.401,72.06,0.217
15211,296,1,383.07,16.66,117.0,23,0,383.07,0,511.34,1,Loyal Customers,0.73,3.76,0.047
16907,79,4,658.99,6.05,217.0,74,217,164.75,0,269.77,0,Loyal Customers,0.232,29.2,0.258
13969,38,11,3883.23,11.22,1970.0,221,258,353.02,0,5140.94,1,Champions,0.012,1405.46,0.914
17880,295,1,458.92,17.65,314.0,26,0,458.92,1,0.0,0,Lost,0.73,8.88,0.053
15881,243,5,501.39,17.29,260.0,26,52,100.28,1,0.0,0,Lost,0.867,0.17,0.046
16727,295,1,256.32,5.83,167.0,41,0,256.32,1,0.0,0,Lost,0.659,8.35,0.079
17188,95,5,1815.09,32.41,971.0,51,198,363.02,0,659.14,0,Champions,0.207,116.34,0.291
15454,293,1,179.1,7.16,86.0,23,0,179.1,1,0.0,0,Lost,0.692,4.16,0.082
13209,59,5,4156.08,17.46,3255.0,200,233,831.22,0,1735.53,0,Champions,0.086,1032.47,0.279
16726,127,4,777.16,8.01,512.0,71,165,194.29,0,581.58,0,Loyal Customers,0.305,56.38,0.352
13211,26,2,784.64,17.44,579.0,43,266,392.32,0,310.78,0,At Risk,0.411,57.41,0.25
14150,290,1,306.18,25.52,262.0,12,0,306.18,0,352.46,0,At Risk,0.776,4.72,0.072
17551,290,1,290.34,7.44,142.0,39,0,290.34,1,0.0,0,Lost,0.704,6.08,0.091
15482,96,4,1928.3,91.82,675.0,17,193,482.08,0,8951.46,1,Champions,0.484,31.41,0.59
16037,200,3,855.02,21.92,428.0,37,89,285.01,1,0.0,0,Lost,0.559,21.04,0.121
15563,131,2,735.62,11.86,742.0,55,158,367.81,0,664.82,0,Loyal Customers,0.402,48.28,0.175
17913,286,1,218.05,7.03,100.0,31,0,218.05,0,190.6,1,At Risk,0.668,12.12,0.326
16686,29,6,2399.94,5.7,1644.0,327,257,399.99,0,559.94,1,Loyal Customers,0.093,443.38,0.111
13029,69,2,773.2,110.46,92.0,6,215,386.6,0,474.3,0,Loyal Customers,0.311,63.96,0.194
13082,57,9,3613.63,49.5,4324.0,63,212,401.51,1,0.0,0,Loyal Customers,0.472,160.91,0.231
13593,39,5,2011.88,15.84,719.0,77,228,402.38,1,0.0,0,Loyal Customers,0.268,105.93,0.33
18171,30,4,994.31,22.1,331.0,35,234,248.58,0,237.0,1,Loyal Customers,0.317,54.59,0.415
14209,52,5,1876.33,23.16,657.0,54,211,375.27,0,197.1,0,Champions,0.209,203.13,0.268
18190,123,2,284.46,18.96,140.0,14,138,142.23,1,0.0,0,Lost,0.703,2.39,0.163
16593,120,2,255.5,12.17,85.0,20,138,127.75,0,74.53,1,At Risk,0.666,3.99,0.191
12916,69,4,2944.95,28.59,1083.0,53,182,736.24,1,0.0,0,Loyal Customers,0.325,43.55,0.314
13703,249,1,99.5,99.5,10.0,1,0,99.5,1,0.0,0,Lost,0.843,1.13,0.032
15339,249,1,257.9,6.29,159.0,40,0,257.9,0,316.17,1,Lost,0.625,6.22,0.173
17515,137,3,571.37,7.42,220.0,47,112,190.46,0,67.65,0,Loyal Customers,0.457,43.52,0.254
14049,89,3,3244.74,11.89,2150.0,211,159,1081.58,0,2333.98,0,Loyal Customers,0.21,67.61,0.347
15910,30,5,663.36,4.02,510.0,143,217,132.67,0,432.17,1,Champions,0.227,75.83,0.714
16767,24,7,4820.46,25.78,3913.0,137,223,688.64,0,755.1,0,Champions,0.097,859.46,0.271
15579,244,1,195.35,7.81,55.0,25,0,195.35,0,132.25,1,Lost,0.677,5.6,0.189
17463,107,3,1227.59,10.15,718.0,103,137,409.2,0,648.27,1,Loyal Customers,0.311,58.58,0.581
17239,243,1,382.5,25.5,150.0,15,0,382.5,1,0.0,0,Lost,0.762,2.02,0.092
15226,241,1,154.41,19.3,71.0,8,0,154.41,1,0.0,0,Lost,0.835,1.53,0.09
14460,41,3,434.34,27.15,881.0,14,200,144.78,1,0.0,0,Lost,0.679,6.69,0.154
13894,241,1,160.85,16.09,105.0,10,0,160.85,0,403.77,0,At Risk,0.658,7.88,0.094
16938,110,3,2386.05,11.15,2318.0,205,129,795.35,0,325.63,0,Champions,0.208,139.69,0.225
16109,149,2,611.88,33.99,612.0,18,90,305.94,1,0.0,0,Lost,0.651,3.66,0.15
17774,27,4,1213.73,7.93,508.0,123,209,303.43,1,0.0,0,Loyal Customers,0.298,126.26,0.285
13133,204,2,109.8,15.69,32.0,7,31,54.9,1,0.0,0,Lost,0.821,0.6,0.033
18093,24,4,2106.52,58.51,1392.0,31,209,526.63,1,0.0,0,Loyal Customers,0.496,7.87,0.351
12857,141,2,1106.4,24.05,343.0,37,92,553.2,1,0.0,0,Lost,0.695,9.08,0.194
17612,26,5,1682.94,15.58,1341.0,95,202,336.59,0,365.51,1,Loyal Customers,0.122,188.7,0.422
13085,88,2,416.08,18.91,216.0,17,138,208.04,1,0.0,0,Lost,0.592,11.1,0.246
13932,225,1,307.4,19.21,72.0,16,0,307.4,1,0.0,0,Lost,0.769,3.46,0.138
13799,47,2,688.86,17.66,402.0,32,178,344.43,1,0.0,0,Lost,0.612,23.46,0.23
16566,101,3,463.88,51.54,216.0,9,122,154.63,0,150.78,1,Loyal Customers,0.503,5.87,0.19
13744,26,2,1080.52,17.15,1153.0,54,197,540.26,1,0.0,0,Loyal Customers,0.554,6.17,0.231
12988,223,1,505.82,6.09,126.0,75,0,505.82,1,0.0,0,Lost,0.763,2.29,0.072
16349,221,1,53.5,5.94,9.0,9,0,53.5,1,0.0,0,Lost,0.809,1.92,0.138
18114,221,1,220.1,7.86,55.0,28,0,220.1,1,0.0,0,Lost,0.72,5.99,0.169
12845,198,4,354.09,13.11,204.0,26,23,88.52,1,0.0,0,Lost,0.86,0.88,0.042
18151,65,2,653.35,17.19,355.0,38,155,326.67,1,0.0,0,Lost,0.592,13.61,0.146
13118,139,3,799.7,16.66,274.0,40,80,266.57,0,398.11,0,Loyal Customers,0.407,42.62,0.303
13753,218,1,741.26,21.18,512.0,35,0,741.26,1,0.0,0,Lost,0.689,6.54,0.131
13684,216,1,65.13,2.25,38.0,29,0,65.13,1,0.0,0,Lost,0.725,5.21,0.11
13261,199,2,944.1,104.9,210.0,8,17,472.05,1,0.0,0,Lost,0.785,6.1,0.078
16057,27,6,1544.23,18.61,620.0,79,188,257.37,0,718.89,0,Champions,0.143,289.46,0.452
15733,213,1,162.3,16.23,62.0,10,0,162.3,1,0.0,0,Lost,0.729,4.87,0.072
16792,213,2,110.38,9.2,44.0,11,0,55.19,1,0.0,0,Lost,0.782,1.52,0.037
15869,208,2,149.64,9.98,175.0,13,0,74.82,1,0.0,0,Lost,0.78,0.7,0.033
13340,36,5,9229.54,82.41,5148.0,111,171,1845.91,0,1506.94,1,Champions,0.176,649.31,0.538
13373,89,2,2055.58,19.39,944.0,95,118,1027.79,0,1256.67,1,Loyal Customers,0.359,66.83,0.32
17639,207,1,108.5,15.5,49.0,7,0,108.5,1,0.0,0,Lost,0.807,1.58,0.062
14336,129,3,1114.39,18.89,989.0,53,78,371.46,0,500.52,0,Loyal Customers,0.363,42.23,0.215
17138,206,1,380.5,15.85,126.0,24,0,380.5,1,0.0,0,Lost,0.765,2.13,0.073
14350,205,1,282.93,15.72,183.0,18,0,282.93,1,0.0,0,Lost,0.715,3.85,0.093
15493,80,3,1286.95,6.74,358.0,126,121,428.98,0,666.46,0,Loyal Customers,0.298,41.0,0.291
17542,200,1,170.75,6.83,134.0,24,0,170.75,1,0.0,0,Lost,0.67,1.69,0.102
18210,198,1,142.4,28.48,62.0,5,0,142.4,0,2478.98,1,Champions,0.821,7.07,0.079
17921,79,3,595.47,5.9,288.0,82,118,198.49,0,224.76,1,Loyal Customers,0.289,61.9,0.309
14693,195,1,172.9,21.61,34.0,8,0,172.9,1,0.0,0,Lost,0.788,1.39,0.071
12843,90,7,1692.31,16.59,780.0,68,105,241.76,0,9.95,1,Loyal Customers,0.216,54.56,0.499
16619,194,1,226.21,16.16,133.0,14,0,226.21,1,0.0,0,Lost,0.688,3.37,0.096
15669,34,3,565.54,18.85,262.0,29,160,188.51,0,118.8,0,Loyal Customers,0.414,22.56,0.285
14245,150,2,1693.45,15.68,976.0,107,44,846.72,1,0.0,0,Loyal Customers,0.434,13.56,0.285
17272,130,2,1409.44,17.84,1161.0,59,63,704.72,0,739.19,1,Loyal Customers,0.354,52.97,0.311
17698,191,1,154.95,19.37,93.0,8,0,154.95,1,0.0,0,Lost,0.815,1.29,0.069
14536,190,1,170.95,9.5,39.0,18,0,170.95,1,0.0,0,Lost,0.716,2.53,0.104
17946,164,2,149.58,7.48,75.0,18,26,74.79,1,0.0,0,Lost,0.804,0.96,0.053
13760,187,1,135.09,4.82,96.0,28,0,135.09,0,151.7,1,At Risk,0.668,3.54,0.387
18177,88,5,1037.27,17.58,543.0,43,98,207.45,0,303.6,0,Loyal Customers,0.299,68.54,0.372
17438,184,1,388.45,22.85,103.0,17,0,388.45,1,0.0,0,Lost,0.798,2.56,0.127
13573,184,1,31.77,10.59,10.0,3,0,31.77,0,258.48,1,At Risk,0.652,10.03,0.419
16162,183,1,37.4,18.7,4.0,2,0,37.4,1,0.0,0,Lost,0.79,1.25,0.117
17492,179,1,374.57,31.21,155.0,12,0,374.57,1,0.0,0,Lost,0.809,1.73,0.111
13863,178,1,305.78,15.29,224.0,20,0,305.78,1,0.0,0,Lost,0.771,3.11,0.133
13508,174,1,110.97,9.25,24.0,12,0,110.97,1,0.0,0,Lost,0.78,2.28,0.105
14311,173,1,310.26,15.51,146.0,20,0,310.26,1,0.0,0,Lost,0.782,2.37,0.148
13203,51,2,309.86,15.49,274.0,20,122,154.93,0,559.6,0,At Risk,0.41,23.6,0.249
13544,171,1,113.01,2.69,63.0,42,0,113.01,0,163.05,0,At Risk,0.492,5.14,0.113
16966,101,4,1486.56,67.57,1320.0,8,70,371.64,0,668.41,1,Champions,0.392,38.17,0.293
14105,170,1,1266.23,17.11,800.0,74,0,1266.23,1,0.0,0,Lost,0.572,17.74,0.283
17142,170,1,579.0,38.6,81.0,15,0,579.0,1,0.0,0,Lost,0.856,1.33,0.109
18213,167,1,232.48,15.5,232.0,15,0,232.48,1,0.0,0,Lost,0.685,3.5,0.136
14759,43,2,870.85,16.75,247.0,47,120,435.42,0,755.12,0,At Risk,0.407,35.24,0.289
14512,118,2,275.28,11.97,122.0,19,45,137.64,1,0.0,0,Lost,0.669,4.05,0.183
17670,158,1,205.7,18.7,110.0,11,0,205.7,1,0.0,0,Lost,0.737,3.71,0.123
15891,157,1,511.68,8.53,418.0,60,0,511.68,1,0.0,0,Lost,0.684,4.22,0.131
16990,149,1,179.0,179.0,100.0,1,0,179.0,1,0.0,0,Lost,0.794,-0.0,0.039
16007,111,2,727.67,4.58,581.0,128,35,363.84,0,966.14,1,Loyal Customers,0.387,88.47,0.397
13427,51,2,464.86,20.21,431.0,19,95,232.43,0,117.74,0,At Risk,0.403,35.68,0.288
15630,135,1,396.86,18.9,280.0,21,0,396.86,0,789.49,1,Loyal Customers,0.657,5.55,0.189
13391,134,1,59.8,59.8,4.0,1,0,59.8,1,0.0,0,Lost,0.812,0.77,0.062
13308,134,1,814.95,31.34,519.0,26,0,814.95,0,570.56,1,Loyal Customers,0.509,14.87,0.259
12749,61,3,2755.23,21.53,1080.0,113,83,918.41,0,1335.65,0,Champions,0.275,117.03,0.209
15123,137,1,1069.47,20.18,509.0,53,0,1069.47,0,1129.84,0,At Risk,0.637,23.07,0.207
12974,128,1,144.8,18.1,24.0,8,0,144.8,1,0.0,0,Lost,0.72,3.28,0.097
15925,125,1,207.15,17.26,93.0,12,0,207.15,1,0.0,0,Lost,0.681,6.86,0.142
13398,123,1,457.34,17.59,281.0,26,0,457.34,1,0.0,0,Lost,0.677,4.3,0.196
15124,122,1,90.75,10.08,89.0,9,0,90.75,0,93.44,0,At Risk,0.682,0.7,0.048
14597,122,1,165.1,55.03,118.0,3,0,165.1,0,701.14,0,At Risk,0.596,53.96,0.121
17531,121,1,296.7,21.19,136.0,14,0,296.7,1,0.0,0,Lost,0.695,4.68,0.165
15462,25,3,234.6,21.33,172.0,9,93,78.2,1,0.0,0,Lost,0.651,1.68,0.068
15386,117,1,394.14,12.71,446.0,31,0,394.14,1,0.0,0,Lost,0.686,3.74,0.141
13686,113,1,72.0,9.0,70.0,8,0,72.0,1,0.0,0,Lost,0.764,1.4,0.135
13617,44,2,365.7,13.06,188.0,23,67,182.85,0,178.48,0,Loyal Customers,0.304,30.67,0.363
13517,37,2,1612.18,14.93,981.0,99,73,806.09,0,516.24,1,Loyal Customers,0.307,55.43,0.299
17536,108,1,76.5,25.5,6.0,3,0,76.5,1,0.0,0,Lost,0.752,2.12,0.106
13826,107,1,189.5,18.95,82.0,10,0,189.5,1,0.0,0,Lost,0.723,7.08,0.114
17157,107,1,161.46,20.18,102.0,8,0,161.46,0,157.54,0,At Risk,0.616,36.39,0.116
13618,104,1,177.34,13.64,246.0,13,0,177.34,1,0.0,0,Lost,0.704,1.98,0.119
15747,51,2,525.37,12.22,281.0,26,52,262.69,0,421.27,0,At Risk,0.339,29.27,0.252
13338,88,1,487.02,25.63,256.0,19,0,487.02,1,0.0,0,Lost,0.7,5.61,0.23
13583,86,1,781.03,14.74,725.0,53,0,781.03,1,0.0,0,Lost,0.627,14.4,0.355
15920,85,4,167.5,2.79,99.0,53,0,41.87,1,0.0,0,Lost,0.685,1.28,0.051
18262,71,1,149.48,11.5,182.0,13,0,149.48,1,0.0,0,Lost,0.624,6.78,0.122
13194,66,1,60.7,20.23,26.0,3,0,60.7,1,0.0,0,Lost,0.664,6.76,0.188
15342,60,1,406.09,16.92,283.0,24,0,406.09,1,0.0,0,Lost,0.652,8.01,0.229
15494,52,1,1119.88,12.87,1071.0,87,0,1119.88,0,160.7,0,Loyal Customers,0.334,44.18,0.194
16952,40,2,167.61,10.48,92.0,16,0,83.81,1,0.0,0,Lost,0.571,3.05,0.098
14314,37,1,120.0,15.0,296.0,8,0,120.0,1,0.0,0,Lost,0.701,5.52,0.117
16761,27,1,316.62,24.36,341.0,13,0,316.62,1,0.0,0,Lost,0.694,10.84,0.218
13808,24,2,723.1,20.66,324.0,33,3,361.55,0,1024.56,1,Champions,0.446,75.28,0.246
16820,26,1,497.61,19.14,307.0,26,0,497.61,1,0.0,0,Lost,0.546,18.52,0.246
18222,23,1,443.0,23.32,335.0,19,0,443.0,1,0.0,0,Lost,0.606,10.01,0.25
17634,23,7,2077.07,8.88,650.0,177,245,296.72,0,281.52,1,Loyal Customers,0.084,357.55,0.476
16031,23,2,547.9,5.59,421.0,91,155,273.95,1,0.0,0,Lost,0.484,38.23,0.257
14511,23,2,329.89,20.62,145.0,16,41,164.95,0,984.92,1,Loyal Customers,0.363,35.29,0.276
13769,23,8,2176.62,21.55,856.0,61,275,272.08,0,619.89,0,Champions,0.068,416.37,0.552
15453,23,4,701.2,4.8,357.0,102,95,175.3,0,670.57,1,Champions,0.219,158.49,0.458
16011,2,13,2457.54,13.81,1585.0,90,295,189.04,0,895.42,1,Champions,0.018,613.18,0.552
17870,2,8,905.16,8.23,592.0,99,295,113.15,0,960.73,1,Champions,0.186,331.42,0.626
17001,22,8,2793.49,22.9,1566.0,60,267,349.19,0,788.4,1,Champions,0.049,519.81,0.647
17800,22,7,904.8,11.45,560.0,41,243,129.26,0,282.41,1,Loyal Customers,0.242,90.3,0.416
14895,22,13,7974.79,21.73,3418.0,242,199,613.45,0,3163.92,1,Champions,0.058,1542.22,0.835
16899,20,4,587.73,7.53,254.0,62,271,146.93,0,683.33,0,Champions,0.204,45.74,0.193
16107,20,4,1810.72,86.22,584.0,16,94,452.68,0,1393.44,1,Champions,0.419,39.22,0.48
13324,20,9,6437.83,97.54,4645.0,25,271,715.31,0,684.12,0,Champions,0.012,1129.26,0.319
18092,17,9,7155.52,105.23,3626.0,24,279,795.06,0,1912.74,0,Champions,0.017,1173.5,0.408
15845,17,6,3070.0,27.66,1661.0,81,251,511.67,0,641.77,0,Champions,0.124,297.54,0.334
14660,17,2,285.74,9.52,228.0,24,14,142.87,1,0.0,0,Lost,0.393,21.35,0.249
15380,17,3,1004.56,41.86,272.0,19,279,334.85,0,685.7,1,Champions,0.31,84.37,0.673
17679,16,1,1643.2,63.2,678.0,26,0,1643.2,0,348.91,1,Loyal Customers,0.492,39.02,0.465
15005,9,22,4933.84,5.54,3231.0,290,288,224.27,0,1361.53,1,Champions,0.004,1664.45,0.915
16871,20,5,2367.26,19.73,1061.0,118,181,473.45,0,445.08,0,Loyal Customers,0.211,191.33,0.252
18215,20,1,299.34,23.03,118.0,13,0,299.34,1,0.0,0,Lost,0.644,9.63,0.21
13265,19,4,1787.3,24.15,1340.0,53,185,446.83,0,305.36,1,Loyal Customers,0.264,38.42,0.318
15980,19,3,2398.86,55.79,1560.0,40,166,799.62,1,0.0,0,Loyal Customers,0.437,30.14,0.313
13431,19,1,853.68,23.71,556.0,36,0,853.68,0,415.42,1,Loyal Customers,0.453,25.33,0.292
16209,19,5,2262.62,49.19,1179.0,37,158,452.52,1,0.0,0,Loyal Customers,0.532,16.43,0.406
12822,18,1,690.9,18.67,424.0,37,0,690.9,0,257.98,1,Loyal Customers,0.473,39.47,0.259
17898,16,2,152.06,5.43,190.0,27,122,76.03,1,0.0,0,Lost,0.647,2.48,0.087
13141,15,5,2388.75,17.69,1548.0,113,231,477.75,1,0.0,0,Loyal Customers,0.213,274.29,0.311
13268,15,7,2436.38,7.23,2773.0,224,183,348.05,0,738.37,0,Champions,0.073,696.08,0.137
16924,15,1,271.11,11.3,97.0,24,0,271.11,0,558.78,1,Loyal Customers,0.393,24.95,0.443
13323,15,1,120.3,24.06,26.0,5,0,120.3,0,667.55,0,At Risk,0.547,21.84,0.149
17858,13,10,3907.39,30.77,2420.0,71,287,390.74,0,1233.27,1,Champions,0.011,1320.24,0.317
16033,13,17,6819.06,8.18,2570.0,435,287,401.12,0,1959.76,1,Champions,0.008,1599.84,0.911
17069,8,7,2058.91,19.8,1056.0,88,296,294.13,0,650.79,0,Champions,0.107,336.04,0.143
13562,12,3,1799.33,21.94,757.0,50,164,599.78,1,0.0,0,Loyal Customers,0.456,20.13,0.243
17557,12,1,288.36,14.42,147.0,20,0,288.36,0,253.1,1,At Risk,0.423,36.43,0.491
16584,11,2,936.08,33.43,646.0,25,174,468.04,1,0.0,0,Loyal Customers,0.623,7.86,0.21
18135,11,2,233.47,16.68,145.0,10,110,116.74,0,448.44,0,Loyal Customers,0.5,5.47,0.136
17724,2,3,1033.0,25.83,300.0,38,67,344.33,1,0.0,0,Loyal Customers,0.482,64.08,0.182
18236,10,5,773.74,17.99,339.0,37,161,154.75,0,108.5,0,Loyal Customers,0.284,100.03,0.378
17466,9,1,460.41,20.02,133.0,23,0,460.41,0,302.87,0,At Risk,0.455,19.16,0.198
15810,9,4,1391.98,15.64,861.0,66,218,347.99,1,0.0,0,Loyal Customers,0.285,43.38,0.211
17243,9,17,4581.06,17.55,1579.0,133,291,269.47,0,3958.99,1,Champions,0.012,1195.28,0.86
13127,8,1,259.17,17.28,127.0,15,0,259.17,1,0.0,0,Lost,0.497,19.39,0.097
15903,8,3,951.96,23.8,1012.0,27,218,317.32,0,4174.8,1,Champions,0.558,56.69,0.406
16326,6,9,1707.11,9.48,395.0,116,259,189.68,0,1332.11,1,Champions,0.204,249.41,0.585
14800,6,10,3939.55,11.35,3333.0,228,294,393.95,0,392.24,1,Champions,0.007,1512.48,0.858
15312,6,4,924.85,19.68,516.0,42,279,231.21,1,0.0,0,Loyal Customers,0.437,54.94,0.188
14757,6,1,420.5,22.13,160.0,19,0,420.5,1,0.0,0,Lost,0.587,4.08,0.221
17107,6,4,8498.82,25.22,3520.0,237,203,2124.71,0,2298.66,0,Champions,0.266,166.18,0.057
14712,6,2,421.47,21.07,195.0,20,37,210.74,0,495.6,0,Loyal Customers,0.364,28.52,0.246
13468,5,30,4855.14,19.42,2152.0,164,299,161.84,0,849.83,1,Champions,0.003,1500.28,0.947
16145,4,9,2941.93,16.62,2590.0,113,286,326.88,0,857.56,0,Champions,0.018,565.14,0.362
17805,4,1,512.31,51.23,478.0,10,0,512.31,1,0.0,0,Lost,0.818,1.18,0.082
17017,3,15,6246.32,30.92,5011.0,84,300,416.42,0,2447.94,1,Champions,0.01,795.34,0.724
15301,3,11,4446.19,21.8,2301.0,130,296,404.2,0,603.76,1,Champions,0.017,1513.18,0.699
13901,3,5,2867.2,19.24,1739.0,144,246,573.44,1,0.0,0,Loyal Customers,0.366,345.69,0.161
16929,2,3,539.72,16.36,406.0,27,84,179.91,0,755.67,0,Champions,0.366,54.6,0.186
18192,2,1,957.97,21.29,339.0,45,0,957.97,1,0.0,0,Lost,0.452,10.77,0.174
14691,2,4,1769.07,28.53,607.0,50,141,442.27,0,345.26,0,Loyal Customers,0.348,66.57,0.129
17373,2,3,433.52,11.12,290.0,35,241,144.51,0,213.4,0,Loyal Customers,0.305,18.67,0.13
17905,2,4,798.99,24.21,406.0,33,302,199.75,1,0.0,0,Loyal Customers,0.521,29.71,0.143
13364,2,1,134.96,13.5,71.0,10,0,134.96,1,0.0,0,Lost,0.717,1.18,0.039
17850,303,34,5391.21,18.15,1733.0,21,1,158.57,1,0.0,0,Champions,0.794,1.27,0.088
13747,304,1,79.6,79.6,8.0,1,0,79.6,1,0.0,0,Lost,0.845,0.39,0.023
13093,206,8,7832.47,49.26,3961.0,97,98,979.06,1,0.0,0,Loyal Customers,0.785,20.21,0.081
16546,221,2,787.15,31.49,549.0,25,82,393.58,1,0.0,0,Lost,0.633,16.04,0.129
15363,303,1,326.0,20.38,144.0,16,0,326.0,1,0.0,0,Lost,0.757,2.27,0.049
16905,167,3,822.18,14.68,260.0,44,135,274.06,0,2215.42,1,Champions,0.401,44.22,0.309
16891,26,3,515.79,4.3,178.0,111,276,171.93,0,226.64,0,At Risk,0.208,87.71,0.326
17869,38,5,428.18,10.7,111.0,37,261,85.64,1,0.0,0,Loyal Customers,0.299,8.74,0.174
17735,24,16,11091.24,18.8,6817.0,270,274,693.2,0,2018.78,1,Champions,0.026,3315.88,0.917
14176,228,4,576.9,18.61,209.0,28,70,144.23,1,0.0,0,Lost,0.799,2.42,0.11
14673,298,1,373.49,24.9,213.0,15,0,373.49,0,1362.91,0,Champions,0.704,24.85,0.053
15680,297,1,478.89,15.96,331.0,30,0,478.89,0,854.79,0,At Risk,0.66,17.44,0.053
13369,296,1,308.28,22.02,149.0,14,0,308.28,1,0.0,0,Lost,0.727,4.81,0.072
16520,117,3,1046.57,6.71,558.0,129,179,348.86,1,0.0,0,Loyal Customers,0.49,48.39,0.139
17198,296,2,521.66,6.77,242.0,73,6,260.83,0,170.56,0,At Risk,0.523,20.64,0.045
16983,27,5,1185.35,11.4,731.0,87,273,237.07,0,720.52,0,Champions,0.186,365.6,0.322
15811,36,5,1773.8,16.89,760.0,89,260,354.76,0,444.82,0,Loyal Customers,0.171,360.05,0.297
15596,31,5,1406.59,18.27,561.0,51,265,281.32,1,0.0,0,Loyal Customers,0.168,38.81,0.332
16163,163,2,856.6,142.77,192.0,5,133,428.3,1,0.0,0,Lost,0.75,8.97,0.145
17251,293,1,269.83,7.29,108.0,37,0,269.83,1,0.0,0,Lost,0.674,8.31,0.093
16812,291,1,479.35,31.96,81.0,15,0,479.35,1,0.0,0,Lost,0.803,4.78,0.036
16503,37,4,1431.93,17.05,569.0,71,254,357.98,1,0.0,0,Loyal Customers,0.273,210.14,0.293
13496,290,1,501.01,19.27,229.0,26,0,501.01,0,152.32,0,At Risk,0.685,10.96,0.053
16470,46,3,539.13,5.68,358.0,83,243,179.71,0,213.64,1,Loyal Customers,0.267,74.82,0.356
15157,85,2,1505.37,16.91,1910.0,89,204,752.69,0,430.7,0,At Risk,0.353,88.99,0.165
14472,34,8,1852.67,6.99,1135.0,153,252,231.58,1,0.0,0,Loyal Customers,0.239,188.34,0.333
17400,57,5,2097.84,10.18,1088.0,175,227,419.57,1,0.0,0,Loyal Customers,0.339,30.45,0.187
15046,27,11,3943.68,24.49,2536.0,124,242,358.52,0,1146.74,1,Champions,0.031,1103.03,0.87
14618,268,1,211.8,42.36,92.0,5,0,211.8,0,341.64,0,At Risk,0.722,5.6,0.06
13764,75,2,943.29,6.89,584.0,123,193,471.65,0,576.13,1,Loyal Customers,0.349,54.16,0.374
13280,53,3,798.46,9.74,518.0,67,215,266.15,1,0.0,0,Loyal Customers,0.366,50.51,0.385
13187,268,1,236.02,6.38,95.0,37,0,236.02,1,0.0,0,Lost,0.676,8.2,0.097
14889,267,1,135.9,13.59,90.0,10,0,135.9,1,0.0,0,Lost,0.826,2.27,0.055
18032,265,1,73.5,14.7,42.0,5,0,73.5,1,0.0,0,Lost,0.816,1.95,0.08
16500,261,1,165.0,165.0,1.0,1,0,165.0,0,235.86,0,At Risk,0.546,14.86,0.107
15510,261,1,250.0,250.0,2.0,1,0,250.0,1,0.0,0,Lost,0.769,-0.02,0.029
14238,257,1,146.85,18.36,111.0,8,0,146.85,1,0.0,0,Lost,0.798,1.17,0.07
15606,50,8,2439.38,37.53,762.0,42,205,304.92,0,480.78,1,Loyal Customers,0.171,479.97,0.685
14088,59,7,25507.89,86.47,7074.0,232,194,3643.98,0,24983.92,1,Champions,0.129,9145.78,0.251
13659,136,2,1563.0,15.17,882.0,92,115,781.5,1,0.0,0,Loyal Customers,0.547,12.11,0.28
14782,250,1,200.1,33.35,114.0,6,0,200.1,1,0.0,0,Lost,0.742,2.95,0.082
18136,142,2,600.85,18.78,295.0,30,108,300.42,0,183.48,1,Loyal Customers,0.543,13.28,0.411
12935,40,4,1535.34,16.69,1268.0,58,210,383.83,0,625.36,0,Champions,0.285,141.61,0.269
15797,44,4,2207.4,275.93,873.0,8,206,551.85,1,0.0,0,Loyal Customers,0.618,6.21,0.315
15052,250,1,207.73,7.42,79.0,27,0,207.73,1,0.0,0,Lost,0.712,4.64,0.094
14248,249,1,302.58,37.82,102.0,8,0,302.58,1,0.0,0,Lost,0.799,2.29,0.063
16949,116,4,893.75,27.93,386.0,32,131,223.44,0,392.52,0,Champions,0.383,43.38,0.358
13328,247,1,1308.48,76.97,680.0,17,0,1308.48,1,0.0,0,Lost,0.753,4.7,0.224
17619,243,1,214.37,2.9,124.0,71,0,214.37,1,0.0,0,Lost,0.763,2.3,0.054
16333,29,18,15619.6,422.15,24352.0,8,211,867.76,0,11007.2,1,Champions,0.129,2162.32,0.881
13581,240,1,118.0,11.8,30.0,10,0,118.0,1,0.0,0,Lost,0.793,1.78,0.065
17929,43,3,707.0,176.75,92.0,4,196,235.67,0,136.0,0,At Risk,0.412,29.53,0.24
17537,234,1,620.75,10.35,369.0,60,0,620.75,0,266.92,0,At Risk,0.661,10.11,0.062
16842,31,3,1264.19,20.07,693.0,45,202,421.4,1,0.0,0,Loyal Customers,0.414,10.07,0.259
15133,58,3,982.42,33.88,680.0,27,174,327.47,1,0.0,0,Loyal Customers,0.592,23.44,0.209
18257,45,5,1562.87,19.54,721.0,66,182,312.57,0,774.76,1,Loyal Customers,0.16,202.27,0.479
14754,226,1,228.27,15.22,173.0,15,0,228.27,0,409.78,1,At Risk,0.65,5.09,0.293
14379,226,1,110.98,6.53,128.0,17,0,110.98,0,237.12,1,At Risk,0.676,5.11,0.197
14520,221,1,165.0,165.0,100.0,1,0,165.0,0,105.6,0,At Risk,0.576,10.0,0.069
18196,26,2,686.63,4.94,431.0,131,195,343.32,1,0.0,0,Lost,0.594,37.81,0.15
16841,68,5,1561.06,15.77,1878.0,89,150,312.21,0,308.76,0,Loyal Customers,0.137,180.23,0.402
15724,132,2,218.25,19.84,73.0,11,83,109.13,1,0.0,0,Lost,0.684,5.95,0.113
15053,87,2,478.6,11.97,514.0,28,125,239.3,0,215.35,0,At Risk,0.473,20.7,0.237
17995,212,1,76.1,38.05,133.0,2,0,76.1,1,0.0,0,Lost,0.782,1.49,0.082
15554,208,1,217.2,15.51,74.0,14,0,217.2,1,0.0,0,Lost,0.729,3.9,0.092
16621,78,3,609.41,27.7,187.0,17,130,203.14,0,204.07,1,Loyal Customers,0.536,18.94,0.344
16225,80,4,953.64,7.39,451.0,108,128,238.41,0,142.68,1,Loyal Customers,0.256,85.64,0.535
15834,96,3,1783.22,9.29,677.0,176,112,594.41,0,441.93,1,Loyal Customers,0.27,156.65,0.509
15206,30,3,236.7,39.45,90.0,3,176,78.9,0,183.6,0,At Risk,0.449,10.87,0.072
14112,61,4,1900.82,17.28,1148.0,89,145,475.2,0,1014.33,0,Champions,0.293,77.54,0.389
16572,58,3,1009.6,17.71,532.0,40,148,336.53,1,0.0,0,Loyal Customers,0.516,36.33,0.336
14297,205,1,232.6,21.15,78.0,11,0,232.6,0,1072.73,1,Loyal Customers,0.729,4.24,0.092
13899,205,1,298.5,19.9,122.0,15,0,298.5,0,90.02,0,At Risk,0.635,3.06,0.093
13654,76,4,1714.27,15.73,1532.0,100,128,428.57,0,993.06,1,Loyal Customers,0.308,51.48,0.499
14352,88,4,1078.96,22.96,538.0,44,116,269.74,1,0.0,0,Loyal Customers,0.503,51.61,0.37
15106,72,3,1032.83,14.34,822.0,67,128,344.28,0,389.69,1,Loyal Customers,0.306,41.46,0.402
16297,199,1,301.9,15.1,206.0,20,0,301.9,1,0.0,0,Lost,0.779,3.01,0.054
14315,60,5,1550.15,22.8,689.0,49,137,310.03,0,930.98,1,Loyal Customers,0.192,191.43,0.552
14232,46,4,1573.33,17.29,1503.0,71,149,393.33,0,474.74,1,Loyal Customers,0.303,96.19,0.474
14762,194,1,300.52,14.31,341.0,21,0,300.52,1,0.0,0,Lost,0.789,2.48,0.066
14607,192,1,495.0,165.0,300.0,3,0,495.0,0,15714.5,1,Champions,0.651,0.93,0.093
17874,116,6,683.46,14.86,221.0,37,70,113.91,1,0.0,0,Loyal Customers,0.705,5.08,0.22
14890,184,1,125.65,17.95,51.0,7,0,125.65,1,0.0,0,Lost,0.801,2.32,0.145
14852,27,5,2188.42,20.26,1390.0,67,156,437.68,0,648.27,1,Loyal Customers,0.218,129.42,0.411
15223,156,2,755.75,37.79,213.0,14,24,377.88,1,0.0,0,Lost,0.616,11.47,0.121
14747,180,1,328.2,18.23,84.0,18,0,328.2,1,0.0,0,Lost,0.823,2.5,0.078
14981,177,1,102.12,12.76,97.0,8,0,102.12,1,0.0,0,Lost,0.824,1.41,0.039
16837,88,9,1911.74,21.24,727.0,77,88,212.42,0,1259.24,1,Champions,0.232,20.88,0.868
14924,176,1,310.05,31.01,64.0,10,0,310.05,1,0.0,0,Lost,0.848,2.37,0.17
15775,176,1,104.9,14.99,68.0,7,0,104.9,1,0.0,0,Lost,0.827,1.89,0.124
17589,82,3,1843.07,10.18,1307.0,124,89,614.36,0,561.1,1,Loyal Customers,0.259,71.29,0.468
16193,167,1,314.45,16.55,219.0,19,0,314.45,1,0.0,0,Lost,0.77,2.26,0.179
13474,167,1,226.84,3.66,129.0,59,0,226.84,1,0.0,0,Lost,0.703,4.99,0.103
15225,165,1,409.4,17.8,226.0,23,0,409.4,1,0.0,0,Lost,0.765,1.16,0.131
17854,116,2,311.26,20.75,84.0,15,42,155.63,1,0.0,0,Lost,0.696,5.54,0.21
16965,157,1,201.19,7.74,291.0,26,0,201.19,1,0.0,0,Lost,0.689,4.26,0.164
12840,74,4,2726.77,24.13,1511.0,67,83,681.69,1,0.0,0,Loyal Customers,0.464,25.1,0.511
15210,156,1,331.18,16.56,228.0,20,0,331.18,1,0.0,0,Lost,0.781,2.0,0.131
17423,148,1,449.42,40.86,314.0,11,0,449.42,0,248.99,1,At Risk,0.66,4.36,0.212
15757,148,1,261.36,16.34,167.0,16,0,261.36,0,453.06,1,Loyal Customers,0.59,13.3,0.198
16832,115,3,199.15,16.6,33.0,11,33,66.38,1,0.0,0,Lost,0.726,0.87,0.046
13417,136,1,236.0,23.6,72.0,10,0,236.0,0,404.83,0,At Risk,0.716,9.27,0.126
13235,143,1,1031.07,17.78,441.0,53,0,1031.07,1,0.0,0,Lost,0.709,14.56,0.202
16116,142,1,612.78,18.02,248.0,34,0,612.78,1,0.0,0,Lost,0.691,8.97,0.232
16184,36,5,985.8,26.64,470.0,22,106,197.16,0,172.99,1,Loyal Customers,0.341,110.22,0.444
17932,104,2,934.51,14.6,593.0,63,38,467.25,0,397.06,0,Loyal Customers,0.469,17.18,0.234
13456,86,3,855.06,37.18,261.0,18,52,285.02,0,911.66,1,Loyal Customers,0.353,50.88,0.574
13258,136,1,198.87,15.3,77.0,12,0,198.87,0,473.96,0,At Risk,0.686,11.91,0.135
18287,132,1,765.28,26.39,488.0,27,0,765.28,0,1072.0,1,Loyal Customers,0.582,12.83,0.305
13657,132,1,152.34,16.93,132.0,9,0,152.34,0,229.8,0,At Risk,0.66,13.23,0.106
13339,131,1,860.12,15.93,326.0,54,0,860.12,1,0.0,0,Lost,0.693,14.76,0.206
13546,131,1,182.26,7.01,107.0,26,0,182.26,0,438.83,1,At Risk,0.605,7.7,0.239
18160,131,1,318.55,16.77,147.0,19,0,318.55,0,319.51,1,At Risk,0.687,1.5,0.177
14287,129,2,83.28,20.82,216.0,4,0,41.64,0,93.35,0,At Risk,0.737,4.27,0.119
13135,127,1,3096.0,3096.0,4300.0,1,0,3096.0,1,0.0,0,Loyal Customers,0.823,0.81,0.048
14451,125,1,360.0,6.92,204.0,52,0,360.0,0,283.9,1,Loyal Customers,0.574,9.75,0.213
15897,125,2,208.59,9.48,223.0,17,0,104.3,1,0.0,0,Lost,0.733,4.06,0.064
16969,65,2,478.96,14.97,740.0,32,57,239.48,0,171.45,0,Loyal Customers,0.407,24.41,0.367
16117,120,1,232.21,7.74,130.0,30,0,232.21,1,0.0,0,Lost,0.637,6.86,0.215
14375,116,1,235.56,3.57,184.0,57,0,235.56,1,0.0,0,Lost,0.72,8.03,0.132
13395,116,1,307.72,14.65,336.0,21,0,307.72,1,0.0,0,Lost,0.723,5.12,0.184
15238,26,2,772.78,20.89,577.0,37,89,386.39,0,299.21,0,Loyal Customers,0.44,59.5,0.289
17169,114,1,308.68,17.15,102.0,18,0,308.68,0,527.1,1,Loyal Customers,0.686,6.49,0.204
16113,114,1,161.38,5.38,176.0,30,0,161.38,1,0.0,0,Lost,0.626,27.3,0.182
17483,65,2,274.74,21.13,98.0,13,49,137.37,0,139.3,1,Loyal Customers,0.438,10.6,0.184
17797,113,1,272.41,6.19,249.0,44,0,272.41,0,508.02,0,At Risk,0.536,14.43,0.195
18281,111,1,80.82,11.55,54.0,7,0,80.82,1,0.0,0,Lost,0.749,1.22,0.101
17879,104,1,178.52,29.75,45.0,6,0,178.52,1,0.0,0,Lost,0.753,2.13,0.082
15840,103,1,241.74,14.22,256.0,17,0,241.74,0,113.82,1,At Risk,0.659,7.25,0.184
16114,101,1,135.75,16.97,43.0,8,0,135.75,1,0.0,0,Lost,0.723,3.94,0.107
15041,101,1,179.93,2.73,103.0,66,0,179.93,1,0.0,0,Lost,0.677,3.63,0.134
18193,96,1,243.76,15.24,124.0,16,0,243.76,1,0.0,0,Lost,0.6,8.5,0.189
18121,80,2,653.3,21.07,438.0,28,5,326.65,1,0.0,0,Lost,0.683,7.03,0.168
14847,79,1,309.4,23.8,120.0,13,0,309.4,1,0.0,0,Lost,0.69,8.58,0.189
13967,76,1,80.7,40.35,42.0,2,0,80.7,1,0.0,0,Lost,0.702,3.81,0.162
13167,61,2,417.55,11.6,447.0,33,13,208.77,0,373.78,1,Loyal Customers,0.429,15.12,0.33
17935,69,2,145.79,5.03,82.0,28,3,72.9,1,0.0,0,Lost,0.743,0.78,0.099
16447,66,1,255.91,7.53,221.0,34,0,255.91,1,0.0,0,Lost,0.578,14.44,0.253
18081,43,2,208.05,20.81,55.0,7,21,104.03,0,135.4,0,At Risk,0.498,8.95,0.068
13928,37,2,225.45,17.34,87.0,13,27,112.73,0,239.12,0,At Risk,0.425,16.13,0.151
14024,52,2,327.7,20.48,150.0,16,3,163.85,1,0.0,0,Lost,0.563,30.65,0.269
13645,51,1,252.1,50.42,158.0,5,0,252.1,1,0.0,0,Lost,0.756,7.18,0.153
15396,43,1,288.18,20.58,122.0,14,0,288.18,1,0.0,0,Lost,0.601,30.46,0.29
14418,39,1,150.44,7.92,148.0,17,0,150.44,0,1786.81,0,At Risk,0.537,30.93,0.222
13045,30,1,305.28,16.96,221.0,18,0,305.28,1,0.0,0,Lost,0.598,9.39,0.231
13889,23,1,416.9,27.79,146.0,15,0,416.9,1,0.0,0,Lost,0.65,2.91,0.197
14410,23,9,1100.27,5.82,567.0,153,213,122.25,1,0.0,0,Loyal Customers,0.418,78.18,0.485
17593,22,4,3245.66,19.79,2249.0,149,261,811.41,0,678.2,0,Champions,0.201,123.53,0.514
16027,22,6,934.62,58.41,1147.0,11,211,155.77,1,0.0,0,Loyal Customers,0.576,17.65,0.461
18237,22,3,725.55,16.87,465.0,37,43,241.85,0,261.55,1,Champions,0.361,210.88,0.322
13588,17,5,1605.94,13.84,1774.0,109,169,321.19,0,873.01,1,Champions,0.122,193.17,0.522
17193,17,3,747.6,62.3,240.0,4,90,249.2,0,951.7,1,Loyal Customers,0.404,64.23,0.268
15854,17,10,2839.94,28.12,819.0,70,275,283.99,0,129.18,0,Champions,0.045,534.6,0.325
13634,17,4,1344.48,8.73,578.0,131,241,336.12,0,202.88,0,Loyal Customers,0.264,134.76,0.265
17002,16,3,1493.73,30.48,679.0,41,205,497.91,1,0.0,0,Loyal Customers,0.558,37.82,0.237
14487,13,4,816.61,9.28,459.0,81,286,204.15,0,348.87,0,Loyal Customers,0.215,136.35,0.394
13884,20,4,540.5,11.75,214.0,41,194,135.13,0,247.1,0,At Risk,0.259,24.17,0.197
13450,20,5,1727.28,27.86,1618.0,31,129,345.46,0,316.44,0,Loyal Customers,0.263,127.32,0.373
14057,20,14,5137.24,20.39,4197.0,161,271,366.95,0,1074.42,1,Champions,0.005,1439.54,0.834
14307,19,6,2995.72,16.64,2058.0,150,285,499.29,1,0.0,0,Loyal Customers,0.086,258.23,0.39
15392,19,2,665.46,15.12,716.0,43,272,332.73,0,870.07,0,Champions,0.474,28.87,0.183
14997,19,2,433.68,20.65,924.0,21,90,216.84,0,112.52,1,Loyal Customers,0.466,44.55,0.301
12924,19,4,933.7,31.12,481.0,22,239,233.43,1,0.0,0,Loyal Customers,0.467,38.85,0.458
17090,19,5,1448.21,26.82,637.0,45,266,289.64,0,526.44,1,Champions,0.209,295.48,0.39
16609,18,6,4029.82,18.23,1869.0,142,165,671.64,0,1463.64,0,Champions,0.137,488.97,0.512
13694,2,42,51527.06,107.8,52160.0,326,302,1226.83,0,13512.56,1,Champions,0.01,7831.99,0.97
17846,16,1,2033.1,2033.1,1.0,1,0,2033.1,1,0.0,0,Loyal Customers,0.806,1.69,0.255
15382,15,5,4709.9,19.15,3305.0,174,211,941.98,0,1245.81,0,Champions,0.099,722.64,0.239
13067,13,1,115.46,7.7,32.0,14,0,115.46,1,0.0,0,Lost,0.667,5.13,0.211
16460,3,2,508.61,4.42,736.0,112,9,254.3,0,302.62,0,Loyal Customers,0.288,118.88,0.308
18232,12,4,592.97,16.03,302.0,31,116,148.24,1,0.0,0,Loyal Customers,0.512,8.91,0.246
13777,8,27,13021.5,95.75,6333.0,36,296,482.28,0,12690.42,1,Champions,0.005,3829.96,0.861
14356,10,2,701.23,21.25,277.0,33,2,350.62,1,0.0,0,Loyal Customers,0.474,65.93,0.243
17450,11,31,157902.98,647.14,58090.0,120,287,5093.64,0,36487.81,1,Champions,0.014,21956.48,0.961
16369,11,2,843.44,13.18,498.0,56,116,421.72,0,701.97,0,Loyal Customers,0.344,8.1,0.225
15888,11,1,168.31,14.03,76.0,11,0,168.31,1,0.0,0,Lost,0.698,3.97,0.139
16777,11,2,222.62,4.64,62.0,45,177,111.31,1,0.0,0,Lost,0.587,18.36,0.348
14397,10,11,1089.24,24.76,796.0,16,134,99.02,0,1523.72,1,Champions,0.247,416.4,0.875
16656,10,12,7470.26,120.49,7372.0,13,285,622.52,0,1155.54,1,Champions,0.02,1674.94,0.834
16103,10,5,1413.14,30.07,556.0,30,154,282.63,0,16.5,0,Champions,0.28,48.58,0.437
15140,10,6,2052.85,30.19,1464.0,64,185,342.14,0,301.4,1,Loyal Customers,0.134,180.92,0.401
15399,10,1,305.17,20.34,139.0,15,0,305.17,0,510.6,0,At Risk,0.53,20.0,0.231
17172,9,1,317.76,21.18,480.0,15,0,317.76,1,0.0,0,Lost,0.69,3.83,0.1
13804,9,5,2235.58,18.48,1279.0,114,211,447.12,0,352.81,0,Loyal Customers,0.19,232.86,0.21
14004,9,6,3769.49,27.51,2173.0,86,210,628.25,0,813.15,1,Loyal Customers,0.174,262.84,0.437
17603,9,1,394.72,35.88,74.0,11,0,394.72,1,0.0,0,Lost,0.786,4.02,0.086
16389,9,3,1078.71,46.9,469.0,23,205,359.57,0,303.36,1,Loyal Customers,0.509,32.51,0.183
13519,9,1,122.75,15.34,23.0,8,0,122.75,1,0.0,0,Lost,0.678,7.31,0.06
16782,8,10,1792.35,11.13,554.0,95,288,179.23,0,475.6,0,Champions,0.056,285.45,0.292
15549,8,3,1681.46,14.75,694.0,104,239,560.49,1,0.0,0,Loyal Customers,0.443,39.73,0.207
13630,6,6,1799.78,26.86,1271.0,50,210,299.96,0,232.0,0,Champions,0.154,205.48,0.171
15706,6,2,878.76,16.9,289.0,48,41,439.38,0,181.8,1,Loyal Customers,0.371,62.3,0.238
16931,6,15,3153.97,4.98,2128.0,361,294,210.26,0,1400.9,1,Champions,0.012,945.68,0.887
12823,5,5,1759.5,351.9,230.0,1,222,351.9,1,0.0,0,Loyal Customers,0.715,1.42,0.043
13014,5,6,2421.63,31.05,716.0,58,207,403.61,0,1044.65,0,Champions,0.166,217.36,0.119
14141,4,2,489.31,21.27,221.0,20,32,244.66,0,425.82,1,At Risk,0.377,20.08,0.194
16122,4,4,684.42,18.01,1128.0,26,293,171.11,1,0.0,0,Loyal Customers,0.649,9.55,0.252
16119,3,1,309.48,28.13,172.0,11,0,309.48,0,113.88,0,At Risk,0.62,6.79,0.1
15348,3,1,158.04,17.56,84.0,9,0,158.04,1,0.0,0,Lost,0.756,1.63,0.047
16281,3,1,2062.06,121.3,934.0,17,0,2062.06,1,0.0,0,Loyal Customers,0.758,1.82,0.141
17447,2,1,372.48,13.3,350.0,28,0,372.48,0,169.05,0,At Risk,0.437,8.64,0.137
18198,2,15,4804.03,35.32,3667.0,78,265,320.27,0,621.53,0,Champions,0.012,876.04,0.362
16653,2,1,1117.86,16.68,709.0,67,0,1117.86,0,94.8,0,At Risk,0.405,31.86,0.268
17220,2,11,2610.01,6.69,1590.0,272,293,237.27,0,577.54,1,Champions,0.031,828.43,0.848
16589,2,3,459.24,13.92,368.0,31,90,153.08,1,0.0,0,Loyal Customers,0.402,9.04,0.126
15513,25,17,11352.14,44.52,4424.0,160,279,667.77,0,3406.08,0,Champions,0.007,3401.56,0.883
14849,26,17,5784.53,19.81,4088.0,145,278,340.27,0,2146.01,1,Champions,0.014,1439.54,0.871
14729,304,1,313.49,4.42,197.0,69,0,313.49,1,0.0,0,Lost,0.808,2.98,0.041
14496,242,2,538.81,28.36,159.0,16,62,269.41,1,0.0,0,Lost,0.682,5.55,0.114
12947,74,6,1603.99,16.54,1165.0,83,230,267.33,1,0.0,0,Loyal Customers,0.291,116.92,0.468
17381,30,24,18261.65,190.23,22851.0,40,273,760.9,0,2013.96,1,Champions,0.024,7544.43,0.937
17659,31,9,1653.03,20.16,821.0,68,272,183.67,0,1346.43,1,Champions,0.069,287.08,0.597
18168,107,6,1160.04,8.92,592.0,97,196,193.34,1,0.0,0,Loyal Customers,0.46,192.85,0.554
17812,299,1,193.3,6.67,127.0,27,0,193.3,0,506.51,0,At Risk,0.619,27.12,0.1
13756,24,8,2972.33,32.66,1843.0,55,274,371.54,0,2217.19,1,Champions,0.036,739.12,0.739
16086,29,4,899.7,29.02,388.0,21,269,224.93,0,221.69,1,Loyal Customers,0.356,36.32,0.437
16718,300,1,606.05,13.77,407.0,41,0,606.05,1,0.0,0,Lost,0.743,7.72,0.069
14404,39,5,1322.52,15.2,769.0,64,261,264.5,0,126.8,0,Loyal Customers,0.16,159.91,0.391
15987,51,6,1193.63,15.5,1365.0,64,248,198.94,0,239.14,0,Champions,0.16,179.37,0.378
14293,78,3,739.41,18.49,427.0,40,221,246.47,0,307.15,0,At Risk,0.327,44.94,0.314
15919,299,1,214.08,5.49,175.0,38,0,214.08,0,311.61,0,At Risk,0.678,26.8,0.092
17019,192,3,995.93,6.3,658.0,114,107,331.98,0,262.15,0,Loyal Customers,0.33,47.65,0.078
17978,296,1,300.92,25.08,499.0,12,0,300.92,1,0.0,0,Lost,0.767,2.58,0.054
13230,69,12,2195.23,5.0,1332.0,302,227,182.94,0,560.4,0,Champions,0.074,506.29,0.206
17912,241,5,310.06,8.38,184.0,35,54,62.01,1,0.0,0,Lost,0.875,0.16,0.052
16873,58,4,3871.47,25.64,2055.0,97,237,967.87,0,3252.15,1,Champions,0.168,110.38,0.552
17126,83,5,989.45,3.99,780.0,187,210,197.89,1,0.0,0,Loyal Customers,0.457,33.77,0.251
16010,176,3,392.4,4.97,202.0,62,117,130.8,1,0.0,0,Lost,0.58,5.91,0.166
15224,289,2,322.08,23.01,152.0,13,4,161.04,1,0.0,0,Lost,0.748,9.67,0.075
13198,51,5,3009.18,14.9,2369.0,182,241,601.84,0,392.06,0,Champions,0.171,443.0,0.24
15689,50,2,254.1,28.23,84.0,8,242,127.05,1,0.0,0,Lost,0.591,5.27,0.133
17990,167,3,630.84,21.75,414.0,27,125,210.28,1,0.0,0,Lost,0.641,5.41,0.142
16556,36,6,2556.37,15.98,1342.0,111,255,426.06,0,757.42,1,Loyal Customers,0.125,410.63,0.499
17230,195,8,3638.41,52.73,1651.0,51,95,454.8,1,0.0,0,Loyal Customers,0.775,1.48,0.099
15384,100,2,642.41,15.67,596.0,34,190,321.2,1,0.0,0,Lost,0.672,8.18,0.105
12980,88,9,7374.9,368.75,886.0,6,201,819.43,1,0.0,0,Loyal Customers,0.662,23.96,0.206
15759,149,3,253.04,36.15,60.0,5,140,84.35,1,0.0,0,Lost,0.796,0.77,0.07
16271,57,3,868.43,11.58,672.0,51,232,289.48,0,536.21,0,Champions,0.232,103.03,0.265
16816,34,4,417.06,14.9,274.0,28,255,104.27,1,0.0,0,Loyal Customers,0.517,8.79,0.11
18097,57,5,1986.2,23.93,1406.0,56,228,397.24,0,676.2,0,Champions,0.134,207.16,0.309
16270,284,1,1141.24,21.13,688.0,54,0,1141.24,1,0.0,0,Lost,0.561,24.41,0.128
13680,268,2,2391.59,34.17,1195.0,69,2,1195.8,0,1327.53,0,Champions,0.404,220.8,0.116
16791,53,5,791.87,5.42,335.0,111,210,158.37,0,913.91,1,Loyal Customers,0.19,108.93,0.429
14587,115,8,1452.68,4.14,716.0,166,147,181.59,0,127.61,0,Champions,0.182,109.46,0.237
13782,55,3,484.79,8.08,184.0,59,203,161.6,0,424.07,1,Loyal Customers,0.207,63.82,0.391
15535,104,4,502.9,6.98,135.0,55,154,125.72,1,0.0,0,Loyal Customers,0.4,9.99,0.274
17889,143,2,201.37,10.07,77.0,20,110,100.69,1,0.0,0,Lost,0.739,4.76,0.068
15497,250,1,970.6,97.06,528.0,10,0,970.6,0,291.6,0,At Risk,0.608,20.18,0.069
13615,249,1,417.69,18.16,189.0,23,0,417.69,1,0.0,0,Lost,0.752,1.93,0.086
14548,81,2,652.8,163.2,256.0,2,167,326.4,1,0.0,0,Lost,0.688,2.82,0.098
13161,244,1,112.75,14.09,29.0,8,0,112.75,1,0.0,0,Lost,0.813,1.62,0.086
14467,243,1,131.7,8.78,37.0,15,0,131.7,0,464.56,1,At Risk,0.749,4.63,0.155
13494,242,1,316.26,17.57,162.0,18,0,316.26,1,0.0,0,Lost,0.753,2.53,0.162
13802,69,3,4599.42,76.66,2572.0,55,173,1533.14,1,0.0,0,Loyal Customers,0.545,30.62,0.273
18250,241,1,349.27,16.63,199.0,21,0,349.27,1,0.0,0,Lost,0.768,1.68,0.101
15270,48,5,1850.29,52.87,1017.0,21,193,370.06,0,529.2,0,Champions,0.37,24.12,0.305
14497,240,1,475.37,16.39,235.0,29,0,475.37,1,0.0,0,Lost,0.728,1.47,0.085
17291,239,1,550.8,550.8,72.0,1,0,550.8,1,0.0,0,Lost,0.885,-0.1,0.037
13584,237,1,142.4,5.93,37.0,24,0,142.4,1,0.0,0,Lost,0.762,3.8,0.162
15577,82,3,258.88,6.64,89.0,39,154,86.29,1,0.0,0,Lost,0.682,2.37,0.106
15550,37,3,433.28,8.84,252.0,36,195,144.43,0,142.35,0,At Risk,0.297,21.15,0.23
16434,27,4,898.84,16.65,442.0,49,203,224.71,0,612.96,1,Loyal Customers,0.284,44.22,0.418
17050,27,6,3185.64,10.34,1595.0,169,203,530.94,1,0.0,0,Loyal Customers,0.311,150.91,0.31
15122,45,3,1633.78,19.92,800.0,65,183,544.59,1,0.0,0,Loyal Customers,0.429,13.29,0.231
14477,115,2,523.0,174.33,300.0,3,113,261.5,0,786.6,1,Loyal Customers,0.495,9.6,0.169
16148,227,1,76.32,76.32,72.0,1,0,76.32,1,0.0,0,Lost,0.806,0.76,0.051
14371,226,1,100.5,25.13,34.0,4,0,100.5,1,0.0,0,Lost,0.753,2.51,0.076
13477,69,4,899.55,18.36,626.0,38,153,224.89,0,555.03,1,Loyal Customers,0.33,53.56,0.491
15146,95,2,1327.16,14.58,1473.0,90,127,663.58,1,0.0,0,Loyal Customers,0.461,39.87,0.306
13865,67,3,383.34,16.67,154.0,23,153,127.78,0,118.22,1,Loyal Customers,0.36,8.69,0.37
14289,65,5,832.78,19.83,278.0,33,155,166.56,0,78.48,0,Loyal Customers,0.281,98.14,0.371
13149,37,3,1132.62,17.7,884.0,58,183,377.54,0,543.44,0,Loyal Customers,0.35,72.39,0.192
16838,128,2,588.85,23.55,185.0,24,91,294.43,1,0.0,0,Lost,0.687,4.53,0.232
14470,218,1,297.64,8.5,138.0,35,0,297.64,0,163.55,0,At Risk,0.703,6.66,0.149
15990,218,1,401.37,17.45,171.0,23,0,401.37,0,390.74,1,Loyal Customers,0.689,4.43,0.251
16598,216,1,145.05,14.51,73.0,10,0,145.05,1,0.0,0,Lost,0.835,2.17,0.12
14036,215,1,626.65,16.49,268.0,38,0,626.65,1,0.0,0,Lost,0.755,2.55,0.128
15031,41,2,261.79,6.09,115.0,42,172,130.89,0,391.4,0,At Risk,0.322,19.26,0.249
13382,211,1,222.99,14.87,131.0,15,0,222.99,1,0.0,0,Lost,0.676,4.08,0.097
15220,46,5,1284.05,14.59,1137.0,84,165,256.81,0,494.91,1,Loyal Customers,0.155,319.66,0.569
16242,96,3,846.59,10.58,375.0,60,112,282.2,0,2733.27,1,Champions,0.303,79.17,0.332
15944,207,1,325.1,54.18,50.0,6,0,325.1,1,0.0,0,Lost,0.865,1.18,0.041
16917,207,1,391.52,43.5,232.0,9,0,391.52,1,0.0,0,Lost,0.83,1.72,0.074
16426,23,4,689.83,8.73,414.0,64,184,172.46,0,1173.93,1,Champions,0.309,64.59,0.294
14064,44,4,1097.03,19.25,1512.0,44,161,274.26,0,237.31,0,Loyal Customers,0.263,53.47,0.616
16392,200,1,217.89,5.07,201.0,41,0,217.89,1,0.0,0,Lost,0.694,6.24,0.104
15793,199,1,306.64,102.21,192.0,3,0,306.64,0,658.97,0,At Risk,0.712,3.12,0.079
12849,199,1,668.85,19.67,489.0,33,0,668.85,0,341.44,0,Loyal Customers,0.65,6.65,0.089
16377,198,1,676.2,135.24,1500.0,5,0,676.2,1,0.0,0,Lost,0.767,0.81,0.192
17725,31,8,2507.12,17.78,1610.0,94,167,313.39,0,931.96,1,Champions,0.068,312.52,0.741
16444,26,3,541.4,7.73,337.0,58,169,180.47,0,113.27,1,Loyal Customers,0.235,53.47,0.343
15855,67,5,712.24,8.9,470.0,59,127,142.45,1,0.0,0,Loyal Customers,0.409,62.48,0.35
15437,193,1,200.16,4.45,79.0,44,0,200.16,1,0.0,0,Lost,0.613,8.89,0.087
16809,67,3,470.69,5.17,371.0,61,126,156.9,0,444.0,1,Loyal Customers,0.28,36.03,0.358
15651,191,1,227.32,14.21,238.0,16,0,227.32,0,418.98,0,Loyal Customers,0.672,3.92,0.098
17212,184,1,226.85,56.71,147.0,4,0,226.85,1,0.0,0,Lost,0.765,3.02,0.149
13462,183,1,151.5,16.83,62.0,9,0,151.5,1,0.0,0,Lost,0.819,0.92,0.093
16960,183,1,201.53,4.48,95.0,45,0,201.53,0,305.52,1,At Risk,0.56,14.97,0.213
17648,123,3,1107.39,17.04,289.0,62,57,369.13,0,690.11,1,Loyal Customers,0.421,115.56,0.197
15244,179,1,297.94,19.86,240.0,15,0,297.94,0,333.63,1,Loyal Customers,0.673,2.82,0.147
14403,61,4,1475.81,73.79,519.0,17,117,368.95,1,0.0,0,Loyal Customers,0.548,13.87,0.398
17054,68,4,1207.32,16.54,739.0,58,108,301.83,0,149.01,0,Loyal Customers,0.277,59.06,0.33
16188,72,3,755.03,14.52,645.0,51,101,251.68,0,226.83,1,Loyal Customers,0.3,54.66,0.362
15414,173,1,36.2,7.24,12.0,5,0,36.2,0,738.7,0,At Risk,0.747,12.71,0.14
13655,45,2,932.97,16.66,605.0,52,127,466.49,1,0.0,0,Loyal Customers,0.537,7.8,0.263
13577,23,3,1193.8,17.82,597.0,49,149,397.93,0,493.8,0,Loyal Customers,0.415,48.42,0.262
16175,25,4,1037.59,17.89,533.0,45,146,259.4,1,0.0,0,Loyal Customers,0.435,62.42,0.426
13692,144,2,871.58,27.24,735.0,32,23,435.79,0,616.74,0,Loyal Customers,0.434,18.52,0.275
15517,164,1,267.03,9.89,293.0,27,0,267.03,1,0.0,0,Lost,0.739,3.76,0.144
17115,113,2,612.82,19.15,260.0,28,51,306.41,0,224.68,0,At Risk,0.559,7.35,0.2
17991,156,2,93.35,18.67,25.0,4,1,46.68,1,0.0,0,Lost,0.798,3.78,0.053
16055,151,1,134.8,16.85,22.0,8,0,134.8,1,0.0,0,Lost,0.836,1.2,0.099
16610,150,1,75.66,12.61,66.0,6,0,75.66,1,0.0,0,Lost,0.847,0.98,0.076
13762,149,1,306.72,43.82,272.0,7,0,306.72,1,0.0,0,Lost,0.821,2.79,0.116
14199,149,1,185.4,92.7,28.0,2,0,185.4,1,0.0,0,Lost,0.78,1.52,0.123
17410,27,2,419.55,19.07,149.0,22,119,209.77,0,795.17,1,Loyal Customers,0.397,37.04,0.374
14920,143,2,977.77,17.15,509.0,57,0,488.89,1,0.0,0,Lost,0.694,14.77,0.185
14421,142,1,455.18,30.35,194.0,15,0,455.18,0,357.93,1,Loyal Customers,0.648,6.62,0.191
14000,142,1,635.66,42.38,710.0,15,0,635.66,1,0.0,0,Lost,0.685,4.31,0.22
14873,141,1,519.68,18.56,168.0,28,0,519.68,1,0.0,0,Lost,0.677,4.78,0.179
17556,136,1,157.9,26.32,101.0,6,0,157.9,1,0.0,0,Lost,0.792,3.75,0.116
17345,24,3,281.18,8.27,177.0,32,103,93.73,0,238.51,0,At Risk,0.359,90.86,0.124
13643,29,2,259.4,18.53,126.0,13,87,129.7,0,260.04,0,At Risk,0.463,22.97,0.153
15969,116,1,308.7,30.87,44.0,10,0,308.7,0,357.4,1,At Risk,0.808,6.44,0.21
16581,113,1,105.84,11.76,134.0,9,0,105.84,1,0.0,0,Lost,0.716,3.14,0.089
14178,29,3,477.29,4.92,387.0,87,84,159.1,0,1122.97,1,Champions,0.208,163.25,0.404
15850,99,1,116.16,2.64,239.0,41,0,116.16,0,118.72,0,At Risk,0.513,17.13,0.133
17768,97,1,385.83,17.54,123.0,22,0,385.83,0,1696.07,0,Loyal Customers,0.638,5.23,0.179
17386,30,5,1697.34,154.3,1022.0,8,66,339.47,0,989.08,0,Champions,0.39,69.24,0.319
14104,85,2,216.21,10.3,72.0,21,11,108.11,1,0.0,0,Lost,0.681,8.31,0.177
16671,95,1,1382.88,460.96,656.0,3,0,1382.88,0,309.39,0,Loyal Customers,0.713,5.42,0.137
17391,94,2,508.8,169.6,480.0,2,1,254.4,1,0.0,0,Lost,0.705,2.53,0.125
17031,85,1,225.95,17.38,125.0,13,0,225.95,0,154.4,0,At Risk,0.63,11.57,0.149
13678,82,1,232.6,14.54,924.0,16,0,232.6,1,0.0,0,Lost,0.719,9.85,0.256
15051,81,1,377.74,11.11,351.0,34,0,377.74,0,1005.62,1,Loyal Customers,0.526,10.23,0.408
15895,80,1,179.17,16.29,94.0,11,0,179.17,1,0.0,0,Lost,0.674,1.79,0.2
13940,47,2,391.06,14.48,240.0,25,28,195.53,0,448.08,1,Loyal Customers,0.317,31.1,0.271
14100,68,1,191.95,7.68,63.0,24,0,191.95,1,0.0,0,Lost,0.616,13.18,0.278
13379,67,1,136.29,10.48,166.0,13,0,136.29,0,436.27,1,At Risk,0.587,13.44,0.24
15776,64,1,241.62,13.42,138.0,18,0,241.62,1,0.0,0,Lost,0.58,10.95,0.243
13388,62,2,677.1,19.35,282.0,35,0,338.55,1,0.0,0,Lost,0.667,9.39,0.248
13805,60,1,500.24,83.37,728.0,6,0,500.24,0,424.36,1,Loyal Customers,0.594,7.29,0.302
14972,59,1,114.77,6.38,28.0,18,0,114.77,1,0.0,0,Lost,0.639,9.05,0.207
17514,59,1,208.65,5.22,135.0,40,0,208.65,1,0.0,0,Lost,0.593,14.35,0.262
16066,55,1,316.38,52.73,186.0,6,0,316.38,0,1204.66,1,Loyal Customers,0.692,6.37,0.227
15325,34,1,161.74,3.37,231.0,47,0,161.74,1,0.0,0,Lost,0.69,5.5,0.145
14420,30,1,387.52,13.36,334.0,29,0,387.52,1,0.0,0,Lost,0.475,14.2,0.235
16674,29,1,115.1,3.49,61.0,33,0,115.1,0,189.14,1,At Risk,0.577,33.4,0.428
12851,27,1,131.81,2.8,106.0,43,0,131.81,1,0.0,0,Lost,0.673,9.46,0.156
14360,25,1,1124.49,15.84,733.0,71,0,1124.49,0,993.54,1,Loyal Customers,0.472,63.39,0.265
17965,22,12,2251.41,8.01,1366.0,238,278,187.62,0,347.78,1,Champions,0.032,645.73,0.83
14312,22,5,1047.19,18.06,480.0,51,246,209.44,0,564.4,1,Loyal Customers,0.228,132.48,0.452
14711,22,9,2355.63,8.69,795.0,177,171,261.74,0,483.99,0,Champions,0.081,349.76,0.388
14180,22,22,4258.92,19.54,635.0,107,281,193.59,0,489.6,1,Champions,0.066,1425.15,0.918
14096,5,6,9286.7,10.49,2351.0,585,27,1547.78,0,55878.09,1,Champions,0.183,4247.88,0.76
15251,22,8,9695.82,95.06,5704.0,92,150,1211.98,0,789.17,0,Champions,0.214,77.07,0.262
14606,3,76,9934.63,4.65,5050.0,730,301,130.72,0,2141.52,1,Champions,0.012,1603.33,0.972
17640,17,1,621.66,124.33,250.0,5,0,621.66,1,0.0,0,Lost,0.776,1.59,0.177
17315,6,32,4936.89,12.56,3262.0,235,282,154.28,0,1344.34,1,Champions,0.003,1285.78,0.937
17728,17,1,345.03,17.25,129.0,20,0,345.03,0,2530.98,1,Champions,0.523,19.75,0.342
16401,17,8,2773.66,22.37,2568.0,55,241,346.71,0,1324.66,1,Champions,0.062,561.82,0.521
14306,16,1,1702.94,65.5,917.0,26,0,1702.94,0,390.38,1,Loyal Customers,0.644,38.18,0.382
17864,20,2,438.07,5.55,659.0,61,186,219.04,0,116.78,0,At Risk,0.318,45.22,0.203
14527,2,43,5835.95,8.41,1483.0,276,298,135.72,0,2671.18,1,Champions,0.026,1972.2,0.949
17139,19,8,8369.36,22.14,4048.0,273,200,1046.17,0,2281.41,1,Champions,0.07,1516.5,0.744
15996,19,6,1032.58,8.13,380.0,103,278,172.1,1,0.0,0,Loyal Customers,0.358,160.32,0.377
16098,18,7,2005.63,29.93,613.0,34,286,286.52,1,0.0,0,Loyal Customers,0.348,84.54,0.506
15522,18,1,259.05,6.32,315.0,41,0,259.05,0,138.94,0,At Risk,0.462,31.5,0.267
17037,18,1,1267.32,16.9,656.0,75,0,1267.32,1,0.0,0,Lost,0.484,132.59,0.226
16081,18,4,2591.92,15.25,1363.0,139,279,647.98,0,207.5,1,Loyal Customers,0.193,222.79,0.434
17047,16,3,1100.9,16.94,533.0,59,120,366.97,1,0.0,0,Loyal Customers,0.469,104.3,0.278
17402,16,9,1847.65,36.95,468.0,29,284,205.29,0,786.2,1,Champions,0.191,175.21,0.671
17428,16,21,14751.37,49.34,8587.0,239,283,702.45,0,2089.88,1,Champions,0.009,5363.32,0.931
16746,6,14,5304.3,14.37,3552.0,202,283,378.88,0,1375.81,0,Champions,0.003,1317.25,0.618
16350,16,2,566.4,17.7,274.0,28,248,283.2,0,550.07,1,Loyal Customers,0.39,24.26,0.307
12871,15,2,380.64,34.6,200.0,8,123,190.32,1,0.0,0,Lost,0.612,12.71,0.213
18225,15,8,3918.96,20.96,2221.0,111,281,489.87,0,1586.0,1,Champions,0.033,1226.78,0.783
14878,13,7,1184.26,11.73,691.0,54,276,169.18,0,291.83,0,Champions,0.111,331.79,0.262
17073,13,2,841.19,7.65,504.0,98,27,420.6,0,604.9,1,Loyal Customers,0.258,14.29,0.405
16080,12,2,217.16,21.72,128.0,10,193,108.58,1,0.0,0,Lost,0.673,5.19,0.13
15594,12,3,1506.43,16.93,866.0,81,153,502.14,0,265.35,0,Loyal Customers,0.377,109.82,0.294
15500,12,1,406.02,22.56,154.0,18,0,406.02,0,725.54,0,Loyal Customers,0.551,78.35,0.287
13102,12,20,5292.84,19.82,3520.0,119,284,264.64,0,1131.25,1,Champions,0.011,1437.78,0.932
13416,12,1,275.0,25.0,48.0,11,0,275.0,0,437.5,1,At Risk,0.612,19.18,0.2
16464,11,2,983.33,5.62,682.0,141,62,491.67,0,315.33,0,Loyal Customers,0.314,54.11,0.331
13038,11,3,908.46,32.45,360.0,24,210,302.82,1,0.0,0,Loyal Customers,0.473,26.03,0.232
15290,10,13,4459.87,32.09,2255.0,51,280,343.07,0,3483.35,1,Champions,0.014,1311.58,0.699
16379,9,1,478.88,17.74,330.0,27,0,478.88,0,1678.52,0,Champions,0.44,19.6,0.2
15838,8,13,17340.62,144.51,9766.0,51,290,1333.89,0,16302.46,1,Champions,0.007,7543.06,0.79
16681,3,6,1770.34,40.24,1407.0,18,181,295.06,1,0.0,0,Loyal Customers,0.498,15.57,0.112
16169,6,1,587.46,22.59,410.0,26,0,587.46,0,1235.51,0,Loyal Customers,0.445,79.06,0.19
18066,6,1,318.0,31.8,108.0,10,0,318.0,1,0.0,0,Lost,0.708,1.18,0.083
15150,4,7,4360.29,15.41,3037.0,256,196,622.9,0,931.04,0,Champions,0.076,852.6,0.085
13390,5,1,544.08,41.85,224.0,13,0,544.08,1,0.0,0,Lost,0.781,3.18,0.089
13927,5,1,348.99,16.62,214.0,21,0,348.99,1,0.0,0,Lost,0.574,8.47,0.168
13867,5,2,582.64,15.75,316.0,34,144,291.32,0,422.45,0,Loyal Customers,0.411,57.09,0.178
13200,5,2,627.01,17.91,410.0,34,52,313.51,0,243.08,0,Loyal Customers,0.426,38.14,0.16
16600,5,3,353.2,12.61,570.0,28,264,117.73,0,460.32,0,Champions,0.339,18.06,0.101
13866,5,1,145.67,20.81,57.0,7,0,145.67,1,0.0,0,Lost,0.736,4.82,0.056
15241,4,7,1411.52,14.86,1604.0,75,210,201.65,0,344.92,1,Loyal Customers,0.14,258.38,0.215
16354,4,1,366.1,9.63,144.0,38,0,366.1,0,29.7,1,Lost,0.417,15.19,0.507
13862,3,7,2089.7,15.95,1541.0,93,260,298.53,0,119.66,0,Champions,0.087,196.43,0.21
16157,3,1,168.32,28.05,44.0,6,0,168.32,0,488.37,0,At Risk,0.669,33.98,0.052
13842,3,8,2803.93,16.21,1297.0,122,294,350.49,0,581.69,1,Loyal Customers,0.038,422.96,0.624
13924,3,1,679.03,17.41,437.0,39,0,679.03,0,1159.82,1,Champions,0.468,27.68,0.191
14649,3,3,895.18,8.61,657.0,95,140,298.39,0,507.41,0,Champions,0.289,109.86,0.239
17819,2,7,3704.87,77.18,1031.0,36,300,529.27,1,0.0,0,Loyal Customers,0.24,271.43,0.272
13503,2,1,216.85,12.76,248.0,17,0,216.85,1,0.0,0,Lost,0.613,9.0,0.142
14696,2,6,1778.41,16.17,1439.0,101,302,296.4,0,300.54,0,Champions,0.084,223.2,0.125
13131,2,2,772.2,24.91,281.0,22,116,386.1,0,301.1,0,Loyal Customers,0.385,37.4,0.145
14409,2,6,2059.45,38.14,1230.0,40,297,343.24,1,0.0,0,Loyal Customers,0.496,33.74,0.213
13047,58,8,2682.01,19.16,1164.0,84,246,335.25,0,555.53,1,Champions,0.101,814.97,0.745
16250,192,2,389.44,16.23,208.0,22,112,194.72,1,0.0,0,Lost,0.708,6.03,0.097
17412,127,4,709.82,20.28,358.0,30,176,177.46,0,548.24,1,Champions,0.373,23.27,0.374
16754,303,1,2002.4,1001.2,4280.0,2,0,2002.4,1,0.0,0,Lost,0.888,1.37,0.041
14576,303,1,35.4,35.4,12.0,1,0,35.4,1,0.0,0,Lost,0.889,0.53,0.03
12967,289,2,1660.9,87.42,438.0,19,13,830.45,1,0.0,0,Lost,0.778,5.19,0.084
17320,31,3,1200.62,16.45,634.0,57,268,400.21,1,0.0,0,Loyal Customers,0.491,16.54,0.22
15649,267,2,816.0,408.0,192.0,1,31,408.0,1,0.0,0,Lost,0.846,0.87,0.028
13173,298,1,165.94,7.21,114.0,23,0,165.94,0,187.71,0,At Risk,0.514,123.47,0.087
17341,87,3,682.29,4.35,443.0,147,210,227.43,1,0.0,0,Loyal Customers,0.589,12.45,0.147
17213,72,5,1780.01,17.98,758.0,67,225,356.0,0,1001.22,0,Loyal Customers,0.17,227.89,0.301
16679,297,1,129.75,43.25,29.0,3,0,129.75,1,0.0,0,Lost,0.766,4.41,0.044
18269,297,1,168.6,24.09,76.0,7,0,168.6,1,0.0,0,Lost,0.691,2.25,0.045
15079,143,4,895.61,19.06,389.0,46,153,223.9,1,0.0,0,Loyal Customers,0.512,47.79,0.357
17430,296,1,112.6,22.52,60.0,5,0,112.6,0,153.16,0,At Risk,0.658,5.45,0.047
16477,62,6,1999.26,16.52,1099.0,96,240,333.21,0,495.2,1,Loyal Customers,0.154,183.73,0.648
17949,24,33,48209.2,860.88,20778.0,26,278,1460.88,0,10301.28,1,Champions,0.028,13155.17,0.958
14898,65,5,991.18,14.58,852.0,60,237,198.24,0,278.13,0,Loyal Customers,0.161,215.13,0.475
12747,40,8,2769.4,39.56,862.0,34,260,346.18,0,1426.61,1,Champions,0.113,202.38,0.746
16858,299,1,375.69,37.57,91.0,9,0,375.69,1,0.0,0,Lost,0.816,2.9,0.046
17259,79,2,581.23,5.01,388.0,104,220,290.62,1,0.0,0,Lost,0.589,33.75,0.231
15723,295,1,190.7,5.02,73.0,37,0,190.7,1,0.0,0,Lost,0.648,13.98,0.096
15503,293,1,141.04,2.14,70.0,66,0,141.04,1,0.0,0,Lost,0.762,11.59,0.051
17937,45,5,3614.52,109.53,1416.0,19,248,722.9,0,686.7,0,Champions,0.167,99.52,0.504
17890,253,2,586.89,6.45,402.0,88,39,293.45,1,0.0,0,Lost,0.7,3.01,0.081
13846,173,2,663.93,15.44,345.0,43,118,331.97,0,201.13,0,Loyal Customers,0.542,11.57,0.124
13295,290,1,201.2,20.12,82.0,10,0,201.2,1,0.0,0,Lost,0.74,7.28,0.048
15101,290,1,102.28,25.57,34.0,4,0,102.28,0,215.25,0,At Risk,0.692,3.59,0.024
13317,129,5,1313.98,19.32,500.0,56,160,262.8,0,959.7,1,Loyal Customers,0.297,78.94,0.464
16316,88,7,2212.81,19.24,1185.0,103,201,316.12,0,726.1,1,Loyal Customers,0.162,144.06,0.54
13534,38,21,4371.53,18.68,2242.0,101,251,208.17,0,1498.55,1,Champions,0.019,1167.92,0.95
12944,285,1,286.95,20.5,145.0,14,0,286.95,0,317.56,0,At Risk,0.639,1.56,0.164
17585,40,4,1116.68,5.37,1650.0,176,229,279.17,1,0.0,0,Loyal Customers,0.227,28.43,0.237
17368,24,6,1605.07,23.96,1280.0,56,244,267.51,0,273.8,0,Loyal Customers,0.11,237.97,0.415
14672,165,2,765.55,12.55,454.0,58,102,382.78,1,0.0,0,Lost,0.619,31.5,0.2
17048,48,3,925.35,21.52,485.0,41,214,308.45,1,0.0,0,Loyal Customers,0.47,44.14,0.339
15213,249,2,328.35,13.68,272.0,22,11,164.18,1,0.0,0,Lost,0.753,4.4,0.107
15296,40,5,2599.49,18.31,1275.0,118,217,519.9,0,1073.37,1,Loyal Customers,0.175,331.04,0.466
17018,256,1,405.0,67.5,60.0,6,0,405.0,0,515.1,0,Loyal Customers,0.848,5.18,0.042
12346,256,1,77183.6,77183.6,74215.0,1,0,77183.6,1,0.0,0,Loyal Customers,0.89,0.85,0.019
14916,24,3,967.76,16.69,830.0,54,231,322.59,0,301.22,1,Loyal Customers,0.305,53.77,0.557
14770,163,2,876.42,16.85,490.0,49,91,438.21,1,0.0,0,Lost,0.68,4.0,0.181
12970,253,2,23.8,2.97,8.0,8,0,11.9,0,381.67,0,At Risk,0.41,3.37,0.048
14068,251,1,265.85,11.08,73.0,22,0,265.85,1,0.0,0,Lost,0.739,4.04,0.066
13551,250,1,91.8,22.95,12.0,4,0,91.8,1,0.0,0,Lost,0.801,0.51,0.034
14616,173,3,406.08,135.36,104.0,2,75,135.36,1,0.0,0,Lost,0.769,0.44,0.095
16882,170,2,215.7,14.38,102.0,15,78,107.85,0,489.42,1,Loyal Customers,0.594,2.21,0.111
17540,247,1,268.8,33.6,64.0,8,0,268.8,0,310.1,0,At Risk,0.74,2.84,0.109
17329,246,1,243.36,15.21,67.0,16,0,243.36,0,279.75,0,At Risk,0.64,5.57,0.136
15421,146,3,739.36,18.03,379.0,35,95,246.45,0,211.0,1,Loyal Customers,0.443,49.44,0.239
17517,239,1,153.94,13.99,102.0,11,0,153.94,1,0.0,0,Lost,0.803,1.34,0.119
14600,236,1,393.33,15.73,125.0,25,0,393.33,1,0.0,0,Lost,0.745,1.83,0.087
18159,232,1,530.15,23.05,139.0,23,0,530.15,1,0.0,0,Lost,0.794,1.2,0.112
13875,64,4,1424.8,17.59,1005.0,66,168,356.2,0,361.99,1,Loyal Customers,0.257,104.05,0.528
17472,122,3,697.54,4.01,455.0,142,108,232.51,1,0.0,0,Lost,0.545,32.35,0.173
17571,76,3,559.55,7.46,485.0,72,153,186.52,0,866.12,1,Loyal Customers,0.335,35.02,0.338
16738,228,1,3.75,3.75,3.0,1,0,3.75,1,0.0,0,Lost,0.773,0.8,0.056
13414,64,3,1390.5,57.94,1574.0,23,163,463.5,1,0.0,0,Loyal Customers,0.531,6.11,0.311
16014,83,2,514.38,3.96,222.0,115,139,257.19,0,132.45,0,Loyal Customers,0.367,42.12,0.151
16913,221,1,113.44,14.18,82.0,8,0,113.44,1,0.0,0,Lost,0.824,1.82,0.12
17442,24,5,1921.69,16.71,1260.0,86,197,384.34,0,326.87,0,Loyal Customers,0.132,206.51,0.289
16692,187,2,1276.0,425.33,152.0,2,33,638.0,1,0.0,0,Lost,0.873,0.75,0.137
17830,192,2,287.65,17.98,65.0,15,27,143.83,0,111.05,0,At Risk,0.694,3.83,0.087
13675,82,2,486.82,19.47,330.0,25,133,243.41,1,0.0,0,Lost,0.572,17.81,0.295
13166,214,1,417.2,10.18,216.0,39,0,417.2,1,0.0,0,Lost,0.744,1.4,0.081
13476,109,2,1238.47,21.35,417.0,56,103,619.24,1,0.0,0,Loyal Customers,0.652,9.94,0.26
17700,25,3,1681.83,17.89,825.0,78,187,560.61,0,852.81,0,Loyal Customers,0.369,27.08,0.234
15681,114,3,703.22,21.98,450.0,22,97,234.41,0,722.94,0,Loyal Customers,0.425,27.34,0.23
14247,209,1,136.77,6.84,47.0,19,0,136.77,1,0.0,0,Lost,0.736,4.32,0.112
18280,208,1,180.6,18.06,45.0,10,0,180.6,1,0.0,0,Lost,0.781,0.91,0.098
14817,131,2,1110.34,17.62,655.0,52,77,555.17,1,0.0,0,Lost,0.613,7.28,0.187
17817,208,2,269.7,20.75,26.0,12,0,134.85,0,117.98,0,At Risk,0.661,5.74,0.079
14013,41,3,473.02,13.91,462.0,30,165,157.67,1,0.0,0,Lost,0.39,17.42,0.258
17351,100,2,427.3,22.49,92.0,17,104,213.65,0,159.85,0,Loyal Customers,0.539,11.44,0.204
16040,79,2,876.18,19.05,509.0,42,120,438.09,0,437.37,1,Loyal Customers,0.449,17.36,0.292
15182,85,2,622.85,21.48,253.0,24,114,311.43,1,0.0,0,Lost,0.639,14.76,0.176
13299,199,1,142.5,28.5,30.0,5,0,142.5,1,0.0,0,Lost,0.815,1.54,0.071
13631,30,11,3070.42,279.13,467.0,6,168,279.13,1,0.0,0,Loyal Customers,0.658,1.25,0.204
16511,75,2,565.7,5.83,267.0,83,122,282.85,0,352.63,0,Loyal Customers,0.46,50.24,0.302
14066,197,1,152.55,21.79,45.0,7,0,152.55,1,0.0,0,Lost,0.83,1.77,0.079
17043,109,2,324.97,12.04,357.0,27,88,162.49,0,1410.21,1,Loyal Customers,0.501,12.59,0.171
13262,194,1,200.29,18.21,125.0,11,0,200.29,1,0.0,0,Lost,0.722,4.4,0.1
16769,191,1,361.54,9.51,80.0,33,0,361.54,1,0.0,0,Lost,0.783,3.94,0.063
16063,191,1,335.32,14.58,262.0,23,0,335.32,1,0.0,0,Lost,0.763,2.56,0.082
14348,191,1,409.57,22.75,183.0,18,0,409.57,1,0.0,0,Lost,0.791,0.92,0.084
15045,82,2,735.66,61.31,114.0,11,106,367.83,1,0.0,0,Lost,0.635,11.72,0.178
17931,65,2,408.36,6.28,249.0,63,121,204.18,1,0.0,0,Lost,0.455,20.96,0.319
13781,181,1,127.84,7.52,30.0,17,0,127.84,1,0.0,0,Lost,0.745,3.77,0.127
13731,150,2,610.59,16.07,278.0,36,27,305.29,1,0.0,0,Lost,0.668,6.98,0.152
16643,176,1,487.51,18.06,269.0,27,0,487.51,1,0.0,0,Lost,0.755,2.74,0.136
14958,78,3,483.73,11.8,128.0,33,98,161.24,1,0.0,0,Lost,0.452,26.45,0.221
13740,171,1,350.75,15.25,425.0,23,0,350.75,1,0.0,0,Lost,0.749,2.38,0.131
17601,170,1,116.01,12.89,103.0,9,0,116.01,1,0.0,0,Lost,0.802,1.49,0.092
17582,167,1,175.27,6.04,123.0,28,0,175.27,1,0.0,0,Lost,0.658,1.58,0.141
15491,26,6,3100.09,20.13,1646.0,108,140,516.68,1,0.0,0,Loyal Customers,0.357,24.45,0.37
18009,166,1,247.39,7.98,125.0,31,0,247.39,1,0.0,0,Lost,0.684,5.16,0.152
16399,166,1,178.41,5.76,159.0,31,0,178.41,0,229.61,0,At Risk,0.635,1.83,0.101
15625,34,4,1534.26,23.97,1188.0,44,132,383.57,1,0.0,0,Loyal Customers,0.412,52.1,0.385
13479,131,2,300.95,20.06,134.0,14,34,150.48,1,0.0,0,Lost,0.704,4.03,0.157
13376,30,3,1019.76,19.24,493.0,45,135,339.92,1,0.0,0,Loyal Customers,0.477,38.52,0.33
17217,165,1,113.5,12.61,24.0,9,0,113.5,1,0.0,0,Lost,0.79,1.68,0.066
14905,88,2,616.15,36.24,287.0,14,76,308.08,1,0.0,0,Lost,0.631,7.72,0.169
17548,164,1,103.3,20.66,58.0,5,0,103.3,1,0.0,0,Lost,0.781,2.66,0.052
17631,68,2,416.5,14.36,185.0,29,95,208.25,0,111.83,0,At Risk,0.357,20.16,0.306
17615,61,3,329.6,23.54,140.0,13,92,109.87,1,0.0,0,Lost,0.624,7.73,0.276
14149,151,1,446.62,15.95,218.0,28,0,446.62,1,0.0,0,Lost,0.716,2.68,0.188
17974,150,1,164.07,8.64,85.0,18,0,164.07,0,539.92,1,At Risk,0.592,20.9,0.135
16094,150,1,252.1,15.76,164.0,16,0,252.1,0,826.13,0,Loyal Customers,0.589,5.38,0.145
17174,148,1,59.9,14.98,41.0,4,0,59.9,1,0.0,0,Lost,0.795,3.48,0.15
13365,148,1,700.6,17.96,404.0,39,0,700.6,0,1524.77,0,Loyal Customers,0.53,27.14,0.22
14145,87,3,2851.2,356.4,576.0,6,61,950.4,0,891.0,1,Loyal Customers,0.381,36.52,0.196
15258,99,2,623.16,18.33,142.0,32,49,311.58,1,0.0,0,Lost,0.652,13.92,0.157
18170,43,2,655.51,21.85,249.0,27,105,327.76,0,324.8,0,Loyal Customers,0.483,20.8,0.148
16357,93,2,257.95,21.5,55.0,9,51,128.98,0,400.93,0,Loyal Customers,0.512,7.31,0.122
17871,135,1,155.9,15.59,182.0,10,0,155.9,1,0.0,0,Lost,0.721,2.72,0.106
15440,67,2,237.66,7.43,125.0,25,72,118.83,0,146.02,1,At Risk,0.366,12.27,0.287
17190,138,1,195.0,195.0,1.0,1,0,195.0,0,249.74,1,At Risk,0.587,41.54,0.514
17505,92,2,1145.84,22.04,556.0,48,44,572.92,1,0.0,0,Loyal Customers,0.457,13.39,0.208
13572,136,1,1384.25,41.95,534.0,32,0,1384.25,1,0.0,0,Lost,0.591,10.35,0.24
18150,71,2,413.28,15.9,236.0,22,61,206.64,0,153.3,0,At Risk,0.383,17.17,0.282
13227,132,1,257.7,28.63,99.0,9,0,257.7,1,0.0,0,Lost,0.738,7.78,0.131
15734,45,2,1339.45,51.52,346.0,25,86,669.73,1,0.0,0,Loyal Customers,0.623,5.97,0.235
13737,131,1,339.6,11.32,125.0,29,0,339.6,1,0.0,0,Lost,0.695,4.81,0.163
15852,117,2,160.71,7.31,48.0,22,11,80.36,1,0.0,0,Lost,0.735,1.03,0.072
16275,127,1,559.87,16.97,336.0,33,0,559.87,1,0.0,0,Lost,0.715,2.27,0.195
16323,127,1,207.5,207.5,50.0,1,0,207.5,1,0.0,0,Lost,0.79,0.78,0.067
14453,121,1,119.93,5.45,49.0,22,0,119.93,1,0.0,0,Lost,0.718,6.26,0.184
15743,44,2,434.05,12.77,119.0,31,71,217.02,0,341.91,0,Loyal Customers,0.299,27.62,0.248
14241,114,1,213.7,21.37,146.0,10,0,213.7,1,0.0,0,Lost,0.702,6.65,0.131
15679,85,2,260.26,11.83,398.0,18,28,130.13,0,521.02,0,Loyal Customers,0.641,11.93,0.131
14984,111,1,102.23,6.39,20.0,16,0,102.23,0,100.14,0,At Risk,0.588,12.88,0.07
17579,68,2,270.86,15.93,130.0,15,42,135.43,0,178.04,0,At Risk,0.408,11.15,0.207
14503,109,1,597.07,14.93,381.0,40,0,597.07,0,2946.19,1,Champions,0.681,39.44,0.23
13300,100,1,371.89,18.59,203.0,20,0,371.89,1,0.0,0,Lost,0.706,5.16,0.198
17110,96,1,163.3,13.61,50.0,12,0,163.3,1,0.0,0,Lost,0.671,5.62,0.127
14918,46,2,1610.15,35.78,675.0,39,39,805.07,1,0.0,0,Loyal Customers,0.592,31.13,0.342
18024,83,2,389.78,18.56,184.0,21,0,194.89,1,0.0,0,Lost,0.65,13.81,0.254
16174,57,3,1009.55,43.89,651.0,19,25,336.52,1,0.0,0,Loyal Customers,0.622,29.39,0.3
14690,82,1,212.56,7.59,84.0,28,0,212.56,0,142.49,1,At Risk,0.569,13.32,0.278
16450,80,1,311.92,28.36,200.0,11,0,311.92,1,0.0,0,Lost,0.753,6.97,0.164
16488,45,2,354.57,16.12,619.0,22,34,177.29,0,144.23,0,At Risk,0.383,17.66,0.255
15802,73,1,451.42,451.42,1.0,1,0,451.42,1,0.0,0,Lost,0.84,0.66,0.104
18143,47,2,1000.16,16.4,570.0,59,25,500.08,1,0.0,0,Loyal Customers,0.528,8.13,0.316
15232,44,2,612.06,19.74,686.0,26,27,306.03,1,0.0,0,Lost,0.568,16.78,0.24
17040,68,1,449.73,29.98,181.0,15,0,449.73,1,0.0,0,Lost,0.724,6.08,0.21
15372,68,1,2007.4,74.35,2924.0,27,0,2007.4,1,0.0,0,Loyal Customers,0.752,4.98,0.322
13930,67,1,210.0,21.0,210.0,10,0,210.0,0,127.34,1,At Risk,0.65,8.71,0.195
14331,55,2,462.66,16.52,252.0,27,11,231.33,1,0.0,0,Lost,0.507,13.46,0.283
18268,65,1,25.5,25.5,2.0,1,0,25.5,1,0.0,0,Lost,0.809,0.98,0.104
13218,58,1,62.64,12.53,88.0,5,0,62.64,1,0.0,0,Lost,0.755,1.7,0.119
13513,57,1,205.1,20.51,109.0,10,0,205.1,1,0.0,0,Lost,0.67,9.27,0.16
17331,54,1,175.2,175.2,16.0,1,0,175.2,1,0.0,0,Lost,0.796,0.85,0.069
16053,53,1,1124.19,18.13,1003.0,62,0,1124.19,0,387.76,0,Loyal Customers,0.383,55.43,0.273
15653,23,2,877.44,146.24,1200.0,4,23,438.72,1,0.0,0,Loyal Customers,0.737,5.86,0.165
16330,43,2,48.96,2.88,23.0,17,0,24.48,0,202.95,0,At Risk,0.377,46.0,0.098
16536,41,1,548.12,10.15,250.0,49,0,548.12,1,0.0,0,Lost,0.656,10.54,0.238
18147,39,1,98.88,24.72,80.0,4,0,98.88,0,80.46,1,At Risk,0.617,10.48,0.126
14523,39,1,241.09,20.09,251.0,12,0,241.09,1,0.0,0,Lost,0.697,13.18,0.165
13236,37,1,439.23,20.92,168.0,21,0,439.23,0,305.62,0,At Risk,0.583,15.89,0.231
14687,37,1,628.38,41.89,470.0,15,0,628.38,1,0.0,0,Lost,0.786,6.14,0.186
15074,36,1,735.67,17.94,431.0,41,0,735.67,1,0.0,0,Lost,0.584,15.86,0.256
15215,27,1,300.04,18.75,92.0,16,0,300.04,0,434.9,1,Loyal Customers,0.494,27.16,0.379
17309,26,1,82.75,6.9,41.0,11,0,82.75,1,0.0,0,Lost,0.796,3.02,0.184
14208,25,1,151.74,15.17,114.0,10,0,151.74,1,0.0,0,Lost,0.73,3.51,0.129
13210,24,1,353.48,16.07,316.0,22,0,353.48,1,0.0,0,Lost,0.616,10.95,0.229
17481,24,1,260.63,13.72,149.0,19,0,260.63,0,994.96,0,At Risk,0.458,21.26,0.238
17004,23,1,905.6,36.22,554.0,25,0,905.6,0,406.54,1,Loyal Customers,0.468,17.06,0.286
14051,22,16,9271.84,71.87,2287.0,43,275,579.49,0,5134.65,1,Champions,0.012,3697.52,0.848
15249,22,11,5639.34,19.05,3071.0,188,165,512.67,0,1049.12,1,Champions,0.071,574.48,0.776
16723,22,2,576.4,13.72,398.0,37,16,288.2,1,0.0,0,Lost,0.491,50.85,0.355
18109,3,19,5138.24,15.71,3490.0,115,297,270.43,0,2866.68,1,Champions,0.005,1189.55,0.874
16910,8,4,755.08,2.89,466.0,195,14,188.77,0,753.88,1,Champions,0.218,185.93,0.559
13079,6,3,172.4,43.1,32.0,2,65,57.47,0,47.7,0,At Risk,0.616,4.93,0.038
15636,20,2,724.76,28.99,284.0,20,193,362.38,1,0.0,0,Lost,0.522,42.06,0.232
16384,20,2,584.5,17.71,260.0,33,174,292.25,1,0.0,0,Lost,0.501,15.53,0.286
13742,20,11,2775.47,10.43,994.0,164,231,252.32,0,332.4,0,Champions,0.059,535.71,0.515
17377,5,11,2312.58,11.39,1190.0,112,299,210.23,0,1745.74,1,Champions,0.035,615.26,0.759
15587,20,3,801.72,114.53,276.0,3,262,267.24,0,111.96,1,Loyal Customers,0.281,40.76,0.547
16279,18,2,724.18,11.68,462.0,62,89,362.09,0,778.6,0,Loyal Customers,0.329,126.88,0.213
13518,16,1,627.16,17.42,382.0,36,0,627.16,1,0.0,0,Lost,0.533,20.85,0.261
15601,20,12,5817.02,16.57,4131.0,202,283,484.75,0,959.54,1,Champions,0.009,974.47,0.822
15547,13,11,3699.18,7.52,3117.0,314,280,336.29,0,1211.42,1,Champions,0.012,1007.66,0.927
18158,19,1,343.8,14.33,254.0,24,0,343.8,0,109.6,0,At Risk,0.529,12.96,0.232
17961,12,35,1266.64,5.23,540.0,207,291,36.19,0,29.8,1,Champions,0.186,99.81,0.933
18180,11,4,1206.36,16.53,916.0,70,62,301.59,0,637.39,1,Champions,0.264,110.25,0.691
17071,19,7,1694.22,15.98,766.0,77,221,242.03,0,734.81,1,Champions,0.123,284.95,0.441
15769,18,20,43116.72,484.46,22840.0,19,284,2155.84,0,13136.0,1,Champions,0.058,13536.26,0.892
12940,18,1,361.27,19.01,95.0,19,0,361.27,0,538.42,1,Loyal Customers,0.522,21.78,0.399
14060,10,16,5135.6,29.69,4632.0,82,293,320.97,0,1004.82,1,Champions,0.012,1355.78,0.778
15466,16,1,334.53,5.87,246.0,56,0,334.53,1,0.0,0,Lost,0.632,22.12,0.192
15417,16,1,508.8,18.17,284.0,28,0,508.8,1,0.0,0,Lost,0.564,10.13,0.251
13566,13,1,567.31,5.35,335.0,97,0,567.31,0,289.53,0,Loyal Customers,0.509,32.8,0.272
17802,13,3,1285.04,9.18,752.0,102,290,428.35,1,0.0,0,Loyal Customers,0.452,167.67,0.377
13325,12,1,675.3,56.28,240.0,12,0,675.3,1,0.0,0,Lost,0.809,5.12,0.158
13695,12,13,2096.95,29.53,1403.0,37,178,161.3,0,407.18,1,Champions,0.14,257.69,0.718
15078,5,24,7580.15,21.53,3813.0,83,294,315.84,0,2162.96,1,Champions,0.01,2340.4,0.73
17848,12,9,901.2,17.67,398.0,41,277,100.13,1,0.0,0,Loyal Customers,0.568,190.66,0.345
17527,11,3,788.22,20.21,439.0,39,138,262.74,0,151.15,1,Loyal Customers,0.355,51.7,0.39
14164,11,1,1273.77,45.49,833.0,28,0,1273.77,0,358.0,1,Loyal Customers,0.459,18.71,0.295
16076,10,6,1455.81,15.16,1051.0,70,129,242.64,0,778.92,1,Champions,0.18,199.51,0.481
15737,10,6,1064.51,16.38,539.0,55,163,177.42,0,123.61,0,Champions,0.199,189.6,0.334
16358,10,2,1134.55,25.79,519.0,35,105,567.28,0,892.95,1,Champions,0.469,30.99,0.274
14261,9,1,943.75,20.97,387.0,45,0,943.75,0,219.7,1,Loyal Customers,0.436,23.73,0.231
13004,8,13,4125.3,13.75,3701.0,214,280,317.33,0,1530.61,1,Champions,0.005,2197.62,0.851
14014,8,1,505.18,12.95,1076.0,39,0,505.18,1,0.0,0,Lost,0.471,15.03,0.178
15807,8,1,635.6,15.89,380.0,40,0,635.6,0,268.3,1,Loyal Customers,0.45,19.77,0.207
15978,8,1,1098.78,22.42,888.0,49,0,1098.78,1,0.0,0,Lost,0.496,25.9,0.184
17006,6,1,280.76,21.6,100.0,13,0,280.76,0,501.02,0,At Risk,0.567,16.3,0.084
15860,6,7,863.15,6.69,382.0,100,293,123.31,0,102.01,0,Loyal Customers,0.361,109.28,0.208
15958,5,1,104.35,14.91,33.0,7,0,104.35,1,0.0,0,Lost,0.72,1.54,0.052
15754,4,2,303.42,15.97,146.0,19,173,151.71,0,155.15,1,Loyal Customers,0.376,3.8,0.415
14609,3,4,601.56,150.39,7026.0,2,224,150.39,1,0.0,0,Loyal Customers,0.647,0.04,0.04
15750,3,5,1615.47,7.84,1265.0,185,294,323.09,0,847.58,0,Champions,0.087,588.38,0.086
13985,2,8,3791.26,18.77,1874.0,79,193,473.91,0,3268.87,1,Champions,0.168,198.28,0.56
13741,2,3,668.43,19.66,218.0,34,146,222.81,1,0.0,0,Loyal Customers,0.498,26.81,0.136
17633,2,3,1004.5,18.95,498.0,47,49,334.83,0,320.34,0,Loyal Customers,0.354,68.46,0.208
17015,2,2,1566.03,8.16,1699.0,160,114,783.02,0,272.58,0,Loyal Customers,0.234,142.59,0.236
13705,75,2,522.68,24.89,237.0,20,229,261.34,0,189.18,0,At Risk,0.394,22.07,0.3
17908,304,1,232.03,4.3,169.0,51,0,232.03,1,0.0,0,Lost,0.747,4.58,0.056
15983,291,3,1138.37,14.23,694.0,57,13,379.46,0,326.75,0,Loyal Customers,0.375,75.37,0.057
17643,304,1,101.55,12.69,71.0,8,0,101.55,1,0.0,0,Lost,0.804,1.52,0.067
16274,304,1,351.75,5.41,153.0,64,0,351.75,1,0.0,0,Lost,0.778,3.2,0.043
16244,142,2,1522.75,16.73,855.0,88,161,761.37,1,0.0,0,Loyal Customers,0.538,15.16,0.269
15823,303,1,15.0,15.0,1.0,1,0,15.0,1,0.0,0,Lost,0.852,0.07,0.085
16203,78,3,378.3,15.76,158.0,19,225,126.1,0,214.6,1,Loyal Customers,0.415,11.17,0.365
14775,68,2,701.46,17.54,802.0,39,235,350.73,0,310.44,1,Loyal Customers,0.525,48.76,0.37
15299,95,5,3035.01,607.0,2578.0,5,208,607.0,0,1472.0,1,Loyal Customers,0.333,123.25,0.49
13402,58,2,621.23,15.93,479.0,32,245,310.62,1,0.0,0,Lost,0.597,11.57,0.241
17470,58,4,816.47,14.08,1275.0,54,240,204.12,0,308.6,1,Loyal Customers,0.189,55.04,0.477
14907,30,5,2608.18,19.91,1307.0,110,268,521.64,0,892.92,0,Champions,0.234,323.06,0.404
17324,262,2,702.23,41.31,606.0,17,35,351.12,0,284.25,0,Loyal Customers,0.474,30.42,0.076
13270,297,1,590.0,590.0,200.0,1,0,590.0,1,0.0,0,Lost,0.85,0.48,0.021
12942,62,3,675.6,9.65,198.0,68,234,225.2,1,0.0,0,Loyal Customers,0.257,23.54,0.252
17787,83,4,1817.54,14.2,896.0,94,219,454.39,1,0.0,0,Loyal Customers,0.425,24.68,0.265
16455,25,6,1323.38,18.64,756.0,48,277,220.56,0,517.8,1,Loyal Customers,0.132,290.88,0.336
15570,72,9,2809.98,11.66,1135.0,184,228,312.22,0,1338.84,0,Champions,0.089,952.56,0.218
16411,300,1,128.55,6.43,69.0,19,0,128.55,0,83.15,0,At Risk,0.682,19.59,0.087
13497,213,2,348.05,18.32,163.0,19,86,174.02,1,0.0,0,Lost,0.735,6.76,0.09
15028,299,1,185.97,13.28,119.0,14,0,185.97,0,441.16,1,At Risk,0.61,9.71,0.302
16919,87,11,2592.25,7.95,1403.0,141,212,235.66,1,0.0,0,Loyal Customers,0.47,28.05,0.109
16658,299,1,123.24,15.41,40.0,8,0,123.24,1,0.0,0,Lost,0.774,4.06,0.056
15192,50,3,1044.32,20.48,918.0,36,246,348.11,1,0.0,0,Loyal Customers,0.538,30.96,0.276
17076,204,2,334.2,23.87,112.0,11,91,167.1,0,506.88,0,Loyal Customers,0.729,6.84,0.089
17827,173,4,1580.47,10.26,957.0,140,122,395.12,0,406.86,0,Champions,0.315,148.24,0.231
17303,292,1,250.04,4.72,144.0,53,0,250.04,1,0.0,0,Lost,0.75,8.31,0.057
17375,130,3,400.1,5.8,367.0,63,162,133.37,1,0.0,0,Lost,0.598,5.64,0.189
17194,204,2,262.62,9.06,119.0,26,87,131.31,1,0.0,0,Lost,0.687,3.17,0.09
13221,171,2,847.41,12.84,244.0,62,119,423.71,1,0.0,0,Lost,0.661,9.94,0.164
16134,290,1,283.53,17.72,158.0,16,0,283.53,0,334.56,0,At Risk,0.567,7.06,0.081
17146,36,3,749.78,21.42,212.0,33,253,249.93,1,0.0,0,Loyal Customers,0.411,41.34,0.347
14621,87,3,1002.91,21.34,410.0,45,202,334.3,0,785.45,0,Champions,0.358,69.52,0.27
15379,100,7,3703.29,19.09,2305.0,145,189,529.04,1,0.0,0,Loyal Customers,0.5,19.97,0.446
15532,62,3,1214.49,6.07,371.0,165,227,404.83,0,350.24,0,Loyal Customers,0.274,102.36,0.198
16684,64,18,33883.5,201.69,24485.0,88,225,1882.42,0,32770.06,1,Champions,0.084,19809.37,0.918
16885,288,1,177.95,6.36,35.0,27,0,177.95,0,272.46,1,At Risk,0.699,5.95,0.051
14532,167,4,932.85,14.58,284.0,45,116,233.21,1,0.0,0,Loyal Customers,0.56,21.67,0.279
14653,269,1,344.81,11.89,305.0,29,0,344.81,0,1581.84,1,Champions,0.684,18.33,0.194
18062,104,3,720.52,26.69,396.0,23,164,240.17,1,0.0,0,Loyal Customers,0.457,19.35,0.232
13162,53,4,1688.29,21.37,1713.0,74,212,422.07,1,0.0,0,Loyal Customers,0.404,16.07,0.362
14794,134,4,679.54,16.99,311.0,37,131,169.89,0,640.37,0,Champions,0.387,59.63,0.222
16850,264,1,332.41,17.5,249.0,19,0,332.41,1,0.0,0,Lost,0.779,2.59,0.091
16351,263,1,153.9,19.24,90.0,8,0,153.9,1,0.0,0,Lost,0.826,1.01,0.052
16034,127,3,437.7,19.9,242.0,18,136,145.9,1,0.0,0,Lost,0.638,2.78,0.203
16359,25,7,1411.23,25.66,876.0,38,237,201.6,0,339.69,1,Champions,0.154,255.56,0.45
12951,104,5,751.78,16.71,331.0,39,157,150.36,0,312.29,0,Champions,0.314,44.91,0.255
13898,256,1,155.93,12.99,133.0,12,0,155.93,1,0.0,0,Lost,0.8,1.46,0.106
17094,253,1,302.0,21.57,152.0,14,0,302.0,1,0.0,0,Lost,0.753,2.62,0.06
14692,68,4,591.55,8.7,265.0,53,185,147.89,1,0.0,0,Loyal Customers,0.259,11.16,0.23
17673,93,4,1175.62,7.26,1062.0,110,158,293.91,0,419.35,1,Champions,0.237,112.58,0.64
16943,142,3,816.73,24.75,145.0,23,107,272.24,1,0.0,0,Loyal Customers,0.513,29.02,0.289
17082,249,1,636.94,26.54,316.0,24,0,636.94,0,1366.91,0,Loyal Customers,0.638,21.95,0.092
17118,248,1,157.02,15.7,154.0,10,0,157.02,1,0.0,0,Lost,0.783,1.04,0.094
16897,230,2,289.78,7.83,73.0,37,14,144.89,1,0.0,0,Lost,0.754,7.78,0.126
17431,244,1,403.3,9.38,292.0,41,0,403.3,1,0.0,0,Lost,0.739,3.35,0.083
14549,242,1,289.24,5.16,136.0,56,0,289.24,1,0.0,0,Lost,0.749,4.5,0.104
16716,197,2,901.2,450.6,120.0,1,45,450.6,1,0.0,0,Lost,0.857,1.01,0.028
13728,38,5,797.02,15.94,354.0,29,203,159.4,0,219.12,0,Loyal Customers,0.298,95.08,0.39
16378,178,3,362.95,15.78,267.0,22,63,120.98,1,0.0,0,Lost,0.727,1.8,0.127
15781,68,2,211.3,19.21,66.0,11,168,105.65,0,134.16,0,At Risk,0.474,10.65,0.13
16951,65,3,1277.75,14.86,1318.0,73,170,425.92,1,0.0,0,Loyal Customers,0.421,22.89,0.254
14555,233,1,186.34,13.31,90.0,14,0,186.34,0,126.2,1,Lost,0.687,5.42,0.25
16084,230,1,436.18,11.48,216.0,38,0,436.18,1,0.0,0,Lost,0.74,5.13,0.084
14035,38,3,837.26,32.2,447.0,18,190,279.09,0,590.76,1,Loyal Customers,0.383,36.22,0.366
15321,222,1,1159.47,30.51,545.0,38,0,1159.47,0,1588.84,1,Loyal Customers,0.521,53.47,0.385
14276,29,3,1119.74,17.5,744.0,52,191,373.25,1,0.0,0,Loyal Customers,0.388,41.09,0.226
16940,100,2,1868.36,10.04,1236.0,162,120,934.18,0,1181.52,1,Loyal Customers,0.257,106.0,0.311
14745,43,5,1220.26,17.68,1038.0,46,173,244.05,1,0.0,0,Loyal Customers,0.341,198.4,0.391
14740,128,3,1448.21,16.27,735.0,85,86,482.74,1,0.0,0,Loyal Customers,0.512,15.68,0.354
14483,212,1,137.1,15.23,97.0,9,0,137.1,1,0.0,0,Lost,0.807,1.54,0.067
17535,211,1,164.4,12.65,136.0,13,0,164.4,1,0.0,0,Lost,0.6,10.79,0.07
16356,128,3,211.77,6.83,93.0,20,80,70.59,1,0.0,0,Lost,0.674,0.57,0.071
18183,158,2,632.07,17.08,371.0,36,47,316.04,1,0.0,0,Lost,0.678,7.27,0.187
16652,40,5,4525.87,56.57,2077.0,53,164,905.17,0,2248.1,1,Loyal Customers,0.217,157.07,0.486
14059,197,1,183.6,22.95,128.0,8,0,183.6,1,0.0,0,Lost,0.773,1.53,0.096
14041,197,1,141.41,6.73,94.0,21,0,141.41,1,0.0,0,Lost,0.759,3.47,0.098
15445,195,1,113.5,22.7,58.0,5,0,113.5,1,0.0,0,Lost,0.764,2.83,0.079
17733,192,1,216.95,18.08,87.0,12,0,216.95,0,475.24,0,At Risk,0.73,4.33,0.092
15245,65,3,2515.84,28.27,1784.0,55,127,838.61,1,0.0,0,Loyal Customers,0.488,36.04,0.436
15644,97,4,803.54,3.46,550.0,166,95,200.88,1,0.0,0,Loyal Customers,0.272,75.85,0.17
17966,82,4,594.43,9.74,1171.0,52,110,148.61,0,504.0,0,Loyal Customers,0.354,19.99,0.333
14129,26,3,726.23,21.36,355.0,28,165,242.08,0,397.63,0,Champions,0.371,46.79,0.3
17765,89,3,367.63,6.56,143.0,51,98,122.54,1,0.0,0,Lost,0.573,8.5,0.27
15083,187,1,88.2,17.64,38.0,5,0,88.2,1,0.0,0,Lost,0.809,1.26,0.119
13439,186,1,283.71,5.25,242.0,54,0,283.71,1,0.0,0,Lost,0.729,11.58,0.157
17775,185,1,56.4,18.8,72.0,3,0,56.4,1,0.0,0,Lost,0.789,3.95,0.232
15364,26,2,913.19,31.49,493.0,29,159,456.6,1,0.0,0,Loyal Customers,0.602,13.06,0.277
14790,50,2,364.04,13.0,384.0,22,134,182.02,0,381.02,0,Loyal Customers,0.364,26.86,0.337
13626,183,1,257.23,13.54,209.0,19,0,257.23,1,0.0,0,Lost,0.719,4.09,0.148
13169,183,1,505.2,84.2,96.0,6,0,505.2,0,207.68,1,Loyal Customers,0.684,6.57,0.154
14195,132,2,1012.0,144.57,760.0,7,51,506.0,1,0.0,0,Lost,0.634,3.33,0.154
13294,120,2,873.74,16.18,453.0,48,60,436.87,1,0.0,0,Lost,0.626,6.8,0.198
16696,66,4,657.9,65.79,146.0,7,113,164.48,1,0.0,0,Loyal Customers,0.636,11.16,0.202
17045,44,3,339.44,15.43,106.0,20,134,113.15,1,0.0,0,Lost,0.564,13.13,0.33
13771,130,2,1464.85,20.93,825.0,65,48,732.43,0,1169.6,1,Loyal Customers,0.338,42.42,0.331
18040,176,1,239.0,19.92,96.0,12,0,239.0,0,118.2,0,At Risk,0.688,4.03,0.14
15655,174,1,560.67,16.49,324.0,34,0,560.67,1,0.0,0,Lost,0.761,2.17,0.142
17972,172,1,135.19,4.51,36.0,30,0,135.19,1,0.0,0,Lost,0.739,3.54,0.145
17746,171,1,110.25,18.38,29.0,6,0,110.25,1,0.0,0,Lost,0.808,2.02,0.085
13989,170,1,896.67,38.99,869.0,23,0,896.67,0,369.41,1,Loyal Customers,0.654,7.39,0.288
17697,167,1,338.95,17.84,93.0,19,0,338.95,1,0.0,0,Lost,0.793,2.5,0.117
16226,134,3,255.12,31.89,192.0,6,32,85.04,1,0.0,0,Lost,0.791,0.55,0.056
17187,157,1,203.95,20.4,144.0,10,0,203.95,1,0.0,0,Lost,0.717,3.42,0.113
16099,68,2,592.1,18.5,362.0,26,88,296.05,0,139.8,1,Loyal Customers,0.487,15.46,0.29
14973,38,3,1314.45,41.08,369.0,29,118,438.15,1,0.0,0,Loyal Customers,0.592,5.4,0.263
17955,129,4,557.3,29.33,273.0,14,21,139.32,1,0.0,0,Loyal Customers,0.765,4.45,0.176
14173,150,1,114.04,10.37,40.0,11,0,114.04,0,336.8,1,At Risk,0.751,3.61,0.294
14393,149,1,67.95,13.59,13.0,5,0,67.95,1,0.0,0,Lost,0.786,1.52,0.368
15668,148,1,76.32,76.32,72.0,1,0,76.32,1,0.0,0,Lost,0.805,0.82,0.054
15117,51,2,675.73,19.31,1085.0,31,95,337.87,0,876.05,1,Loyal Customers,0.519,29.94,0.286
14353,146,1,90.6,15.1,64.0,6,0,90.6,1,0.0,0,Lost,0.836,0.46,0.05
17455,134,1,131.7,16.46,66.0,8,0,131.7,1,0.0,0,Lost,0.759,4.6,0.107
14338,92,2,588.22,18.97,335.0,30,35,294.11,1,0.0,0,Lost,0.64,6.25,0.221
14389,121,1,311.14,16.38,189.0,19,0,311.14,0,732.32,1,Loyal Customers,0.674,9.94,0.19
16239,120,1,347.9,23.19,182.0,15,0,347.9,0,66.3,1,At Risk,0.737,3.92,0.175
13682,118,1,59.5,19.83,10.0,3,0,59.5,1,0.0,0,Lost,0.736,2.13,0.159
13761,110,1,491.71,15.37,224.0,32,0,491.71,0,578.94,1,Loyal Customers,0.596,13.6,0.195
16276,107,1,810.6,135.1,420.0,6,0,810.6,1,0.0,0,Lost,0.755,5.96,0.187
16852,107,1,113.06,16.15,51.0,7,0,113.06,0,31.85,0,At Risk,0.659,3.87,0.107
12904,103,1,244.69,7.65,165.0,32,0,244.69,0,251.37,0,At Risk,0.578,21.2,0.215
15389,103,1,500.0,500.0,400.0,1,0,500.0,1,0.0,0,Lost,0.809,0.05,0.069
15329,65,2,754.0,17.95,386.0,42,37,377.0,0,295.7,0,Loyal Customers,0.433,37.27,0.26
14351,95,1,51.0,51.0,12.0,1,0,51.0,1,0.0,0,Lost,0.813,0.42,0.076
14383,94,1,242.09,16.14,201.0,15,0,242.09,0,1005.6,1,Loyal Customers,0.633,7.09,0.164
12922,92,1,405.38,14.48,370.0,28,0,405.38,1,0.0,0,Lost,0.639,3.2,0.18
17312,69,3,644.3,46.02,372.0,11,21,214.77,1,0.0,0,Loyal Customers,0.662,7.01,0.187
17353,60,2,1740.0,217.5,1200.0,5,25,870.0,1,0.0,0,Loyal Customers,0.799,6.93,0.144
14857,79,1,522.52,18.02,188.0,29,0,522.52,0,650.6,1,Loyal Customers,0.581,4.93,0.284
16054,76,1,783.9,11.2,380.0,70,0,783.9,1,0.0,0,Lost,0.72,17.33,0.278
16364,68,1,346.3,12.37,114.0,28,0,346.3,0,359.49,0,At Risk,0.565,12.25,0.215
15639,65,1,425.32,17.01,323.0,25,0,425.32,1,0.0,0,Lost,0.642,2.68,0.229
15118,65,1,244.8,244.8,1440.0,1,0,244.8,1,0.0,0,Lost,0.832,0.47,0.051
15120,64,1,358.82,17.09,296.0,21,0,358.82,1,0.0,0,Lost,0.696,7.02,0.229
18127,64,1,139.6,17.45,28.0,8,0,139.6,0,207.48,0,At Risk,0.583,9.47,0.116
17173,47,2,961.26,38.45,238.0,13,15,480.63,0,2805.34,1,Champions,0.445,20.73,0.244
17267,58,2,317.2,8.57,158.0,37,0,158.6,1,0.0,0,Lost,0.548,11.51,0.298
14495,52,1,40.6,20.3,22.0,2,0,40.6,0,83.2,1,Lost,0.57,10.46,0.322
15608,51,1,285.68,15.87,230.0,18,0,285.68,0,808.0,1,Loyal Customers,0.546,38.53,0.3
17653,30,2,343.34,38.15,687.0,9,21,171.67,0,864.22,0,Loyal Customers,0.489,19.39,0.175
14658,48,1,123.14,8.8,23.0,14,0,123.14,0,124.01,0,At Risk,0.525,23.34,0.143
16706,29,2,411.55,3.96,220.0,98,16,205.77,0,119.8,0,At Risk,0.313,71.05,0.283
15307,26,1,205.3,17.11,37.0,12,0,205.3,1,0.0,0,Lost,0.657,18.31,0.178
17811,4,27,5194.31,9.93,2500.0,257,260,192.38,0,2567.51,1,Champions,0.006,1492.17,0.956
13199,23,22,4740.16,71.82,3652.0,29,274,215.46,0,5076.96,1,Champions,0.01,723.89,0.844
16682,23,3,810.22,40.51,762.0,15,95,270.07,0,217.78,1,Champions,0.47,61.38,0.466
16293,22,6,1454.33,18.18,643.0,74,276,242.39,0,794.66,1,Champions,0.092,343.62,0.438
17841,3,88,25834.64,5.25,13921.0,1125,301,293.58,0,14685.2,1,Champions,0.006,6619.2,0.955
13823,22,1,650.42,25.02,325.0,26,0,650.42,0,307.24,0,At Risk,0.501,23.35,0.233
16362,22,3,360.65,9.25,145.0,34,0,120.22,0,349.34,1,Loyal Customers,0.305,34.85,0.349
15605,20,4,894.78,17.9,318.0,46,284,223.7,0,303.45,0,Loyal Customers,0.349,75.05,0.36
14837,20,4,1649.5,15.27,1436.0,96,112,412.38,1,0.0,0,Loyal Customers,0.385,20.58,0.381
13941,20,4,3859.3,107.2,1778.0,23,283,964.83,0,1253.66,0,Loyal Customers,0.155,186.93,0.598
15081,17,3,336.25,14.62,133.0,21,281,112.08,0,168.55,1,Loyal Customers,0.413,13.44,0.664
15021,17,6,1385.36,4.11,630.0,250,280,230.89,0,486.41,0,Champions,0.082,321.65,0.225
17716,6,9,5002.31,21.84,2778.0,164,192,555.81,0,653.68,0,Champions,0.074,398.47,0.299
12883,20,1,291.63,15.35,68.0,19,0,291.63,0,411.84,0,Loyal Customers,0.49,42.09,0.303
12997,19,3,916.39,18.7,470.0,41,229,305.46,0,310.5,0,Loyal Customers,0.346,59.75,0.339
13269,19,9,3340.68,14.85,2228.0,146,281,371.19,0,2002.6,1,Champions,0.019,675.39,0.773
14292,19,5,3143.95,39.3,1093.0,60,194,628.79,0,1727.98,0,Champions,0.235,110.58,0.295
13064,19,3,842.33,17.55,366.0,37,239,280.78,0,263.26,0,Loyal Customers,0.315,52.86,0.379
16475,19,4,544.3,19.44,319.0,23,185,136.07,1,0.0,0,Loyal Customers,0.486,15.29,0.275
18069,19,4,1761.17,4.72,1094.0,293,239,440.29,0,248.07,0,Loyal Customers,0.251,145.3,0.118
13098,18,19,17349.76,43.27,9678.0,111,230,913.15,0,11532.68,1,Champions,0.057,3789.05,0.875
13658,16,3,2096.77,25.57,811.0,76,119,698.92,0,542.4,0,Champions,0.299,52.08,0.352
16189,16,1,144.48,24.08,102.0,6,0,144.48,0,71.0,0,At Risk,0.733,6.18,0.146
17663,15,5,1287.81,20.12,595.0,46,203,257.56,0,515.1,0,Loyal Customers,0.18,281.08,0.446
16878,15,1,13.3,4.43,12.0,3,0,13.3,1,0.0,0,Lost,0.744,2.01,0.218
16689,6,2,422.6,32.51,330.0,12,7,211.3,1,0.0,0,Lost,0.662,12.15,0.089
16700,11,11,4423.62,16.2,3553.0,144,286,402.15,0,652.93,0,Champions,0.021,1000.42,0.686
14446,11,2,674.56,3.83,680.0,162,166,337.28,0,148.96,0,Champions,0.364,45.95,0.141
15026,11,3,469.0,7.69,285.0,57,197,156.33,1,0.0,0,Loyal Customers,0.258,31.64,0.263
16493,10,4,1351.63,24.14,1164.0,40,250,337.91,1,0.0,0,Loyal Customers,0.495,28.08,0.386
13486,9,3,1122.41,16.27,669.0,69,77,374.14,1,0.0,0,Loyal Customers,0.416,31.81,0.234
16236,9,1,432.2,21.61,184.0,20,0,432.2,1,0.0,0,Lost,0.576,8.26,0.218
15394,9,3,1854.14,26.11,772.0,53,280,618.05,0,329.4,0,Loyal Customers,0.344,125.52,0.164
17163,9,1,123.1,41.03,26.0,3,0,123.1,0,170.0,0,At Risk,0.63,14.64,0.066
17480,8,1,511.82,17.65,338.0,29,0,511.82,1,0.0,0,Lost,0.511,8.77,0.2
15916,8,6,965.85,12.38,419.0,71,289,160.98,0,537.01,0,Champions,0.174,214.53,0.128
16198,6,1,400.68,26.71,129.0,15,0,400.68,1,0.0,0,Lost,0.662,7.96,0.131
13429,6,1,330.6,13.77,620.0,24,0,330.6,0,676.2,1,Loyal Customers,0.496,10.34,0.301
16710,5,8,2084.78,6.19,1598.0,235,294,260.6,0,383.21,0,Champions,0.027,454.76,0.351
14031,5,14,11219.15,57.83,4278.0,104,298,801.37,0,6067.71,1,Champions,0.007,3611.97,0.786
17061,4,11,5232.23,52.85,1526.0,57,159,475.66,1,0.0,0,Champions,0.514,40.66,0.256
13555,4,4,4098.88,30.36,2636.0,128,128,1024.72,1,0.0,0,Loyal Customers,0.231,19.03,0.165
17591,4,7,2203.67,14.04,1000.0,81,294,314.81,1,0.0,0,Loyal Customers,0.236,367.49,0.174
15061,4,41,40567.76,122.93,21064.0,59,299,989.46,0,13966.38,1,Champions,0.008,8991.57,0.915
17950,3,3,482.2,6.79,366.0,63,293,160.73,1,0.0,0,Loyal Customers,0.448,36.41,0.286
13061,3,1,248.61,24.86,107.0,10,0,248.61,1,0.0,0,Lost,0.687,5.31,0.056
17513,3,1,513.2,85.53,254.0,6,0,513.2,1,0.0,0,Lost,0.721,1.54,0.09
15144,2,12,4005.64,29.45,2068.0,100,241,333.8,0,2574.8,1,Champions,0.024,997.97,0.83
14868,2,5,1634.77,18.79,871.0,74,162,326.95,0,1318.82,0,Champions,0.18,294.22,0.117
16361,2,1,334.94,7.79,206.0,43,0,334.94,0,556.27,0,At Risk,0.459,48.76,0.265
16818,2,10,3221.81,17.8,2106.0,167,134,322.18,0,127.76,0,Champions,0.098,206.83,0.835
15955,2,10,2965.99,24.31,1495.0,100,301,296.6,0,1450.27,1,Champions,0.028,484.43,0.829
17306,2,16,7206.24,133.45,10132.0,9,282,450.39,0,1425.07,0,Champions,0.024,813.62,0.286
14305,2,3,1858.96,17.7,1089.0,96,64,619.65,1,0.0,0,Loyal Customers,0.324,19.88,0.184
17813,2,1,306.61,5.38,67.0,57,0,306.61,0,1391.46,1,Loyal Customers,0.557,96.96,0.658
15984,2,8,2050.71,9.91,1089.0,179,297,256.34,0,729.92,0,Champions,0.063,306.79,0.209
15291,25,12,3685.02,42.36,1457.0,57,279,307.08,0,983.28,0,Champions,0.03,347.19,0.4
12838,304,1,390.79,6.62,228.0,59,0,390.79,0,281.16,0,At Risk,0.63,21.9,0.036
18011,304,1,102.79,3.67,71.0,28,0,102.79,1,0.0,0,Lost,0.711,2.43,0.099
14491,106,2,340.93,20.05,139.0,17,197,170.47,1,0.0,0,Lost,0.584,10.74,0.247
15602,131,5,542.95,31.94,345.0,12,168,108.59,0,754.92,1,Champions,0.387,55.99,0.182
13569,298,1,109.82,4.77,43.0,23,0,109.82,0,228.8,0,At Risk,0.615,23.52,0.091
15965,298,1,156.19,9.76,74.0,16,0,156.19,0,652.68,0,Loyal Customers,0.747,32.03,0.058
13786,298,1,230.4,32.91,136.0,7,0,230.4,1,0.0,0,Lost,0.717,3.61,0.066
16950,55,2,778.41,28.83,337.0,26,243,389.21,0,400.15,1,Loyal Customers,0.411,53.07,0.318
17706,31,12,8027.5,26.06,3049.0,246,266,668.96,0,2476.99,1,Champions,0.016,1770.25,0.9
16385,89,2,273.82,7.4,152.0,36,208,136.91,0,281.04,1,Loyal Customers,0.444,13.01,0.364
15221,297,1,403.25,80.65,43.0,5,0,403.25,1,0.0,0,Lost,0.814,2.46,0.029
13531,136,2,483.8,21.99,174.0,17,161,241.9,1,0.0,0,Lost,0.624,12.91,0.262
13984,57,4,819.33,68.28,647.0,10,240,204.83,0,101.18,0,Loyal Customers,0.343,28.85,0.321
16013,29,35,23409.34,339.27,8878.0,27,273,668.84,0,13721.26,1,Champions,0.012,8701.75,0.961
15545,302,1,135.33,4.37,75.0,31,0,135.33,0,153.64,1,At Risk,0.705,19.27,0.354
15023,47,8,5027.97,12.03,2193.0,271,253,628.5,0,1692.44,1,Champions,0.034,1108.51,0.744
15867,44,12,2947.41,8.19,1485.0,253,256,245.62,0,862.73,1,Champions,0.03,722.22,0.854
13174,247,2,2034.06,9.2,927.0,178,53,1017.03,0,708.76,0,Loyal Customers,0.315,134.08,0.136
15898,157,4,997.94,13.86,421.0,67,142,249.49,0,385.89,0,Champions,0.446,77.02,0.346
14344,58,8,889.93,12.53,477.0,56,241,111.24,1,0.0,0,Loyal Customers,0.368,47.45,0.432
18113,299,1,76.32,76.32,72.0,1,0,76.32,1,0.0,0,Lost,0.815,0.83,0.024
18116,165,7,1239.55,3.7,667.0,220,130,177.08,0,163.56,1,Loyal Customers,0.199,117.81,0.859
17372,97,6,1055.63,5.3,592.0,177,196,175.94,0,281.55,1,Loyal Customers,0.242,119.38,0.612
16665,293,1,135.4,15.04,59.0,9,0,135.4,1,0.0,0,Lost,0.796,4.03,0.043
16927,46,3,543.05,90.51,993.0,5,246,181.02,1,0.0,0,Lost,0.64,6.93,0.127
12829,267,2,293.0,26.64,376.0,9,24,146.5,1,0.0,0,Lost,0.756,1.48,0.07
15822,290,1,440.2,27.51,160.0,16,0,440.2,0,445.27,0,At Risk,0.684,8.7,0.049
17980,96,3,811.45,27.05,682.0,23,194,270.48,1,0.0,0,Loyal Customers,0.549,23.67,0.267
17752,290,1,80.64,80.64,192.0,1,0,80.64,1,0.0,0,Lost,0.802,0.61,0.036
13890,38,2,501.11,16.7,271.0,25,251,250.56,0,1382.7,1,Champions,0.373,35.11,0.291
17288,138,5,663.7,25.53,662.0,13,151,132.74,0,753.93,0,Champions,0.32,53.84,0.205
12931,32,11,32530.7,542.18,21384.0,27,256,2957.34,0,9525.26,1,Champions,0.07,7940.42,0.661
15160,288,1,158.16,39.54,84.0,4,0,158.16,1,0.0,0,Lost,0.796,1.86,0.045
13313,72,3,918.34,19.54,487.0,32,198,306.11,0,636.98,0,Loyal Customers,0.379,51.15,0.345
16875,75,4,1138.2,19.29,488.0,53,195,284.55,0,957.33,1,Loyal Customers,0.303,43.23,0.487
13451,57,4,2385.5,6.57,1743.0,284,208,596.37,0,512.76,0,Loyal Customers,0.285,157.17,0.157
15835,68,3,675.51,19.3,333.0,32,193,225.17,0,278.58,1,Loyal Customers,0.43,28.06,0.255
18106,260,1,421.9,11.4,126.0,33,0,421.9,1,0.0,0,Lost,0.772,1.06,0.05
15033,40,6,1608.95,5.83,903.0,203,220,268.16,0,948.23,1,Champions,0.141,299.9,0.286
17064,113,2,457.4,10.89,187.0,36,145,228.7,0,398.05,1,Loyal Customers,0.492,22.37,0.45
15316,257,1,165.0,165.0,100.0,1,0,165.0,1,0.0,0,Lost,0.608,9.68,0.048
18212,257,1,216.07,6.35,92.0,30,0,216.07,1,0.0,0,Lost,0.691,4.27,0.085
15395,256,1,107.45,15.35,17.0,7,0,107.45,1,0.0,0,Lost,0.817,0.6,0.052
17708,118,2,263.33,7.74,90.0,28,137,131.67,1,0.0,0,Lost,0.674,4.15,0.222
16618,141,4,1441.29,26.69,771.0,44,112,360.32,0,1206.3,0,Loyal Customers,0.442,80.46,0.369
17861,67,5,1299.49,9.56,1052.0,114,183,259.9,0,798.39,0,Champions,0.174,247.3,0.31
15967,249,1,161.9,4.91,60.0,32,0,161.9,0,235.78,0,At Risk,0.552,18.79,0.168
13002,249,1,120.95,17.28,73.0,7,0,120.95,1,0.0,0,Lost,0.819,2.04,0.09
14006,46,3,962.19,32.07,641.0,22,197,320.73,1,0.0,0,Loyal Customers,0.585,20.63,0.224
13600,243,1,219.52,11.55,324.0,19,0,219.52,1,0.0,0,Lost,0.741,2.79,0.098
17226,239,1,393.49,18.74,406.0,21,0,393.49,1,0.0,0,Lost,0.781,2.03,0.084
16425,233,1,302.7,14.41,199.0,21,0,302.7,1,0.0,0,Lost,0.775,2.53,0.071
17667,92,4,1751.01,17.87,903.0,81,137,437.75,0,304.5,1,Loyal Customers,0.331,60.03,0.46
13717,59,4,955.99,13.46,1567.0,64,170,239.0,0,489.02,1,Loyal Customers,0.185,58.34,0.519
18056,219,1,363.65,19.14,211.0,19,0,363.65,1,0.0,0,Lost,0.781,2.67,0.131
14157,216,1,269.18,7.28,186.0,36,0,269.18,0,155.71,0,At Risk,0.641,9.4,0.151
16518,215,1,190.7,17.34,124.0,11,0,190.7,0,293.62,1,At Risk,0.694,4.8,0.17
17165,215,1,158.68,15.87,100.0,10,0,158.68,1,0.0,0,Lost,0.811,1.18,0.125
16915,58,4,382.39,12.34,59.0,29,156,95.6,0,239.29,1,Loyal Customers,0.325,50.21,0.125
16212,214,1,498.15,16.61,151.0,30,0,498.15,0,192.19,0,At Risk,0.668,1.82,0.073
17738,79,3,1571.49,20.41,711.0,72,134,523.83,0,307.56,0,Loyal Customers,0.39,29.7,0.383
15393,212,1,124.1,15.51,94.0,8,0,124.1,0,107.76,0,At Risk,0.8,1.38,0.069
13557,211,1,240.68,15.04,224.0,16,0,240.68,0,343.38,0,At Risk,0.648,4.13,0.098
14499,64,2,367.81,4.28,188.0,71,145,183.91,0,440.63,0,Loyal Customers,0.334,23.22,0.272
14504,174,3,542.71,5.65,263.0,81,35,180.9,0,130.55,1,Loyal Customers,0.459,61.88,0.303
16495,207,2,246.51,7.47,166.0,32,0,123.26,0,401.75,0,At Risk,0.6,10.03,0.096
16471,205,1,223.95,17.23,141.0,13,0,223.95,1,0.0,0,Lost,0.702,3.91,0.096
16214,101,3,1062.75,24.15,420.0,36,99,354.25,1,0.0,0,Loyal Customers,0.559,35.98,0.195
13716,200,1,138.28,6.58,138.0,21,0,138.28,1,0.0,0,Lost,0.74,2.94,0.1
15433,144,2,533.3,13.01,534.0,40,54,266.65,1,0.0,0,Lost,0.637,14.63,0.225
16216,198,1,914.93,24.73,254.0,37,0,914.93,1,0.0,0,Lost,0.75,5.13,0.101
14422,101,2,1032.15,16.92,541.0,57,97,516.08,0,2849.48,1,Champions,0.509,31.09,0.194
13591,135,2,776.23,20.43,263.0,36,62,388.11,0,340.9,1,Loyal Customers,0.464,43.29,0.221
14155,197,1,118.75,19.79,25.0,6,0,118.75,1,0.0,0,Lost,0.78,2.51,0.071
13046,197,1,197.72,14.12,76.0,14,0,197.72,0,431.59,0,At Risk,0.73,4.92,0.096
16096,195,1,320.62,26.72,155.0,12,0,320.62,1,0.0,0,Lost,0.813,1.43,0.051
16135,193,1,517.55,24.65,209.0,21,0,517.55,1,0.0,0,Lost,0.811,1.38,0.083
17102,192,1,25.5,25.5,2.0,1,0,25.5,1,0.0,0,Lost,0.83,0.46,0.035
14021,86,3,631.9,28.72,192.0,22,101,210.63,1,0.0,0,Lost,0.6,14.6,0.398
14128,186,1,305.54,13.89,269.0,22,0,305.54,0,331.96,1,Loyal Customers,0.736,3.01,0.162
16092,45,3,817.86,16.04,628.0,37,140,272.62,1,0.0,0,Loyal Customers,0.453,38.85,0.408
13060,184,1,307.53,20.5,123.0,15,0,307.53,1,0.0,0,Lost,0.751,3.13,0.137
14957,184,1,58.49,4.87,34.0,12,0,58.49,1,0.0,0,Lost,0.797,1.1,0.193
12949,45,7,3449.42,19.27,2048.0,144,138,492.77,0,717.8,0,Champions,0.208,140.13,0.461
15691,183,1,136.8,68.4,72.0,2,0,136.8,1,0.0,0,Lost,0.798,2.44,0.101
18185,180,1,304.25,17.9,183.0,17,0,304.25,1,0.0,0,Lost,0.768,2.9,0.133
16170,43,5,1560.66,15.3,1483.0,91,136,312.13,0,324.39,1,Loyal Customers,0.149,203.43,0.527
13525,179,1,282.88,141.44,208.0,2,0,282.88,0,345.9,0,At Risk,0.768,1.39,0.109
14246,41,3,1474.06,19.65,804.0,57,135,491.35,1,0.0,0,Loyal Customers,0.469,28.82,0.278
12999,127,3,455.88,16.28,342.0,25,49,151.96,1,0.0,0,Lost,0.593,1.56,0.191
17160,40,5,3001.18,15.71,2417.0,85,132,600.24,0,516.85,0,Loyal Customers,0.19,139.75,0.398
17630,100,2,503.6,19.37,158.0,24,63,251.8,1,0.0,0,Lost,0.555,11.48,0.228
13711,149,2,252.06,19.39,140.0,11,0,126.03,1,0.0,0,Lost,0.762,2.08,0.115
16121,146,1,285.94,4.03,139.0,60,0,285.94,0,568.72,1,Loyal Customers,0.605,64.78,0.293
18142,88,2,1019.52,67.97,1276.0,9,58,509.76,1,0.0,0,Lost,0.595,4.9,0.238
13990,144,1,311.3,19.46,190.0,16,0,311.3,1,0.0,0,Lost,0.715,5.6,0.182
13052,143,1,348.15,19.34,222.0,18,0,348.15,1,0.0,0,Lost,0.722,4.72,0.186
14853,142,1,214.5,71.5,34.0,3,0,214.5,0,261.3,0,At Risk,0.719,8.98,0.129
18018,39,2,122.14,4.21,55.0,29,91,61.07,1,0.0,0,Lost,0.72,3.47,0.087
16659,120,1,39.12,19.56,72.0,2,0,39.12,1,0.0,0,Lost,0.709,3.21,0.145
15349,89,2,463.91,6.53,321.0,65,29,231.95,1,0.0,0,Lost,0.574,14.09,0.308
13115,115,1,878.55,15.97,621.0,55,0,878.55,0,1416.23,1,Loyal Customers,0.562,20.17,0.23
17360,115,1,320.9,5.63,164.0,53,0,320.9,0,247.34,0,At Risk,0.684,16.46,0.115
17265,69,2,550.01,4.51,389.0,106,42,275.0,1,0.0,0,Lost,0.569,33.51,0.283
17242,39,2,1135.04,28.38,611.0,30,72,567.52,1,0.0,0,Loyal Customers,0.628,7.02,0.273
13589,110,1,147.0,16.33,28.0,9,0,147.0,0,232.65,0,At Risk,0.654,12.84,0.097
17155,108,1,143.3,15.92,154.0,9,0,143.3,0,108.4,0,At Risk,0.65,4.24,0.104
15921,103,1,323.03,13.46,162.0,24,0,323.03,1,0.0,0,Lost,0.667,3.93,0.133
18252,102,1,69.9,23.3,18.0,3,0,69.9,0,448.37,1,At Risk,0.627,8.23,0.404
17759,100,2,167.15,9.29,77.0,18,0,83.58,0,652.81,0,At Risk,0.642,1.6,0.066
13791,58,2,1516.0,137.82,1200.0,7,41,758.0,1,0.0,0,Loyal Customers,0.733,9.0,0.196
16344,89,1,101.1,50.55,18.0,1,0,101.1,1,0.0,0,Lost,0.713,2.84,0.04
14034,88,2,473.91,18.96,307.0,23,0,236.96,0,174.98,0,At Risk,0.638,8.45,0.263
13217,53,3,533.98,133.5,262.0,3,34,177.99,1,0.0,0,Lost,0.597,4.39,0.123
18013,86,2,187.29,6.04,285.0,31,0,93.65,1,0.0,0,Lost,0.718,4.51,0.102
13827,64,2,300.76,4.93,95.0,59,10,150.38,0,109.04,1,At Risk,0.427,23.85,0.432
17229,27,2,318.76,6.78,185.0,39,46,159.38,1,0.0,0,Lost,0.404,23.54,0.291
15623,72,1,301.03,15.84,125.0,19,0,301.03,1,0.0,0,Lost,0.626,8.2,0.218
15506,69,1,208.77,4.01,144.0,45,0,208.77,0,763.31,1,Loyal Customers,0.552,24.98,0.265
17703,40,2,490.96,13.64,376.0,32,29,245.48,0,307.78,0,Loyal Customers,0.363,38.4,0.283
17649,69,1,868.49,16.7,399.0,52,0,868.49,1,0.0,0,Lost,0.648,8.67,0.274
13296,68,1,87.4,17.48,78.0,5,0,87.4,1,0.0,0,Lost,0.733,1.4,0.065
17693,68,1,200.47,12.53,231.0,16,0,200.47,1,0.0,0,Lost,0.614,9.7,0.187
15254,58,1,300.36,16.69,275.0,18,0,300.36,1,0.0,0,Lost,0.669,4.26,0.219
12885,54,1,645.35,16.55,346.0,39,0,645.35,0,529.87,1,Loyal Customers,0.548,13.58,0.235
13355,53,1,674.7,21.08,314.0,32,0,674.7,1,0.0,0,Lost,0.608,36.5,0.231
14406,50,1,156.75,19.59,77.0,8,0,156.75,1,0.0,0,Lost,0.728,6.67,0.122
13621,47,1,213.85,11.26,343.0,19,0,213.85,1,0.0,0,Lost,0.591,14.97,0.235
16836,47,1,91.32,45.66,84.0,2,0,91.32,0,160.55,0,At Risk,0.63,18.08,0.074
13273,44,1,138.98,8.69,153.0,16,0,138.98,1,0.0,0,Lost,0.568,18.75,0.21
17736,44,1,307.49,13.37,213.0,23,0,307.49,0,69.95,1,At Risk,0.529,15.21,0.273
15472,44,1,371.56,4.89,251.0,76,0,371.56,1,0.0,0,Lost,0.687,16.28,0.233
15801,40,1,137.22,15.25,70.0,9,0,137.22,0,926.73,1,Loyal Customers,0.636,10.44,0.127
15263,37,1,156.51,13.04,89.0,12,0,156.51,1,0.0,0,Lost,0.72,8.17,0.15
16641,36,1,231.1,19.26,256.0,12,0,231.1,1,0.0,0,Lost,0.704,13.18,0.165
14108,32,1,291.33,18.21,209.0,16,0,291.33,0,306.58,0,At Risk,0.508,32.52,0.269
15690,31,1,111.0,13.88,204.0,8,0,111.0,0,128.76,0,At Risk,0.592,10.26,0.124
17997,5,8,1962.46,11.97,2273.0,133,90,245.31,1,0.0,0,Loyal Customers,0.409,38.89,0.261
14508,20,1,137.56,5.73,70.0,24,0,137.56,0,130.49,0,At Risk,0.535,23.17,0.276
14163,18,4,2445.91,47.04,893.0,36,152,611.48,1,0.0,0,Loyal Customers,0.465,19.62,0.349
14284,17,1,252.1,19.39,70.0,13,0,252.1,0,343.15,0,At Risk,0.53,20.87,0.19
13430,17,1,336.31,11.6,433.0,29,0,336.31,0,343.14,0,At Risk,0.465,15.87,0.187
17033,17,3,1030.14,36.79,750.0,24,273,343.38,1,0.0,0,Loyal Customers,0.597,26.45,0.294
15304,16,7,582.5,29.13,86.0,8,283,83.21,0,111.9,1,Loyal Customers,0.265,11.61,0.115
16985,19,8,4080.44,48.01,1401.0,51,270,510.06,0,1383.68,0,Champions,0.087,939.69,0.611
16422,4,43,30665.52,99.56,29680.0,68,296,713.15,0,4018.88,1,Champions,0.009,5180.33,0.931
16814,18,17,5687.99,19.96,2372.0,114,282,334.59,0,728.71,1,Champions,0.01,1395.72,0.906
14132,18,6,1900.2,17.76,1686.0,59,96,316.7,0,1685.83,1,Champions,0.227,562.77,0.638
17594,16,2,993.18,19.86,550.0,42,169,496.59,1,0.0,0,Loyal Customers,0.564,21.56,0.244
16709,15,5,3029.87,38.35,851.0,64,197,605.97,1,0.0,0,Loyal Customers,0.267,23.35,0.322
14704,12,3,372.82,3.62,169.0,87,99,124.27,0,1121.14,1,Champions,0.316,153.42,0.48
17628,12,1,75.75,15.15,79.0,5,0,75.75,1,0.0,0,Lost,0.809,0.43,0.114
16527,12,1,228.06,16.29,106.0,14,0,228.06,1,0.0,0,Lost,0.613,7.33,0.173
14866,11,5,6803.42,138.85,3024.0,30,286,1360.68,0,7586.48,1,Champions,0.094,1095.54,0.744
16327,11,5,3172.39,11.88,2020.0,132,289,634.48,0,647.88,0,Champions,0.114,693.16,0.344
13908,10,4,2369.55,19.42,1478.0,104,197,592.39,1,0.0,0,Loyal Customers,0.378,64.3,0.298
13350,10,1,646.57,20.21,155.0,32,0,646.57,0,332.55,0,At Risk,0.461,47.33,0.219
12939,10,6,9036.12,244.22,3700.0,21,255,1506.02,0,2545.68,1,Champions,0.155,792.4,0.675
13959,10,3,594.04,6.6,355.0,79,283,198.01,1,0.0,0,Loyal Customers,0.302,50.63,0.292
15351,10,2,876.24,9.13,342.0,90,290,438.12,0,1058.42,1,Champions,0.347,152.39,0.641
15484,9,1,1632.62,14.84,1476.0,110,0,1632.62,0,1957.79,1,Champions,0.275,156.59,0.253
13012,9,5,1190.84,19.52,602.0,52,216,238.17,0,456.0,0,Champions,0.166,182.23,0.308
17416,8,6,5878.81,27.09,3603.0,162,204,979.8,0,1014.61,0,Champions,0.107,645.74,0.098
15981,8,7,2849.88,34.75,1530.0,51,234,407.13,0,558.6,0,Champions,0.094,163.5,0.181
13266,6,9,2841.35,21.2,3433.0,62,181,315.71,0,992.91,1,Champions,0.1,363.29,0.34
14820,6,2,242.19,16.15,145.0,15,98,121.1,0,265.1,0,At Risk,0.389,21.98,0.098
16049,6,1,484.11,4.36,316.0,104,0,484.11,0,590.7,1,Loyal Customers,0.424,77.41,0.387
13435,6,4,1973.02,36.54,1197.0,45,114,493.26,0,1836.87,1,Champions,0.416,39.57,0.386
14806,6,1,193.39,17.58,330.0,11,0,193.39,1,0.0,0,Lost,0.708,9.08,0.063
17159,6,2,926.67,16.85,546.0,51,96,463.34,0,612.21,0,Loyal Customers,0.406,59.98,0.164
12925,5,1,368.31,16.01,258.0,23,0,368.31,0,325.74,0,At Risk,0.558,7.04,0.167
16407,5,9,1747.51,11.89,878.0,97,238,194.17,0,332.17,0,Champions,0.062,400.32,0.271
13233,5,2,605.12,14.07,1004.0,43,262,302.56,1,0.0,0,Lost,0.635,10.87,0.09
16531,5,5,889.43,15.6,777.0,52,286,177.89,0,355.16,0,Loyal Customers,0.165,174.77,0.078
13514,4,1,152.2,38.05,40.0,4,0,152.2,1,0.0,0,Lost,0.677,4.64,0.055
14755,4,8,3171.98,19.22,1369.0,109,261,396.5,0,1838.3,0,Champions,0.092,484.89,0.472
15674,4,5,2446.6,21.46,1275.0,88,181,489.32,1,0.0,0,Loyal Customers,0.296,58.15,0.136
17857,3,15,14839.52,494.65,8012.0,15,293,989.3,0,12039.52,1,Champions,0.032,3400.95,0.803
16672,3,18,7327.34,70.46,2604.0,22,194,407.07,0,807.6,0,Champions,0.236,148.65,0.228
16115,3,6,1285.93,5.87,806.0,151,220,214.32,0,374.95,0,Champions,0.139,249.7,0.132
15796,3,6,1884.76,19.43,641.0,63,230,314.13,0,823.85,0,Champions,0.181,208.78,0.144
13759,2,1,560.41,23.35,267.0,24,0,560.41,0,99.0,0,At Risk,0.549,7.3,0.149
15062,2,4,987.86,17.33,763.0,47,288,246.96,1,0.0,0,Loyal Customers,0.44,46.22,0.172
16779,2,16,7268.28,28.84,4001.0,135,295,454.27,0,3343.44,0,Champions,0.01,1289.64,0.73
16233,2,3,536.68,24.39,174.0,22,295,178.89,1,0.0,0,Loyal Customers,0.591,9.4,0.178
17951,289,2,409.5,45.5,220.0,9,15,204.75,0,599.04,0,Loyal Customers,0.653,7.5,0.054
14078,32,6,1049.37,16.14,310.0,46,272,174.9,1,0.0,0,Loyal Customers,0.41,110.67,0.259
17690,32,11,3495.53,18.89,1250.0,144,272,317.78,0,1231.27,1,Champions,0.046,1379.61,0.807
17732,303,1,303.97,16.89,93.0,18,0,303.97,1,0.0,0,Lost,0.772,1.46,0.073
17925,303,1,244.08,244.08,72.0,1,0,244.08,1,0.0,0,Lost,0.792,0.24,0.035
12915,79,2,363.65,16.53,93.0,19,224,181.83,1,0.0,0,Lost,0.561,11.24,0.38
15738,27,13,3853.45,28.76,2357.0,45,276,296.42,0,958.97,1,Champions,0.023,835.23,0.836
15093,47,5,4027.1,41.95,3279.0,51,256,805.42,0,569.92,0,Champions,0.082,485.04,0.275
17884,242,3,590.54,6.49,542.0,86,60,196.85,0,104.53,0,At Risk,0.347,18.02,0.103
13564,75,3,1724.67,21.29,636.0,68,224,574.89,1,0.0,0,Loyal Customers,0.472,19.07,0.259
15018,183,2,291.34,17.14,94.0,17,115,145.67,0,204.87,0,At Risk,0.624,3.18,0.144
17975,45,11,3950.45,15.8,1364.0,170,252,359.13,0,532.81,1,Champions,0.036,861.44,0.843
15973,297,1,307.82,76.96,106.0,4,0,307.82,1,0.0,0,Lost,0.739,2.15,0.078
14243,26,8,2305.95,18.16,1031.0,93,270,288.24,0,282.82,0,Champions,0.057,541.95,0.482
14437,296,1,63.0,12.6,60.0,5,0,63.0,1,0.0,0,Lost,0.795,3.88,0.035
14479,184,2,316.25,17.57,117.0,18,112,158.12,1,0.0,0,Lost,0.738,4.85,0.147
15271,25,10,1592.58,11.14,786.0,116,271,159.26,0,900.76,1,Champions,0.057,357.65,0.779
13838,48,3,467.54,4.1,164.0,106,252,155.85,0,207.28,0,At Risk,0.222,70.55,0.468
15038,118,4,497.7,4.74,123.0,90,182,124.42,0,188.04,1,Loyal Customers,0.315,25.45,0.487
15708,69,6,2589.34,11.72,989.0,103,231,431.56,0,645.91,0,Loyal Customers,0.162,429.18,0.32
17059,41,4,2237.1,6.08,1279.0,232,259,559.28,0,843.29,0,Loyal Customers,0.307,86.54,0.176
17026,116,2,154.83,38.71,97.0,4,184,77.42,1,0.0,0,Lost,0.765,1.17,0.058
13652,187,2,638.24,16.8,290.0,33,112,319.12,0,456.84,1,Loyal Customers,0.601,27.15,0.388
16898,108,2,313.77,3.17,244.0,99,191,156.89,0,187.26,0,At Risk,0.365,51.7,0.121
17816,200,2,21.31,1.94,22.0,11,96,10.65,0,15.25,1,At Risk,0.357,9.99,0.776
12872,257,2,599.97,9.09,319.0,58,39,299.98,1,0.0,0,Lost,0.715,7.51,0.048
17790,51,12,1363.51,10.91,595.0,79,244,113.63,0,600.79,1,Champions,0.096,227.51,0.777
16062,64,3,778.14,16.21,650.0,37,231,259.38,0,375.48,0,Loyal Customers,0.355,35.91,0.318
13148,64,10,2766.01,11.57,1370.0,173,231,276.6,0,917.25,0,Champions,0.04,574.99,0.181
14107,27,6,2461.94,21.41,1606.0,58,268,410.32,0,241.29,1,Loyal Customers,0.112,143.01,0.232
16367,293,1,167.09,4.91,87.0,33,0,167.09,0,633.58,0,At Risk,0.523,93.27,0.09
17338,45,7,5163.92,9.25,2339.0,320,247,737.7,0,1329.62,0,Champions,0.057,1045.78,0.317
15777,172,4,1047.11,49.86,378.0,18,120,261.78,1,0.0,0,Loyal Customers,0.586,18.78,0.331
12867,27,6,3015.96,7.01,3366.0,206,264,502.66,0,993.38,0,Champions,0.103,478.3,0.225
17525,290,1,422.7,46.97,82.0,9,0,422.7,1,0.0,0,Lost,0.85,14.96,0.033
16003,65,3,1793.9,30.93,595.0,56,225,597.97,0,941.47,0,Loyal Customers,0.344,115.95,0.253
15615,36,19,7367.85,24.16,3837.0,153,254,387.78,0,3031.89,1,Champions,0.015,1415.97,0.871
16670,37,8,3239.97,15.88,2152.0,150,252,405.0,0,855.93,1,Champions,0.079,592.02,0.788
15620,151,2,875.01,14.58,600.0,59,138,437.5,0,678.17,1,Loyal Customers,0.545,23.37,0.355
15789,289,1,351.3,14.05,438.0,25,0,351.3,1,0.0,0,Lost,0.74,5.82,0.071
13874,289,1,540.45,30.03,180.0,18,0,540.45,1,0.0,0,Lost,0.783,5.39,0.054
17392,237,2,417.27,7.45,277.0,53,52,208.64,1,0.0,0,Lost,0.696,7.15,0.105
15562,282,1,134.55,134.55,39.0,1,0,134.55,1,0.0,0,Lost,0.794,0.86,0.038
15661,248,2,309.8,61.96,236.0,4,21,154.9,1,0.0,0,Lost,0.761,1.25,0.094
16473,95,3,316.11,17.56,196.0,18,172,105.37,1,0.0,0,Lost,0.634,4.49,0.189
13565,265,1,110.18,8.48,78.0,13,0,110.18,0,130.04,0,At Risk,0.707,9.72,0.089
14040,25,10,2734.46,15.63,1286.0,122,237,273.45,0,825.86,1,Champions,0.036,415.63,0.879
16206,55,3,409.86,7.45,203.0,48,203,136.62,0,127.2,1,Loyal Customers,0.232,17.3,0.308
15820,250,1,206.98,12.18,128.0,17,0,206.98,1,0.0,0,Lost,0.705,3.73,0.099
14130,250,1,480.91,7.29,257.0,66,0,480.91,1,0.0,0,Lost,0.719,10.49,0.048
15812,38,5,1801.14,43.93,922.0,36,210,360.23,1,0.0,0,Loyal Customers,0.523,28.47,0.285
16496,138,2,1185.04,16.69,784.0,71,109,592.52,0,414.48,0,Loyal Customers,0.555,54.95,0.266
17180,172,3,552.8,5.88,516.0,77,75,184.27,0,231.17,1,Loyal Customers,0.392,24.05,0.286
14426,71,6,2885.58,16.58,1603.0,151,172,480.93,0,1596.09,0,Champions,0.197,163.97,0.314
17256,38,2,240.0,15.0,141.0,12,205,120.0,1,0.0,0,Lost,0.614,8.95,0.17
16110,193,2,678.18,3.59,342.0,173,49,339.09,0,642.77,1,Loyal Customers,0.459,25.58,0.69
17337,82,4,1981.06,3.8,1247.0,421,159,495.27,1,0.0,0,Loyal Customers,0.473,18.45,0.13
13955,85,2,322.96,9.79,154.0,33,151,161.48,1,0.0,0,Lost,0.554,23.86,0.281
17162,62,9,1463.66,16.45,865.0,75,174,162.63,0,251.8,0,Champions,0.094,188.69,0.516
17881,235,1,133.35,16.67,32.0,8,0,133.35,1,0.0,0,Lost,0.831,1.21,0.086
15843,234,1,118.95,14.87,27.0,8,0,118.95,1,0.0,0,Lost,0.808,1.94,0.086
13706,233,1,330.79,16.54,189.0,20,0,330.79,1,0.0,0,Lost,0.774,2.13,0.086
18230,25,5,2146.36,31.11,1030.0,32,208,429.27,0,663.84,0,Champions,0.367,91.61,0.279
17512,52,8,1891.9,25.23,1834.0,40,180,236.49,0,1033.09,1,Champions,0.142,227.61,0.776
14631,166,2,630.08,25.2,352.0,24,63,315.04,0,376.9,1,Loyal Customers,0.609,7.32,0.164
13893,228,1,821.1,39.1,190.0,21,0,821.1,1,0.0,0,Lost,0.757,4.43,0.172
16494,227,1,826.53,16.53,675.0,47,0,826.53,1,0.0,0,Lost,0.654,6.06,0.117
17175,72,3,1132.63,20.23,644.0,42,155,377.54,0,311.06,1,Loyal Customers,0.368,56.35,0.337
15785,88,4,1665.83,30.29,1011.0,41,138,416.46,0,663.14,0,Loyal Customers,0.358,15.33,0.379
16765,225,1,34.0,34.0,4.0,1,0,34.0,1,0.0,0,Lost,0.872,0.23,0.057
18087,29,2,4055.72,2027.86,3907.0,2,192,2027.86,1,0.0,0,Loyal Customers,0.805,4.8,0.082
15722,39,3,1413.45,30.73,590.0,32,182,471.15,0,797.76,0,Loyal Customers,0.544,50.48,0.253
17063,94,4,671.87,17.68,309.0,35,126,167.97,0,789.27,1,Loyal Customers,0.469,53.66,0.242
18068,220,1,101.7,101.7,6.0,1,0,101.7,1,0.0,0,Lost,0.838,0.8,0.044
18231,123,5,2071.77,16.84,819.0,106,96,414.35,1,0.0,0,Loyal Customers,0.507,56.56,0.428
16072,219,1,584.32,25.41,140.0,23,0,584.32,1,0.0,0,Lost,0.798,1.5,0.121
13666,218,2,64.05,8.01,37.0,8,0,32.03,0,20.6,1,Lost,0.617,4.42,0.441
13792,218,1,74.6,18.65,28.0,4,0,74.6,0,120.95,1,Lost,0.751,7.02,0.342
17923,213,1,207.5,207.5,50.0,1,0,207.5,1,0.0,0,Lost,0.817,0.71,0.042
16957,170,2,416.64,26.04,172.0,15,42,208.32,1,0.0,0,Lost,0.753,4.27,0.156
16159,212,1,348.2,24.87,236.0,14,0,348.2,1,0.0,0,Lost,0.794,2.1,0.082
13975,59,4,1466.67,7.05,948.0,166,148,366.67,0,994.57,0,Loyal Customers,0.234,101.52,0.273
14730,38,5,872.13,4.82,509.0,142,169,174.43,0,1025.44,1,Champions,0.175,153.04,0.621
16712,26,8,2489.81,8.47,1157.0,170,181,311.23,0,1121.5,0,Champions,0.088,443.0,0.309
15367,176,2,1416.18,21.79,750.0,65,30,708.09,0,461.41,1,Loyal Customers,0.393,59.2,0.423
14962,201,1,126.7,25.34,44.0,5,0,126.7,1,0.0,0,Lost,0.793,2.85,0.079
17060,197,1,234.24,46.85,216.0,5,0,234.24,1,0.0,0,Lost,0.793,2.96,0.083
12878,167,2,854.99,18.19,547.0,38,30,427.49,1,0.0,0,Lost,0.613,8.17,0.181
13592,136,3,205.51,15.81,71.0,12,59,68.5,0,42.45,0,At Risk,0.551,1.62,0.047
17096,74,2,443.94,19.3,178.0,22,118,221.97,0,578.19,1,Loyal Customers,0.424,19.88,0.341
16022,191,1,602.63,8.49,255.0,68,0,602.63,1,0.0,0,Lost,0.767,4.59,0.08
15178,191,1,40.5,13.5,30.0,3,0,40.5,1,0.0,0,Lost,0.78,4.5,0.096
17979,99,3,494.54,5.26,272.0,84,91,164.85,0,237.87,0,Loyal Customers,0.332,58.04,0.231
18010,187,1,174.8,12.49,60.0,14,0,174.8,1,0.0,0,Lost,0.722,0.97,0.194
17749,109,2,674.52,19.27,320.0,33,78,337.26,1,0.0,0,Lost,0.583,15.63,0.172
13037,69,3,881.07,18.36,431.0,44,118,293.69,1,0.0,0,Loyal Customers,0.332,27.0,0.392
17398,45,3,653.38,17.19,310.0,30,141,217.79,1,0.0,0,Loyal Customers,0.49,23.46,0.251
16253,186,1,1700.4,32.08,1340.0,53,0,1700.4,0,1983.46,1,Loyal Customers,0.544,57.98,0.455
17781,90,2,188.02,15.67,34.0,12,94,94.01,1,0.0,0,Lost,0.655,3.62,0.053
16105,179,1,336.96,25.92,330.0,13,0,336.96,1,0.0,0,Lost,0.837,1.8,0.11
15442,179,1,594.0,297.0,120.0,2,0,594.0,1,0.0,0,Lost,0.848,0.13,0.101
13892,177,1,54.52,18.17,140.0,3,0,54.52,0,578.45,1,Loyal Customers,0.705,5.27,0.35
13995,46,3,871.9,16.15,608.0,39,130,290.63,0,521.79,1,Loyal Customers,0.399,86.33,0.404
15119,176,1,266.4,19.03,88.0,14,0,266.4,1,0.0,0,Lost,0.719,4.03,0.114
16623,176,1,129.45,25.89,39.0,5,0,129.45,1,0.0,0,Lost,0.811,2.69,0.102
14326,173,1,183.85,22.98,103.0,8,0,183.85,1,0.0,0,Lost,0.782,1.43,0.123
16097,171,1,185.05,18.51,87.0,10,0,185.05,1,0.0,0,Lost,0.779,1.5,0.12
16249,43,4,1440.77,29.4,762.0,48,127,360.19,0,359.3,1,Loyal Customers,0.351,64.6,0.44
17367,169,1,167.55,5.08,149.0,33,0,167.55,1,0.0,0,Lost,0.628,90.37,0.141
16947,166,1,406.48,19.36,312.0,21,0,406.48,1,0.0,0,Lost,0.782,1.39,0.131
15717,165,1,150.3,21.47,70.0,7,0,150.3,1,0.0,0,Lost,0.851,1.87,0.102
17120,164,1,307.46,17.08,120.0,18,0,307.46,1,0.0,0,Lost,0.766,2.74,0.142
18220,157,1,305.28,152.64,288.0,2,0,305.28,1,0.0,0,Lost,0.78,0.99,0.1
17436,157,1,122.4,30.6,48.0,4,0,122.4,0,93.9,0,At Risk,0.711,2.69,0.104
15582,31,2,541.51,15.04,407.0,33,120,270.76,0,141.4,0,At Risk,0.379,34.18,0.286
16457,149,1,208.36,23.15,140.0,9,0,208.36,1,0.0,0,Lost,0.762,4.01,0.119
16987,101,3,629.45,14.99,103.0,29,35,209.82,0,987.35,1,Champions,0.456,11.57,0.201
13856,99,3,388.5,27.75,494.0,10,35,129.5,1,0.0,0,Lost,0.74,2.66,0.12
17489,143,1,208.56,13.04,232.0,16,0,208.56,0,168.08,1,At Risk,0.608,6.12,0.218
18133,143,1,931.5,931.5,1350.0,1,0,931.5,1,0.0,0,Lost,0.797,5.14,0.069
17764,142,1,230.67,13.57,113.0,17,0,230.67,0,541.88,1,Loyal Customers,0.604,10.04,0.196
14489,138,1,463.38,15.45,299.0,30,0,463.38,1,0.0,0,Lost,0.647,5.49,0.195
14888,138,1,369.2,18.46,184.0,20,0,369.2,1,0.0,0,Lost,0.71,5.83,0.203
18048,134,2,172.29,24.61,127.0,6,0,86.15,1,0.0,0,Lost,0.724,0.9,0.052
15292,132,1,178.39,7.43,55.0,24,0,178.39,1,0.0,0,Lost,0.675,3.5,0.133
14705,129,1,179.0,179.0,100.0,1,0,179.0,1,0.0,0,Lost,0.778,0.31,0.042
18073,45,12,3859.82,53.61,3102.0,23,83,321.65,1,0.0,0,Loyal Customers,0.665,3.33,0.337
13437,30,4,2173.6,18.11,689.0,108,91,543.4,0,1234.46,0,Champions,0.27,67.81,0.467
17987,116,1,198.57,15.27,261.0,13,0,198.57,1,0.0,0,Lost,0.698,6.34,0.138
17289,111,1,164.45,5.14,132.0,30,0,164.45,0,766.57,0,Loyal Customers,0.546,68.74,0.183
14765,43,2,95.5,11.94,22.0,8,64,47.75,0,158.61,0,At Risk,0.409,8.98,0.057
15076,103,1,880.85,17.98,571.0,49,0,880.85,1,0.0,0,Lost,0.642,17.08,0.216
17408,94,1,32.65,16.33,3.0,2,0,32.65,1,0.0,0,Lost,0.717,3.18,0.153
15537,94,1,110.92,4.62,29.0,24,0,110.92,1,0.0,0,Lost,0.704,4.69,0.179
16498,92,2,100.97,6.73,45.0,15,1,50.49,1,0.0,0,Lost,0.766,1.12,0.06
16861,89,1,70.8,35.4,24.0,2,0,70.8,0,102.96,1,Lost,0.596,5.48,0.43
15795,80,1,610.01,14.52,581.0,42,0,610.01,1,0.0,0,Lost,0.693,7.55,0.283
14400,80,1,574.7,22.99,454.0,25,0,574.7,1,0.0,0,Lost,0.687,3.6,0.253
17266,78,1,113.06,6.65,27.0,17,0,113.06,0,183.52,0,At Risk,0.598,16.01,0.216
17984,76,1,152.68,3.18,98.0,48,0,152.68,1,0.0,0,Lost,0.73,5.42,0.154
16149,73,1,163.68,14.88,168.0,11,0,163.68,0,116.84,0,At Risk,0.543,17.89,0.157
17694,72,1,283.12,18.87,184.0,15,0,283.12,1,0.0,0,Lost,0.621,12.46,0.226
14768,58,1,133.2,33.3,40.0,4,0,133.2,0,59.4,0,At Risk,0.545,7.0,0.142
16302,57,1,233.22,21.2,158.0,11,0,233.22,1,0.0,0,Lost,0.665,11.53,0.168
17637,46,1,338.95,14.12,215.0,24,0,338.95,0,208.11,0,At Risk,0.529,13.39,0.226
18167,36,1,498.48,38.34,122.0,13,0,498.48,0,886.38,0,Loyal Customers,0.661,6.31,0.175
17183,36,1,329.67,36.63,141.0,9,0,329.67,0,3017.64,1,Champions,0.654,4.45,0.282
15866,32,1,211.89,4.93,124.0,43,0,211.89,1,0.0,0,Lost,0.588,21.4,0.232
17777,31,1,189.8,2.92,161.0,63,0,189.8,0,457.76,0,At Risk,0.515,27.07,0.131
15488,23,1,91.32,45.66,73.0,2,0,91.32,1,0.0,0,Lost,0.732,11.3,0.077
13244,23,1,121.74,4.51,38.0,27,0,121.74,1,0.0,0,Lost,0.662,25.89,0.291
15187,22,6,1883.88,48.3,801.0,37,121,313.98,0,2893.3,1,Champions,0.372,38.16,0.428
14062,2,11,9225.47,95.11,4203.0,57,293,838.68,0,1239.38,0,Champions,0.018,2204.77,0.182
16515,22,4,1247.36,13.27,688.0,79,220,311.84,0,376.78,1,Loyal Customers,0.213,85.64,0.369
16353,18,15,3705.41,52.19,1308.0,46,282,247.03,0,2970.3,1,Champions,0.038,338.54,0.737
15939,20,15,6115.01,80.46,4728.0,28,242,407.67,1,0.0,0,Champions,0.049,66.4,0.524
15527,20,6,1608.34,15.77,617.0,82,265,268.06,0,820.19,0,Champions,0.111,249.86,0.351
16959,18,1,117.35,16.76,49.0,7,0,117.35,1,0.0,0,Lost,0.716,4.73,0.135
16469,18,3,447.49,4.0,161.0,93,159,149.16,0,177.93,0,Loyal Customers,0.208,108.63,0.51
18001,17,1,250.13,6.1,284.0,41,0,250.13,0,165.0,0,At Risk,0.452,29.1,0.227
18173,17,4,2106.84,67.96,1220.0,23,188,526.71,1,0.0,0,Loyal Customers,0.495,9.33,0.417
15933,2,2,728.27,15.5,616.0,44,15,364.14,0,379.19,0,Loyal Customers,0.402,32.12,0.156
15707,17,1,158.88,3.88,79.0,41,0,158.88,0,758.1,1,Loyal Customers,0.649,118.9,0.486
14177,17,4,549.46,13.4,204.0,37,93,137.37,1,0.0,0,Loyal Customers,0.443,35.78,0.292
14608,16,2,790.95,98.87,193.0,7,277,395.48,0,994.2,0,Champions,0.291,121.91,0.418
16341,16,2,1531.89,24.32,1086.0,53,116,765.95,0,439.98,0,Loyal Customers,0.379,43.68,0.222
17786,16,2,266.85,3.92,195.0,57,232,133.43,1,0.0,0,Lost,0.572,17.9,0.262
13381,20,5,2982.23,21.45,1641.0,71,209,596.45,0,657.08,0,Loyal Customers,0.231,187.0,0.3
15533,13,2,554.74,12.61,183.0,41,7,277.37,0,252.83,0,At Risk,0.358,49.32,0.324
14030,20,7,1816.81,9.82,1030.0,164,277,259.54,0,542.03,0,Champions,0.098,369.6,0.213
13743,19,6,1065.84,31.35,1416.0,8,171,177.64,0,275.76,0,Champions,0.265,142.54,0.218
13704,4,5,1289.4,17.42,1028.0,66,15,257.88,0,1018.66,1,Champions,0.341,202.61,0.544
14732,19,6,1927.19,17.05,1135.0,87,251,321.2,0,775.3,0,Champions,0.108,573.2,0.309
16451,18,1,266.97,19.07,120.0,14,0,266.97,1,0.0,0,Lost,0.588,19.51,0.197
15343,18,1,364.5,17.36,84.0,21,0,364.5,1,0.0,0,Lost,0.529,17.9,0.299
14595,16,2,300.03,25.0,147.0,12,228,150.01,0,1440.57,1,Loyal Customers,0.453,23.56,0.315
16729,16,18,5697.72,11.92,4235.0,151,156,316.54,0,1507.61,1,Champions,0.132,665.44,0.867
17144,15,1,595.89,25.91,351.0,23,0,595.89,0,388.68,0,At Risk,0.532,47.01,0.257
15523,15,1,412.01,41.2,132.0,10,0,412.01,1,0.0,0,Lost,0.797,0.91,0.164
18194,13,1,973.84,139.12,632.0,7,0,973.84,1,0.0,0,Lost,0.774,6.4,0.199
15058,12,8,1432.31,7.91,721.0,138,231,179.04,0,670.23,1,Champions,0.067,338.09,0.715
15839,11,2,790.36,16.13,540.0,48,68,395.18,0,258.13,0,Loyal Customers,0.431,58.77,0.284
13448,11,5,2484.37,15.43,1196.0,130,293,496.87,0,1050.32,0,Champions,0.133,279.94,0.299
17564,11,1,119.12,7.44,30.0,16,0,119.12,0,334.89,1,At Risk,0.542,12.63,0.344
17651,10,5,1800.86,16.83,1090.0,80,98,360.17,0,2144.14,1,Champions,0.231,778.41,0.303
17511,4,23,64405.39,90.46,44153.0,379,300,2800.23,0,26656.99,1,Champions,0.01,15896.11,0.921
15203,10,5,1517.72,12.86,1464.0,75,232,303.54,0,310.08,0,Loyal Customers,0.132,203.63,0.202
16085,10,3,619.65,5.9,374.0,86,241,206.55,0,361.86,1,Loyal Customers,0.297,62.56,0.344
17888,10,5,355.6,8.67,558.0,38,278,71.12,0,360.4,1,Loyal Customers,0.273,42.25,0.696
15239,9,1,461.79,15.39,373.0,30,0,461.79,0,318.8,0,At Risk,0.418,13.76,0.199
18041,8,17,3132.28,8.85,2915.0,228,295,184.25,0,965.09,1,Champions,0.011,1074.07,0.93
17388,8,4,1259.56,83.97,1068.0,13,210,314.89,1,0.0,0,Loyal Customers,0.588,32.72,0.139
15763,8,1,522.49,15.83,187.0,33,0,522.49,0,564.43,0,Loyal Customers,0.425,9.82,0.245
17411,6,2,569.44,17.8,240.0,31,186,284.72,0,209.5,0,At Risk,0.445,30.42,0.192
14135,6,11,3514.32,31.66,3444.0,82,297,319.48,0,1175.99,0,Champions,0.018,1726.02,0.376
17506,6,1,302.2,21.59,139.0,14,0,302.2,1,0.0,0,Lost,0.631,10.99,0.131
14540,6,2,637.93,11.39,300.0,53,234,318.96,0,314.73,0,At Risk,0.379,60.71,0.421
16771,6,4,2098.31,8.78,1406.0,195,263,524.58,0,144.3,0,Loyal Customers,0.298,85.22,0.104
15154,6,1,254.28,3.58,89.0,66,0,254.28,1,0.0,0,Lost,0.631,12.25,0.183
15214,6,3,956.75,14.95,740.0,64,167,318.92,0,704.69,1,Champions,0.301,95.81,0.659
16719,5,6,1483.75,9.39,942.0,91,294,247.29,0,286.47,0,Champions,0.089,303.84,0.186
18008,4,8,2107.91,75.28,1567.0,22,245,263.49,0,8.28,1,Loyal Customers,0.09,33.02,0.404
14272,4,2,437.96,13.27,599.0,33,181,218.98,1,0.0,0,Lost,0.484,15.31,0.15
15745,4,2,607.75,16.88,243.0,36,163,303.88,0,486.84,0,Loyal Customers,0.402,36.14,0.169
16629,4,2,408.63,6.81,489.0,58,23,204.31,1,0.0,0,Lost,0.367,15.49,0.261
14047,4,4,957.46,45.59,272.0,17,299,239.37,0,351.15,0,Loyal Customers,0.315,23.7,0.175
13126,3,6,1385.98,15.23,1548.0,80,294,231.0,0,713.66,1,Champions,0.069,241.82,0.221
13516,3,2,620.41,16.33,320.0,37,166,310.21,0,769.0,0,Loyal Customers,0.427,43.65,0.153
13139,3,4,3584.56,29.14,1799.0,111,187,896.14,0,1480.38,0,Champions,0.247,112.33,0.179
16394,3,4,1241.86,17.49,2016.0,54,217,310.47,0,313.48,1,Loyal Customers,0.239,95.38,0.143
12826,2,5,1052.62,15.26,854.0,54,294,210.52,0,422.1,0,Champions,0.193,158.85,0.142
16574,2,1,451.44,16.12,416.0,28,0,451.44,1,0.0,0,Lost,0.518,5.99,0.153
17420,102,2,391.51,18.64,169.0,19,202,195.76,0,207.32,1,Loyal Customers,0.498,13.09,0.367
14237,304,1,161.0,17.89,38.0,9,0,161.0,1,0.0,0,Lost,0.651,5.82,0.073
17567,23,6,2925.45,24.38,1761.0,83,280,487.58,0,1406.03,1,Champions,0.073,455.8,0.517
17135,220,2,500.55,23.84,420.0,19,82,250.28,0,639.18,1,Loyal Customers,0.665,6.68,0.216
13370,302,1,754.87,19.36,343.0,39,0,754.87,1,0.0,0,Lost,0.697,21.65,0.063
17191,25,6,1561.51,8.63,859.0,130,274,260.25,0,532.17,0,Loyal Customers,0.121,297.78,0.264
17519,64,5,1488.0,22.55,1042.0,50,235,297.6,0,356.02,0,Loyal Customers,0.159,185.17,0.375
12913,213,3,866.39,57.76,345.0,12,86,288.8,0,1617.24,0,Champions,0.41,42.38,0.1
17616,104,3,571.2,190.4,224.0,1,194,190.4,1,0.0,0,Lost,0.689,1.92,0.081
18119,298,1,180.7,6.23,124.0,29,0,180.7,1,0.0,0,Lost,0.636,8.0,0.111
16221,206,2,315.37,9.86,267.0,29,92,157.69,0,545.49,0,Loyal Customers,0.59,5.97,0.09
14739,25,4,2247.58,66.11,2678.0,32,273,561.9,0,1654.7,1,Champions,0.241,172.88,0.508
13807,298,1,112.6,16.09,36.0,7,0,112.6,1,0.0,0,Lost,0.769,3.29,0.041
18043,137,2,421.59,4.53,229.0,87,160,210.8,0,107.7,0,At Risk,0.363,12.57,0.168
13077,221,3,576.19,9.29,606.0,61,76,192.06,0,151.83,0,At Risk,0.339,22.8,0.114
17796,244,3,614.1,7.98,158.0,60,56,204.7,0,75.9,0,Loyal Customers,0.398,26.6,0.093
15716,76,4,1101.11,9.41,738.0,101,224,275.28,1,0.0,0,Loyal Customers,0.369,38.25,0.483
16393,25,9,1761.97,8.31,1013.0,96,275,195.77,0,1278.99,1,Champions,0.057,455.63,0.547
14081,233,2,921.62,6.14,592.0,126,67,460.81,1,0.0,0,Lost,0.609,8.99,0.076
16519,296,1,103.7,20.74,24.0,5,0,103.7,0,111.38,0,At Risk,0.636,8.49,0.023
16499,291,2,365.45,19.23,127.0,18,4,182.73,1,0.0,0,Lost,0.753,9.05,0.073
14037,107,2,147.2,5.26,46.0,27,188,73.6,1,0.0,0,Lost,0.809,0.6,0.069
12875,74,2,343.23,171.62,2019.0,1,219,171.62,1,0.0,0,Lost,0.741,0.74,0.075
17692,58,4,740.94,16.11,672.0,34,232,185.24,1,0.0,0,Loyal Customers,0.462,42.96,0.392
15727,38,6,4589.39,17.52,2625.0,191,252,764.9,0,569.67,0,Champions,0.058,893.05,0.295
15204,288,1,316.58,35.18,258.0,9,0,316.58,1,0.0,0,Lost,0.816,4.36,0.08
18245,80,6,1672.81,13.94,1328.0,103,206,278.8,0,894.25,0,Champions,0.149,222.55,0.407
15460,285,1,214.26,3.83,107.0,53,0,214.26,1,0.0,0,Lost,0.73,5.58,0.086
13165,282,1,354.64,27.28,496.0,13,0,354.64,0,666.84,1,Loyal Customers,0.806,4.6,0.309
14553,149,2,312.32,8.01,182.0,35,121,156.16,0,546.95,0,Loyal Customers,0.665,21.28,0.217
15719,30,11,4061.97,5.23,2173.0,260,238,369.27,0,968.1,1,Champions,0.023,1376.99,0.899
16551,26,3,922.12,28.82,970.0,26,241,307.37,1,0.0,0,Loyal Customers,0.617,26.32,0.346
17114,69,6,601.94,6.84,156.0,66,196,100.32,0,199.18,0,Champions,0.222,63.87,0.16
13385,260,1,534.57,15.27,281.0,35,0,534.57,1,0.0,0,Lost,0.773,1.78,0.067
13001,89,11,8582.57,28.7,4864.0,154,168,780.23,0,1203.4,0,Champions,0.189,519.87,0.442
14242,165,2,280.55,17.53,123.0,13,91,140.28,1,0.0,0,Lost,0.74,1.99,0.125
15938,43,5,404.58,22.48,240.0,13,211,80.92,1,0.0,0,Loyal Customers,0.504,6.9,0.08
17771,254,1,115.8,5.26,110.0,22,0,115.8,0,130.01,1,Lost,0.733,3.48,0.178
14233,142,3,959.1,47.96,410.0,15,106,319.7,0,503.62,1,Loyal Customers,0.398,103.53,0.146
15057,206,2,1489.5,59.58,668.0,25,40,744.75,1,0.0,0,Lost,0.578,8.9,0.178
16570,58,6,2134.07,27.36,1427.0,52,184,355.68,0,1604.33,1,Champions,0.133,186.21,0.299
17560,25,4,854.95,32.88,635.0,22,216,213.74,1,0.0,0,Loyal Customers,0.455,22.11,0.453
14798,75,2,97.4,12.18,104.0,7,166,48.7,0,76.34,1,At Risk,0.665,1.27,0.051
14842,26,3,1901.52,21.13,711.0,86,213,633.84,0,923.17,1,Loyal Customers,0.343,87.63,0.272
17105,90,2,665.78,7.4,693.0,80,147,332.89,1,0.0,0,Lost,0.534,20.2,0.212
14438,237,1,131.9,14.66,82.0,9,0,131.9,1,0.0,0,Lost,0.832,1.27,0.09
17083,40,3,1405.78,27.03,772.0,24,194,468.59,1,0.0,0,Loyal Customers,0.6,5.82,0.228
15970,234,1,314.1,28.55,116.0,11,0,314.1,1,0.0,0,Lost,0.802,2.36,0.094
15406,232,1,252.29,5.87,130.0,42,0,252.29,0,258.42,0,At Risk,0.617,7.69,0.148
17282,61,3,1685.46,18.94,1866.0,79,169,561.82,1,0.0,0,Loyal Customers,0.444,18.22,0.292
16979,78,2,555.65,29.24,135.0,19,150,277.83,0,1296.35,1,Champions,0.458,16.03,0.341
13623,141,4,539.17,8.56,149.0,61,87,134.79,0,188.57,0,Loyal Customers,0.382,28.27,0.251
16431,144,3,623.28,8.2,442.0,51,84,207.76,1,0.0,0,Lost,0.534,32.37,0.211
16126,32,3,3706.7,50.78,1084.0,41,195,1235.57,0,2581.07,0,Loyal Customers,0.376,130.2,0.193
17323,55,4,530.95,4.39,495.0,98,168,132.74,0,375.57,1,Loyal Customers,0.233,73.44,0.53
17361,117,2,263.92,15.52,63.0,16,105,131.96,0,224.28,1,Loyal Customers,0.534,9.43,0.195
17499,220,1,622.88,15.57,711.0,40,0,622.88,1,0.0,0,Lost,0.744,3.57,0.148
15974,26,6,2895.01,19.43,1864.0,119,193,482.5,0,547.14,0,Loyal Customers,0.196,218.73,0.39
17867,74,4,957.48,119.69,374.0,8,145,239.37,0,200.39,0,Loyal Customers,0.368,37.8,0.375
15543,219,1,127.86,4.57,86.0,26,0,127.86,1,0.0,0,Lost,0.721,4.21,0.157
15847,219,1,180.68,20.08,348.0,9,0,180.68,0,208.59,0,At Risk,0.682,0.67,0.155
16668,47,5,266.52,15.68,258.0,9,168,53.3,0,40.2,0,At Risk,0.547,16.39,0.065
13509,30,5,705.02,22.74,799.0,24,185,141.0,0,274.7,1,Champions,0.358,98.54,0.405
15874,108,6,2207.75,25.38,1065.0,79,107,367.96,0,2198.13,1,Loyal Customers,0.254,199.02,0.512
15656,109,3,563.63,16.1,202.0,34,106,187.88,0,184.87,1,Loyal Customers,0.557,26.03,0.453
17462,215,1,463.41,33.1,155.0,14,0,463.41,0,212.28,1,Loyal Customers,0.704,2.34,0.167
14656,100,2,291.05,3.64,120.0,73,114,145.53,1,0.0,0,Lost,0.6,11.23,0.189
16571,107,2,896.79,15.2,891.0,54,105,448.4,0,524.9,0,Loyal Customers,0.422,12.26,0.222
15087,212,1,306.94,20.46,470.0,15,0,306.94,1,0.0,0,Lost,0.805,1.94,0.084
14507,32,4,924.69,11.42,478.0,71,175,231.17,0,443.19,0,Loyal Customers,0.269,66.73,0.401
13026,23,3,604.2,35.54,900.0,13,183,201.4,0,371.16,0,Champions,0.51,11.01,0.207
12881,206,1,298.0,42.57,21.0,7,0,298.0,1,0.0,0,Lost,0.803,1.69,0.076
14603,205,1,660.0,330.0,400.0,2,0,660.0,1,0.0,0,Lost,0.847,0.58,0.068
13043,204,1,516.42,39.72,254.0,13,0,516.42,1,0.0,0,Lost,0.831,0.97,0.084
13452,190,2,590.0,295.0,2.0,1,11,295.0,1,0.0,0,Lost,0.869,-0.2,0.032
13185,198,1,71.4,71.4,12.0,1,0,71.4,1,0.0,0,Lost,0.843,0.45,0.085
15695,197,2,409.98,18.64,212.0,22,0,204.99,1,0.0,0,Lost,0.772,4.26,0.097
15132,36,3,842.23,17.55,633.0,47,157,280.74,0,135.7,1,Loyal Customers,0.335,54.65,0.407
13512,191,1,251.21,16.75,143.0,15,0,251.21,1,0.0,0,Lost,0.65,3.47,0.093
13736,191,1,357.53,4.7,228.0,73,0,357.53,0,372.27,0,At Risk,0.676,5.95,0.064
17625,71,2,1227.13,6.33,838.0,161,117,613.56,0,793.27,1,Loyal Customers,0.244,116.18,0.364
16180,31,8,10254.18,63.3,5867.0,90,152,1281.77,1,0.0,0,Loyal Customers,0.435,43.17,0.256
17701,183,1,417.95,17.41,109.0,24,0,417.95,1,0.0,0,Lost,0.762,0.61,0.128
17140,178,1,454.12,25.23,296.0,16,0,454.12,1,0.0,0,Lost,0.781,1.68,0.134
13712,177,1,228.84,22.88,352.0,10,0,228.84,1,0.0,0,Lost,0.778,2.56,0.101
13570,174,1,239.49,8.87,161.0,27,0,239.49,1,0.0,0,Lost,0.701,4.03,0.146
13632,104,3,812.26,9.67,310.0,70,70,270.75,0,1306.67,1,Loyal Customers,0.342,71.33,0.31
16933,170,1,224.73,11.24,127.0,19,0,224.73,0,338.5,0,At Risk,0.702,4.03,0.139
15135,170,1,139.05,15.45,43.0,9,0,139.05,1,0.0,0,Lost,0.823,1.88,0.093
15172,66,3,886.74,14.54,838.0,60,101,295.58,0,737.31,1,Champions,0.218,67.36,0.47
16639,137,2,471.15,23.56,159.0,19,29,235.58,0,786.36,0,Loyal Customers,0.561,15.77,0.225
17588,31,3,1240.2,53.92,676.0,19,132,413.4,1,0.0,0,Loyal Customers,0.571,4.15,0.314
14640,58,4,1483.36,20.32,572.0,63,100,370.84,0,624.02,1,Loyal Customers,0.341,105.33,0.367
13637,118,2,678.65,7.46,350.0,75,39,339.32,0,125.65,1,Loyal Customers,0.612,13.06,0.217
14655,153,1,810.56,57.9,522.0,14,0,810.56,0,1121.67,1,Loyal Customers,0.543,13.17,0.325
15976,96,2,427.64,4.45,275.0,83,55,213.82,1,0.0,0,Lost,0.471,14.73,0.208
14515,122,2,765.65,25.52,371.0,25,27,382.83,0,1311.24,1,Loyal Customers,0.51,32.45,0.261
16319,148,1,404.4,134.8,72.0,3,0,404.4,1,0.0,0,Lost,0.78,2.86,0.122
13003,36,3,149.05,24.84,103.0,4,109,49.68,1,0.0,0,Lost,0.59,2.39,0.074
16440,145,1,272.46,7.78,115.0,35,0,272.46,0,3368.21,1,Champions,0.576,19.73,0.259
17245,135,1,171.45,19.05,75.0,9,0,171.45,1,0.0,0,Lost,0.732,3.2,0.102
15599,135,1,448.83,15.48,361.0,29,0,448.83,0,312.91,0,At Risk,0.623,4.93,0.195
17166,134,1,127.59,12.76,57.0,10,0,127.59,0,78.75,0,At Risk,0.711,5.54,0.082
14591,144,1,204.02,5.51,91.0,33,0,204.02,0,1116.19,0,Loyal Customers,0.571,23.35,0.191
16877,83,2,188.98,3.78,104.0,46,56,94.49,0,657.64,0,Loyal Customers,0.416,46.13,0.067
13972,132,1,145.9,16.21,42.0,9,0,145.9,0,44.35,1,Lost,0.682,5.14,0.107
14647,132,1,236.04,8.43,91.0,24,0,236.04,1,0.0,0,Lost,0.645,10.02,0.189
17521,130,1,159.56,19.94,116.0,8,0,159.56,0,563.65,1,Loyal Customers,0.631,41.0,0.116
16880,30,6,1093.12,7.92,605.0,92,90,182.19,0,398.31,0,Loyal Customers,0.175,280.1,0.524
15073,116,2,861.96,19.59,428.0,22,1,430.98,0,181.45,0,At Risk,0.546,10.45,0.191
18248,53,2,804.02,17.11,511.0,39,64,402.01,1,0.0,0,Lost,0.518,19.38,0.284
16614,113,1,506.19,19.47,223.0,26,0,506.19,1,0.0,0,Lost,0.69,3.06,0.196
16461,108,1,142.92,4.47,48.0,31,0,142.92,1,0.0,0,Lost,0.676,6.72,0.195
13343,108,1,353.43,18.6,135.0,19,0,353.43,1,0.0,0,Lost,0.729,4.68,0.189
14222,108,1,683.17,16.66,607.0,41,0,683.17,1,0.0,0,Lost,0.673,7.38,0.228
15700,103,2,696.68,8.1,357.0,85,1,348.34,1,0.0,0,Lost,0.684,12.98,0.198
15825,103,1,532.94,26.65,220.0,20,0,532.94,1,0.0,0,Lost,0.771,2.82,0.196
15507,102,1,475.86,10.57,160.0,41,0,475.86,1,0.0,0,Lost,0.65,10.22,0.237
16526,102,1,290.36,19.36,106.0,15,0,290.36,1,0.0,0,Lost,0.638,6.02,0.186
17891,93,1,203.86,6.0,393.0,34,0,203.86,1,0.0,0,Lost,0.608,13.58,0.194
16866,71,3,207.74,18.89,60.0,10,21,69.25,1,0.0,0,Lost,0.619,1.73,0.065
15007,90,1,156.91,13.08,69.0,12,0,156.91,1,0.0,0,Lost,0.766,4.4,0.145
17046,88,1,642.02,29.18,510.0,22,0,642.02,1,0.0,0,Lost,0.752,3.45,0.227
14459,86,1,1837.92,49.67,760.0,37,0,1837.92,1,0.0,0,Lost,0.721,9.67,0.304
16762,75,1,314.15,24.17,143.0,13,0,314.15,0,893.09,1,Loyal Customers,0.619,8.24,0.244
16305,69,1,361.22,16.42,256.0,22,0,361.22,1,0.0,0,Lost,0.663,4.01,0.235
17053,61,1,498.48,38.34,122.0,13,0,498.48,1,0.0,0,Lost,0.705,6.27,0.178
16102,29,2,1392.84,28.43,776.0,41,30,696.42,0,449.3,1,Loyal Customers,0.5,60.64,0.294
17248,51,1,318.65,4.62,213.0,68,0,318.65,1,0.0,0,Lost,0.704,7.23,0.201
15315,47,1,233.54,14.6,262.0,16,0,233.54,0,336.96,1,Lost,0.564,16.89,0.229
15786,45,1,3147.64,19.08,2286.0,165,0,3147.64,0,1771.36,1,Loyal Customers,0.296,183.67,0.609
14772,43,1,139.26,15.47,82.0,9,0,139.26,1,0.0,0,Lost,0.646,5.8,0.122
16278,31,1,566.38,24.63,114.0,23,0,566.38,1,0.0,0,Lost,0.604,4.25,0.22
13147,30,1,118.8,118.8,24.0,1,0,118.8,0,594.0,1,At Risk,0.574,42.01,0.58
14171,29,1,363.79,6.27,167.0,57,0,363.79,1,0.0,0,Lost,0.632,19.08,0.4
