CustomerID,recency,frequency,monetary,log_recency,log_frequency,log_monetary,cluster,cluster_label,rfm_score,segment
13784,10,11,2462.79,2.3978952727983707,2.4849066497880004,7.809456093748633,0,Champions,5.0,Champions
15750,3,8,2463.05,1.3862943611198906,2.1972245773362196,7.809561616655318,0,Champions,5.0,Champions
14766,9,6,2473.37,2.302585092994046,1.9459101490553132,7.813741097146052,0,Champions,5.0,Champions
17188,12,7,2474.23,2.5649493574615367,2.0794415416798357,7.814088599978061,0,Champions,5.0,Champions
17682,11,6,2474.33,2.4849066497880004,1.9459101490553132,7.814128999448025,0,Champions,5.0,Champions
15271,8,15,2493.34,2.1972245773362196,2.772588722239781,7.82177944413352,0,Champions,5.0,Champions
15932,5,8,2495.87,1.791759469228055,2.1972245773362196,7.822793226449505,0,Champions,5.0,Champions
17449,3,7,2519.21,1.3862943611198906,2.0794415416798357,7.832097510366773,0,Champions,5.0,Champions
13394,2,8,2520.02,1.0986122886681098,2.1972245773362196,7.832418860516229,0,Champions,5.0,Champions
14701,11,9,2526.09,2.4849066497880004,2.302585092994046,7.834823722108157,0,Champions,5.0,Champions
14659,9,9,2529.93,2.302585092994046,2.302585092994046,7.836342103110113,0,Champions,5.0,Champions
15572,5,7,2533.42,1.791759469228055,2.0794415416798357,7.837720093003111,0,Champions,5.0,Champions
15033,5,10,2557.18,1.791759469228055,2.3978952727983707,7.847051347137703,0,Champions,5.0,Champions
18245,8,7,2567.06,2.1972245773362196,2.0794415416798357,7.850906029022887,0,Champions,5.0,Champions
18077,9,11,2584.41,2.302585092994046,2.4849066497880004,7.85763938171581,0,Champions,5.0,Champions
14243,9,10,2588.77,2.302585092994046,2.3978952727983707,7.859324347661553,0,Champions,5.0,Champions
16241,10,13,2590.31,2.3978952727983707,2.6390573296152584,7.859918818329966,0,Champions,5.0,Champions
14408,11,7,2599.03,2.4849066497880004,2.0794415416798357,7.8632782624045445,0,Champions,5.0,Champions
14397,3,19,2612.96,1.3862943611198906,2.995732273553991,7.868621591848266,0,Champions,5.0,Champions
13021,5,9,2616.38,1.791759469228055,2.302585092994046,7.869929096421559,0,Champions,5.0,Champions
14262,9,8,2618.23,2.302585092994046,2.1972245773362196,7.870635660430322,0,Champions,5.0,Champions
18210,2,6,2621.38,1.0986122886681098,1.9459101490553132,7.871837581358896,0,Champions,5.0,Champions
17346,4,15,2622.88,1.6094379124341003,2.772588722239781,7.872409417310936,0,Champions,5.0,Champions
17402,5,13,2633.85,1.791759469228055,2.6390573296152584,7.8765815333589115,0,Champions,5.0,Champions
17655,11,7,2638.94,2.4849066497880004,2.0794415416798357,7.878511468609366,0,Champions,5.0,Champions
14713,10,11,2662.2,2.3978952727983707,2.4849066497880004,7.887283686260815,0,Champions,5.0,Champions
18097,8,6,2662.4,2.1972245773362196,1.9459101490553132,7.887358781068045,0,Champions,5.0,Champions
17386,8,6,2686.42,2.1972245773362196,1.9459101490553132,7.896336904550998,0,Champions,5.0,Champions
14732,9,8,2702.49,2.302585092994046,2.1972245773362196,7.902298809906396,0,Champions,5.0,Champions
15796,2,8,2708.61,1.0986122886681098,2.1972245773362196,7.904559992078387,0,Champions,5.0,Champions
16168,11,27,3787.6,2.4849066497880004,3.332204510175204,8.239751836694179,0,Champions,5.0,Champions
16145,9,11,3799.49,2.302585092994046,2.4849066497880004,8.242885284769901,0,Champions,5.0,Champions
13435,6,7,3809.89,1.9459101490553132,2.0794415416798357,8.245618036642021,0,Champions,5.0,Champions
15867,6,15,3810.14,1.9459101490553132,2.772588722239781,8.24568363596401,0,Champions,5.0,Champions
17091,3,9,3827.76,1.3862943611198906,2.302585092994046,8.250296269962053,0,Champions,5.0,Champions
13266,12,12,3834.26,2.5649493574615367,2.5649493574615367,8.25199250811344,0,Champions,5.0,Champions
14291,2,11,3883.25,1.0986122886681098,2.4849066497880004,8.264685193972111,0,Champions,5.0,Champions
13999,11,12,3901.81,2.4849066497880004,2.5649493574615367,8.269452085493503,0,Champions,5.0,Champions
14739,5,7,3902.28,1.791759469228055,2.0794415416798357,8.269572504294867,0,Champions,5.0,Champions
17651,12,10,3945.0,2.5649493574615367,2.3978952727983707,8.28045768658256,0,Champions,5.0,Champions
17769,13,10,3957.43,2.6390573296152584,2.3978952727983707,8.283602760989174,0,Champions,5.0,Champions
13183,8,9,3957.78,2.1972245773362196,2.302585092994046,8.283691175973804,0,Champions,5.0,Champions
17611,8,15,3961.12,2.1972245773362196,2.772588722239781,8.2845345145333,0,Champions,5.0,Champions
14299,9,9,3965.62,2.302585092994046,2.302585092994046,8.285669625656425,0,Champions,5.0,Champions
14547,4,8,3974.75,1.6094379124341003,2.1972245773362196,8.287968688536026,0,Champions,5.0,Champions
17001,1,11,3989.57,0.6931471805599453,2.4849066497880004,8.291689356823657,0,Champions,5.0,Champions
12841,5,25,3991.58,1.791759469228055,3.258096538021482,8.292192917458863,0,Champions,5.0,Champions
12957,10,8,4017.54,2.3978952727983707,2.1972245773362196,8.298673931566155,0,Champions,5.0,Champions
15514,13,11,4023.72,2.6390573296152584,2.4849066497880004,8.3002106222155,0,Champions,5.0,Champions
16549,11,10,4034.9,2.4849066497880004,2.3978952727983707,8.302984604159606,0,Champions,5.0,Champions
14401,5,13,4051.48,1.791759469228055,2.6390573296152584,8.307084318372484,0,Champions,5.0,Champions
14092,8,14,4076.91,2.1972245773362196,2.70805020110221,8.313339881248881,0,Champions,5.0,Champions
18041,12,21,4097.37,2.5649493574615367,3.091042453358316,8.318344612668472,0,Champions,5.0,Champions
16401,2,12,4098.32,1.0986122886681098,2.5649493574615367,8.318576385278623,0,Champions,5.0,Champions
16592,5,16,4113.68,1.791759469228055,2.833213344056216,8.322316345810338,0,Champions,5.0,Champions
17920,5,17,4119.5,1.791759469228055,2.8903717578961645,8.323729794203437,0,Champions,5.0,Champions
15570,8,12,4148.82,2.1972245773362196,2.5649493574615367,8.33082023879011,0,Champions,5.0,Champions
14735,4,32,6065.69,1.6094379124341003,3.4965075614664802,8.710568430543226,0,Champions,5.0,Champions
13418,12,18,6127.43,2.5649493574615367,2.9444389791664403,8.720693878671442,0,Champions,5.0,Champions
14060,5,19,6140.42,1.791759469228055,2.995732273553991,8.722811264760628,0,Champions,5.0,Champions
17315,2,38,6281.23,1.0986122886681098,3.6635616461296463,8.745480291972145,0,Champions,5.0,Champions
13709,4,13,6307.65,1.6094379124341003,2.6390573296152584,8.749676986528248,0,Champions,5.0,Champions
13668,3,21,6309.83,1.3862943611198906,3.091042453358316,8.750022484127467,0,Champions,5.0,Champions
13102,2,24,6424.09,1.0986122886681098,3.2188758248682006,8.767965917447414,0,Champions,5.0,Champions
13225,4,7,6463.84,1.6094379124341003,2.0794415416798357,8.774133542253146,0,Champions,5.0,Champions
15694,1,14,6479.4,0.6931471805599453,2.70805020110221,8.776537515836264,0,Champions,5.0,Champions
18223,5,14,6484.54,1.791759469228055,2.70805020110221,8.777330362366365,0,Champions,5.0,Champions
14194,5,21,11349.52,1.791759469228055,3.091042453358316,9.337018836838048,0,Champions,5.0,Champions
14606,2,93,12076.15,1.0986122886681098,4.543294782270004,9.399070516501299,0,Champions,5.0,Champions
13113,1,24,12245.96,0.6931471805599453,3.2188758248682006,9.413033021909968,0,Champions,5.0,Champions
15640,5,15,12416.11,1.791759469228055,2.772588722239781,9.426830639200185,0,Champions,5.0,Champions
13078,4,26,12627.94,1.6094379124341003,3.295836866004329,9.443746284664895,0,Champions,5.0,Champions
15769,8,26,56252.72,2.1972245773362196,3.295836866004329,10.937627451213288,0,Champions,5.0,Champions
17949,2,45,58510.48,1.0986122886681098,3.828641396489095,10.976978253283772,0,Champions,5.0,Champions
17450,9,46,194390.79,2.302585092994046,3.8501476017100584,12.17763093760637,0,Champions,5.0,Champions
13069,1,24,4431.44,0.6931471805599453,3.2188758248682006,8.396705501477726,0,Champions,5.0,Champions
14866,11,12,14389.9,2.4849066497880004,2.5649493574615367,9.574351341358595,0,Champions,5.0,Champions
16133,4,33,14589.04,1.6094379124341003,3.5263605246161616,9.588094383116912,0,Champions,5.0,Champions
15984,3,10,2780.63,1.3862943611198906,2.3978952727983707,7.930792365795113,0,Champions,5.0,Champions
17090,5,7,1974.65,1.791759469228055,2.0794415416798357,7.588652737113165,0,Champions,5.0,Champions
16764,4,13,2790.95,1.6094379124341003,2.6390573296152584,7.934495555412452,0,Champions,5.0,Champions
12989,4,15,6924.11,1.6094379124341003,2.772588722239781,8.842909215405916,0,Champions,5.0,Champions
13089,3,97,58762.08,1.3862943611198906,4.584967478670572,10.98126904552405,0,Champions,5.0,Champions
14961,11,9,7044.68,2.4849066497880004,2.302585092994046,8.860169942031078,0,Champions,5.0,Champions
13985,5,15,7060.13,1.791759469228055,2.772588722239781,8.862360374336811,0,Champions,5.0,Champions
17364,1,11,4462.68,0.6931471805599453,2.4849066497880004,8.40372881690387,0,Champions,5.0,Champions
14051,1,23,15610.39,0.6931471805599453,3.1780538303479458,9.655756055028828,0,Champions,5.0,Champions
17739,12,7,2791.35,2.5649493574615367,2.0794415416798357,7.934638814191774,0,Champions,5.0,Champions
16923,13,19,7069.08,2.6390573296152584,2.995732273553991,8.863627074243855,0,Champions,5.0,Champions
13769,3,10,2796.51,1.3862943611198906,2.3978952727983707,7.936485014799888,0,Champions,5.0,Champions
15856,5,27,16143.64,1.791759469228055,3.332204510175204,9.689343385018718,0,Champions,5.0,Champions
16873,5,6,7123.62,1.791759469228055,1.9459101490553132,8.871311670381246,0,Champions,5.0,Champions
14572,4,7,2804.54,1.6094379124341003,2.0794415416798357,7.93935131279746,0,Champions,5.0,Champions
15189,2,41,16225.39,1.0986122886681098,3.7376696182833684,9.694394208164745,0,Champions,5.0,Champions
18230,10,7,2810.2,2.3978952727983707,2.0794415416798357,7.941366717432833,0,Champions,5.0,Champions
13590,12,6,1981.92,2.5649493574615367,1.9459101490553132,7.592325784791223,0,Champions,5.0,Champions
13267,3,19,4521.49,1.3862943611198906,2.995732273553991,8.416818006100614,0,Champions,5.0,Champions
17068,13,21,4552.14,2.6390573296152584,3.091042453358316,8.423572383818774,0,Champions,5.0,Champions
16931,6,21,4554.87,1.9459101490553132,3.091042453358316,8.424171790358395,0,Champions,5.0,Champions
17677,2,30,16345.38,1.0986122886681098,3.4339872044851463,9.701761745083482,0,Champions,5.0,Champions
18229,12,20,7276.9,2.5649493574615367,3.044522437723423,8.892597638039238,0,Champions,5.0,Champions
12921,10,37,16587.09,2.3978952727983707,3.6375861597263857,9.716440246960428,0,Champions,5.0,Champions
16839,9,34,16594.35,2.302585092994046,3.5553480614894135,9.716877814621636,0,Champions,5.0,Champions
13881,4,20,17159.52,1.6094379124341003,3.044522437723423,9.75036667561313,0,Champions,5.0,Champions
13767,3,37,17220.36,1.3862943611198906,3.6375861597263857,9.753905752795765,0,Champions,5.0,Champions
17428,1,28,17256.85,0.6931471805599453,3.367295829986474,9.756022391409203,0,Champions,5.0,Champions
14031,8,19,17286.86,2.1972245773362196,2.995732273553991,9.757759800051202,0,Champions,5.0,Champions
12901,9,28,17654.54,2.302585092994046,3.367295829986474,9.778804894130932,0,Champions,5.0,Champions
13305,5,10,2000.86,1.791759469228055,2.3978952727983707,7.601832027360015,0,Champions,5.0,Champions
15159,2,30,18641.01,1.0986122886681098,3.4339872044851463,9.83317291504409,0,Champions,5.0,Champions
14711,11,11,2839.62,2.4849066497880004,2.4849066497880004,7.951777617188277,0,Champions,5.0,Champions
15039,10,47,19766.59,2.3978952727983707,3.871201010907891,9.891799006862502,0,Champions,5.0,Champions
17381,9,29,20275.61,2.302585092994046,3.4011973816621555,9.917223283969056,0,Champions,5.0,Champions
14390,11,9,4642.57,2.4849066497880004,2.302585092994046,8.443238745938231,0,Champions,5.0,Champions
17675,2,31,20374.28,1.0986122886681098,3.4657359027997265,9.922077680345927,0,Champions,5.0,Champions
16210,2,18,21086.3,1.0986122886681098,2.9444389791664403,9.956426242517606,0,Champions,5.0,Champions
14189,3,15,4654.08,1.3862943611198906,2.772588722239781,8.44571437538519,0,Champions,5.0,Champions
14217,2,17,2004.98,1.0986122886681098,2.8903717578961645,7.603887998382448,0,Champions,5.0,Champions
13263,2,35,7436.93,1.0986122886681098,3.58351893845611,8.914347863308706,0,Champions,5.0,Champions
15628,5,9,2870.24,1.791759469228055,2.302585092994046,7.962499271193586,0,Champions,5.0,Champions
13777,1,33,25977.16,0.6931471805599453,3.5263605246161616,10.165011464005927,0,Champions,5.0,Champions
14191,2,13,4684.76,1.0986122886681098,2.6390573296152584,8.452283401366893,0,Champions,5.0,Champions
14135,2,15,4690.31,1.0986122886681098,2.772588722239781,8.453467140135627,0,Champions,5.0,Champions
15152,10,13,4745.69,2.3978952727983707,2.6390573296152584,8.465202812016113,0,Champions,5.0,Champions
15194,4,15,7616.53,1.6094379124341003,2.772588722239781,8.938207449152076,0,Champions,5.0,Champions
16333,8,22,26626.8,2.1972245773362196,3.1354942159291497,10.189711061801596,0,Champions,5.0,Champions
17857,5,23,26879.04,1.791759469228055,3.1780538303479458,10.199139282731217,0,Champions,5.0,Champions
14180,11,25,4748.52,2.4849066497880004,3.258096538021482,8.465798839290947,0,Champions,5.0,Champions
12955,2,11,4757.16,1.0986122886681098,2.4849066497880004,8.46761631787212,0,Champions,5.0,Champions
17365,13,8,4767.36,2.6390573296152584,2.1972245773362196,8.469757709250656,0,Champions,5.0,Champions
18144,8,12,2888.75,2.1972245773362196,2.5649493574615367,7.968925272174377,0,Champions,5.0,Champions
17811,5,39,7761.82,1.791759469228055,3.6888794541139363,8.957100949224584,0,Champions,5.0,Champions
13408,2,62,28117.04,1.0986122886681098,4.143134726391533,10.244166642215127,0,Champions,5.0,Champions
15187,2,16,4777.18,1.0986122886681098,2.833213344056216,8.471814999842545,0,Champions,5.0,Champions
15555,13,16,4794.86,2.6390573296152584,2.833213344056216,8.475508324728846,0,Champions,5.0,Champions
17644,2,11,2895.64,1.0986122886681098,2.4849066497880004,7.971306723565063,0,Champions,5.0,Champions
15298,3,12,4799.9,1.3862943611198906,2.5649493574615367,8.476558679320053,0,Champions,5.0,Champions
13013,2,13,4810.94,1.0986122886681098,2.6390573296152584,8.478855608188903,0,Champions,5.0,Champions
13630,6,7,2031.78,1.9459101490553132,2.0794415416798357,7.617159593311352,0,Champions,5.0,Champions
14292,8,9,4871.93,2.1972245773362196,2.302585092994046,8.491450677872692,0,Champions,5.0,Champions
13081,12,11,28337.38,2.5649493574615367,2.4849066497880004,10.251972348590337,0,Champions,5.0,Champions
15290,5,18,7943.22,1.791759469228055,2.9444389791664403,8.98019989919854,0,Champions,5.0,Champions
14796,2,17,7975.49,1.0986122886681098,2.8903717578961645,8.984253744057574,0,Champions,5.0,Champions
14868,4,8,2953.59,1.6094379124341003,2.1972245773362196,7.99111517232888,0,Champions,5.0,Champions
15547,8,14,4910.6,2.1972245773362196,2.70805020110221,8.499355033286358,0,Champions,5.0,Champions
13098,2,28,28882.44,1.0986122886681098,3.367295829986474,10.271023699486712,0,Champions,5.0,Champions
18109,2,26,8004.92,1.0986122886681098,3.295836866004329,8.987936546996973,0,Champions,5.0,Champions
17389,1,34,31833.68,0.6931471805599453,3.5553480614894135,10.36831154057086,0,Champions,5.0,Champions
15311,1,91,60632.75,0.6931471805599453,4.5217885770490405,11.012606947722134,0,Champions,5.0,Champions
14562,4,18,5006.77,1.6094379124341003,2.9444389791664403,8.518745985207708,0,Champions,5.0,Champions
17924,12,7,2962.5,2.5649493574615367,2.0794415416798357,7.994126281227893,0,Champions,5.0,Champions
12748,1,209,33053.19,0.6931471805599453,5.3471075307174685,10.405903614853912,0,Champions,5.0,Champions
15854,5,12,2969.12,1.791759469228055,2.5649493574615367,7.996357635020928,0,Champions,5.0,Champions
14032,3,11,2975.59,1.3862943611198906,2.4849066497880004,7.998533628991687,0,Champions,5.0,Champions
18283,4,16,2045.53,1.6094379124341003,2.833213344056216,7.623900954999213,0,Champions,5.0,Champions
15838,12,19,33643.08,2.5649493574615367,2.995732273553991,10.423592390918046,0,Champions,5.0,Champions
15687,9,9,2993.1,2.302585092994046,2.302585092994046,8.004398964555403,0,Champions,5.0,Champions
16013,4,47,37130.6,1.6094379124341003,3.871201010907891,10.522223638082181,0,Champions,5.0,Champions
13798,2,57,37153.85,1.0986122886681098,4.060443010546419,10.522849593441716,0,Champions,5.0,Champions
13854,9,25,8109.52,2.302585092994046,3.258096538021482,9.000917263426343,0,Champions,5.0,Champions
14755,10,11,5010.28,2.3978952727983707,2.4849066497880004,8.519446650469105,0,Champions,5.0,Champions
16672,3,20,8134.94,1.3862943611198906,3.044522437723423,9.004046563069934,0,Champions,5.0,Champions
14056,2,23,8152.71,1.0986122886681098,3.1780538303479458,9.006228317380044,0,Champions,5.0,Champions
17426,9,6,5037.26,2.302585092994046,1.9459101490553132,8.524816063361785,0,Champions,5.0,Champions
14456,6,9,3017.28,1.9459101490553132,2.302585092994046,8.012442411697599,0,Champions,5.0,Champions
16558,1,20,8338.49,0.6931471805599453,3.044522437723423,9.028757342403852,0,Champions,5.0,Champions
17602,3,6,5054.42,1.3862943611198906,1.9459101490553132,8.52821621405653,0,Champions,5.0,Champions
15358,5,22,8347.2,1.791759469228055,3.1354942159291497,9.029801225744318,0,Champions,5.0,Champions
16905,6,7,3037.6,1.9459101490553132,2.0794415416798357,8.019152162009666,0,Champions,5.0,Champions
16700,9,13,5076.55,2.302585092994046,2.6390573296152584,8.532584140771885,0,Champions,5.0,Champions
15046,10,15,5090.42,2.3978952727983707,2.772588722239781,8.535312049026333,0,Champions,5.0,Champions
15078,8,32,9743.11,2.1972245773362196,3.4965075614664802,9.184418278884316,0,Champions,5.0,Champions
13758,12,7,3190.55,2.5649493574615367,2.0794415416798357,8.068261971187837,0,Champions,5.0,Champions
14096,5,17,65164.79,1.791759469228055,2.8903717578961645,11.084689916963537,0,Champions,5.0,Champions
18198,5,17,5425.56,1.791759469228055,2.8903717578961645,8.599060694675584,0,Champions,5.0,Champions
18219,3,10,2069.77,1.3862943611198906,2.3978952727983707,7.635675797768084,0,Champions,5.0,Champions
14388,11,8,3212.84,2.4849066497880004,2.1972245773362196,8.07522176285542,0,Champions,5.0,Champions
16966,9,7,2154.97,2.302585092994046,2.0794415416798357,7.675996017275306,0,Champions,5.0,Champions
16265,10,9,5447.0,2.3978952727983707,2.302585092994046,8.60300384782935,0,Champions,5.0,Champions
15443,2,7,3213.59,1.0986122886681098,2.0794415416798357,8.075455101323259,0,Champions,5.0,Champions
18102,1,60,259657.3,0.6931471805599453,4.110873864173311,12.467121814869783,0,Champions,5.0,Champions
14527,3,55,8507.13,1.3862943611198906,4.02535169073515,9.048777455940112,0,Champions,5.0,Champions
13001,5,13,9785.97,1.791759469228055,2.6390573296152584,9.18880718813043,0,Champions,5.0,Champions
13199,4,38,9817.12,1.6094379124341003,3.6635616461296463,9.191984936991869,0,Champions,5.0,Champions
12935,3,7,2160.7,1.3862943611198906,2.0794415416798357,7.678650228164007,0,Champions,5.0,Champions
12856,8,6,2170.78,2.1972245773362196,1.9459101490553132,7.683302386789297,0,Champions,5.0,Champions
18225,4,12,5504.96,1.6094379124341003,2.5649493574615367,8.61358642087413,0,Champions,5.0,Champions
16161,2,19,5533.67,1.0986122886681098,2.995732273553991,8.618787222769154,0,Champions,5.0,Champions
14702,2,17,3251.79,1.0986122886681098,2.8903717578961645,8.087268368594886,0,Champions,5.0,Champions
14688,8,21,5579.1,2.1972245773362196,3.091042453358316,8.626961976361729,0,Champions,5.0,Champions
14088,11,13,50491.81,2.4849066497880004,2.6390573296152584,10.829586228889369,0,Champions,5.0,Champions
15615,11,23,10399.74,2.4849066497880004,3.1780538303479458,9.249632236444302,0,Champions,5.0,Champions
12839,3,14,5591.42,1.3862943611198906,2.70805020110221,8.629167388389371,0,Champions,5.0,Champions
17183,8,6,3347.31,2.1972245773362196,1.9459101490553132,8.116211019915529,0,Champions,5.0,Champions
17757,2,30,5593.39,1.0986122886681098,3.4339872044851463,8.629519588886271,0,Champions,5.0,Champions
18118,11,26,5625.08,2.4849066497880004,3.295836866004329,8.63516820864298,0,Champions,5.0,Champions
14825,4,12,2221.01,1.6094379124341003,2.5649493574615367,7.706167470639493,0,Champions,5.0,Champions
16818,11,11,3349.57,2.4849066497880004,2.4849066497880004,8.116885759599102,0,Champions,5.0,Champions
17049,3,9,5655.03,1.3862943611198906,2.302585092994046,8.64047751166418,0,Champions,5.0,Champions
17686,8,7,5739.46,2.1972245773362196,2.0794415416798357,8.655294625475447,0,Champions,5.0,Champions
13704,6,9,2308.06,1.9459101490553132,2.302585092994046,7.744595794291895,0,Champions,5.0,Champions
17954,6,12,2314.13,1.9459101490553132,2.5649493574615367,7.747221120451233,0,Champions,5.0,Champions
14560,8,22,2237.77,2.1972245773362196,3.1354942159291497,7.71368188689169,0,Champions,5.0,Champions
17243,2,26,8540.05,1.0986122886681098,3.295836866004329,9.052639230044456,0,Champions,5.0,Champions
13137,11,8,3603.29,2.4849066497880004,2.1972245773362196,8.189880081639725,0,Champions,5.0,Champions
15218,11,11,5756.89,2.4849066497880004,2.4849066497880004,8.658326367134135,0,Champions,5.0,Champions
16712,10,11,3611.31,2.3978952727983707,2.4849066497880004,8.192102735881804,0,Champions,5.0,Champions
13004,12,18,5655.91,2.5649493574615367,2.9444389791664403,8.640633085723934,0,Champions,5.0,Champions
17017,3,20,8694.26,1.3862943611198906,3.044522437723423,9.070533328583988,0,Champions,5.0,Champions
17744,4,6,2322.4,1.6094379124341003,1.9459101490553132,7.750786909079374,0,Champions,5.0,Champions
18272,3,6,3078.58,1.3862943611198906,1.9459101490553132,8.03254850303289,0,Champions,5.0,Champions
17528,2,8,3628.5,1.0986122886681098,2.1972245773362196,8.196850176724896,0,Champions,5.0,Champions
14209,11,6,2073.43,2.4849066497880004,1.9459101490553132,7.637441696132993,0,Champions,5.0,Champions
14415,2,13,5855.57,1.0986122886681098,2.6390573296152584,8.675319386969873,0,Champions,5.0,Champions
14309,9,9,2352.53,2.302585092994046,2.302585092994046,7.763671607732549,0,Champions,5.0,Champions
16011,9,16,3352.96,2.302585092994046,2.833213344056216,8.1178970162536,0,Champions,5.0,Champions
17238,3,17,3719.1,1.3862943611198906,2.8903717578961645,8.221505828626315,0,Champions,5.0,Champions
14895,8,20,11138.71,2.1972245773362196,3.044522437723423,9.31827148082645,0,Champions,5.0,Champions
16143,4,6,2424.94,1.6094379124341003,1.9459101490553132,7.793974357128903,0,Champions,5.0,Champions
16033,6,20,8778.82,1.9459101490553132,3.044522437723423,9.080211185280058,0,Champions,5.0,Champions
15251,10,11,10484.99,2.3978952727983707,2.4849066497880004,9.257795359479534,0,Champions,5.0,Champions
17706,5,17,10504.49,1.791759469228055,2.8903717578961645,9.259653256646303,0,Champions,5.0,Champions
17841,2,124,40519.84,1.0986122886681098,4.8283137373023015,10.6095716886512,0,Champions,5.0,Champions
16458,3,18,3482.74,1.3862943611198906,2.9444389791664403,8.155861708321998,0,Champions,5.0,Champions
14907,4,7,3501.1,1.6094379124341003,2.0794415416798357,8.161118067549472,0,Champions,5.0,Champions
13949,3,6,2427.32,1.3862943611198906,1.9459101490553132,7.794954939211736,0,Champions,5.0,Champions
16191,3,13,5180.52,1.3862943611198906,2.6390573296152584,8.552853728502956,0,Champions,5.0,Champions
12971,4,86,11189.91,1.6094379124341003,4.465908118654584,9.322857120608939,0,Champions,5.0,Champions
18044,5,10,2088.6,1.791759469228055,2.3978952727983707,7.644727939082112,0,Champions,5.0,Champions
13534,3,25,5870.08,1.3862943611198906,3.258096538021482,8.677793882270105,0,Champions,5.0,Champions
14696,5,7,2078.95,1.791759469228055,2.0794415416798357,7.640099133944896,0,Champions,5.0,Champions
13319,6,26,10845.55,1.9459101490553132,3.295836866004329,9.29160233605445,0,Champions,5.0,Champions
13090,9,14,8910.82,2.302585092994046,2.70805020110221,9.095133764476559,0,Champions,5.0,Champions
17490,1,7,2092.32,0.6931471805599453,2.0794415416798357,7.646506601347098,0,Champions,5.0,Champions
17173,6,8,3766.6,1.9459101490553132,2.1972245773362196,8.234193472948663,0,Champions,5.0,Champions
13536,2,7,3444.39,1.0986122886681098,2.0794415416798357,8.144792384587438,0,Champions,5.0,Champions
17861,4,8,2097.88,1.6094379124341003,2.1972245773362196,7.649159148105371,0,Champions,5.0,Champions
15755,11,6,2364.25,2.4849066497880004,1.9459101490553132,7.768639003584553,0,Champions,5.0,Champions
16353,4,23,6675.71,1.6094379124341003,3.1780538303479458,8.806380630235296,0,Champions,5.0,Champions
13126,5,8,2099.64,1.791759469228055,2.1972245773362196,7.6499973391858,0,Champions,5.0,Champions
16782,11,13,2267.95,2.4849066497880004,2.6390573296152584,7.727072448397774,0,Champions,5.0,Champions
17581,1,25,11025.24,0.6931471805599453,3.258096538021482,9.308033165645913,0,Champions,5.0,Champions
16525,3,26,13027.45,1.3862943611198906,3.295836866004329,9.474890706788237,0,Champions,5.0,Champions
18092,3,11,9068.26,1.3862943611198906,2.4849066497880004,9.11264595212913,0,Champions,5.0,Champions
16746,5,18,6680.11,1.791759469228055,2.9444389791664403,8.807039420391044,0,Champions,5.0,Champions
13576,11,18,6717.34,2.4849066497880004,2.9444389791664403,8.812596379192264,0,Champions,5.0,Champions
16779,3,22,10611.72,1.3862943611198906,3.1354942159291497,9.26980856067564,0,Champions,5.0,Champions
17937,9,7,4301.22,2.302585092994046,2.0794415416798357,8.366886447525236,0,Champions,5.0,Champions
13230,5,14,2755.63,1.791759469228055,2.70805020110221,7.921764198172896,0,Champions,5.0,Champions
18055,8,10,6761.34,2.1972245773362196,2.3978952727983707,8.819124262985744,0,Champions,5.0,Champions
17567,8,8,4331.48,2.1972245773362196,2.1972245773362196,8.373895405306746,0,Champions,5.0,Champions
15601,12,14,6776.56,2.5649493574615367,2.70805020110221,8.821372434155471,0,Champions,5.0,Champions
16360,5,6,3450.41,1.791759469228055,1.9459101490553132,8.146538122184259,0,Champions,5.0,Champions
18241,10,17,2073.09,2.3978952727983707,2.8903717578961645,7.637277782254905,0,Champions,5.0,Champions
16701,9,13,5398.3,2.302585092994046,2.6390573296152584,8.59402459452009,0,Champions,5.0,Champions
13694,4,50,65039.62,1.6094379124341003,3.9318256327243257,11.082767276771584,0,Champions,5.0,Champions
13870,3,8,2770.94,1.3862943611198906,2.1972245773362196,7.927302715053892,0,Champions,5.0,Champions
15023,4,11,6720.41,1.6094379124341003,2.4849066497880004,8.81305323293633,0,Champions,5.0,Champions
14503,4,6,3543.26,1.6094379124341003,1.9459101490553132,8.173084672465158,0,Champions,5.0,Champions
17576,9,19,3564.83,2.302585092994046,2.995732273553991,8.179152124824576,0,Champions,5.0,Champions
17434,3,7,2373.82,1.3862943611198906,2.0794415416798357,7.77267692412289,0,Champions,5.0,Champions
13014,11,10,3466.28,2.4849066497880004,2.3978952727983707,8.151125703889235,0,Champions,5.0,Champions
14667,11,25,9175.04,2.4849066497880004,3.258096538021482,9.124351017997613,0,Champions,5.0,Champions
15861,13,8,3146.92,2.6390573296152584,2.1972245773362196,8.054497196253768,0,Champions,5.0,Champions
13426,1,10,3641.32,0.6931471805599453,2.3978952727983707,8.200376120238847,0,Champions,5.0,Champions
13458,8,14,9646.57,2.1972245773362196,2.70805020110221,9.174461349151194,0,Champions,5.0,Champions
13756,3,14,5189.52,1.3862943611198906,2.70805020110221,8.55458916381921,0,Champions,5.0,Champions
14298,9,44,51527.3,2.302585092994046,3.8066624897703196,10.849886450287096,0,Champions,5.0,Champions
13953,8,7,3515.68,2.1972245773362196,2.0794415416798357,8.16527264169811,0,Champions,5.0,Champions
17530,2,10,2367.12,1.0986122886681098,2.3978952727983707,7.769851670395603,0,Champions,5.0,Champions
18065,6,14,2392.83,1.9459101490553132,2.70805020110221,7.780649872736044,0,Champions,5.0,Champions
12747,3,11,4196.01,1.3862943611198906,2.4849066497880004,8.342127645985029,0,Champions,5.0,Champions
14367,9,16,9227.82,2.302585092994046,2.833213344056216,9.13008647533716,0,Champions,5.0,Champions
16954,1,9,2085.08,0.6931471805599453,2.302585092994046,7.643041985736175,0,Champions,5.0,Champions
17858,6,12,5140.66,1.9459101490553132,2.5649493574615367,8.545131263508203,0,Champions,5.0,Champions
14062,10,12,10464.85,2.3978952727983707,2.5649493574615367,9.255872854706382,0,Champions,5.0,Champions
14534,3,18,4397.3,1.3862943611198906,2.9444389791664403,8.38897338161233,0,Champions,5.0,Champions
15061,4,48,54534.14,1.6094379124341003,3.8918202981106265,10.906600543518254,0,Champions,5.0,Champions
13269,2,15,5343.28,1.0986122886681098,2.772588722239781,8.583782109053482,0,Champions,5.0,Champions
17735,3,19,13110.02,1.3862943611198906,2.995732273553991,9.481208376934894,0,Champions,5.0,Champions
14395,3,9,3479.91,1.3862943611198906,2.302585092994046,8.15504903283773,0,Champions,5.0,Champions
13599,2,21,5149.92,1.0986122886681098,3.091042453358316,8.546930618480117,0,Champions,5.0,Champions
15498,3,27,13316.4,1.3862943611198906,3.332204510175204,9.496826729846124,0,Champions,5.0,Champions
15993,9,7,2777.67,2.302585092994046,2.0794415416798357,7.929727674940442,0,Champions,5.0,Champions
17491,2,10,3558.87,1.0986122886681098,2.3978952727983707,8.177479306325386,0,Champions,5.0,Champions
13468,2,37,5704.97,1.0986122886681098,3.6375861597263857,8.64926827413607,0,Champions,5.0,Champions
16626,1,17,4413.1,0.6931471805599453,2.8903717578961645,8.392559241748096,0,Champions,5.0,Champions
17306,11,19,8631.31,2.4849066497880004,2.995732273553991,9.063267419175418,0,Champions,5.0,Champions
13994,4,6,2274.14,1.6094379124341003,1.9459101490553132,7.729796867953175,0,Champions,5.0,Champions
14769,3,8,10416.98,1.3862943611198906,2.1972245773362196,9.251288438549023,0,Champions,5.0,Champions
13685,3,7,3119.44,1.3862943611198906,2.0794415416798357,8.045729296501372,0,Champions,5.0,Champions
16684,5,28,66653.56,1.791759469228055,3.367295829986474,11.107278740370788,0,Champions,5.0,Champions
17419,12,12,4226.57,2.5649493574615367,2.5649493574615367,8.349382638885205,0,Champions,5.0,Champions
17730,4,13,5298.48,1.6094379124341003,2.6390573296152584,8.575363981519251,0,Champions,5.0,Champions
16156,9,9,3092.04,2.302585092994046,2.302585092994046,8.03690970502951,0,Champions,5.0,Champions
13755,4,9,2108.06,1.6094379124341003,2.302585092994046,7.653997629576229,0,Champions,5.0,Champions
16678,3,12,3109.99,1.3862943611198906,2.5649493574615367,8.042696282491956,0,Champions,5.0,Champions
14110,4,12,5683.15,1.6094379124341003,2.5649493574615367,8.645436878735076,0,Champions,5.0,Champions
15903,10,7,5126.76,2.3978952727983707,2.0794415416798357,8.54242419563319,0,Champions,5.0,Champions
16904,5,16,3653.75,1.791759469228055,2.833213344056216,8.203782970391725,0,Champions,5.0,Champions
16326,6,14,3039.22,1.9459101490553132,2.70805020110221,8.019685160202853,0,Champions,5.0,Champions
14422,1,6,4263.64,0.6931471805599453,1.9459101490553132,8.358113048391361,0,Champions,5.0,Champions
16393,3,13,3040.96,1.3862943611198906,2.6390573296152584,8.020257323488867,0,Champions,5.0,Champions
16076,4,10,2234.73,1.6094379124341003,2.3978952727983707,7.712323075642278,0,Champions,5.0,Champions
14132,3,11,3586.03,1.3862943611198906,2.4849066497880004,8.185079841032296,0,Champions,5.0,Champions
16523,2,21,9418.47,1.0986122886681098,3.091042453358316,9.150534102717932,0,Champions,5.0,Champions
15373,9,12,2415.91,2.302585092994046,2.5649493574615367,7.79024514376692,0,Champions,5.0,Champions
14432,10,6,2248.5,2.3978952727983707,1.9459101490553132,7.7184632482812265,0,Champions,5.0,Champions
15804,1,13,4206.39,0.6931471805599453,2.6390573296152584,8.344597781932357,0,Champions,5.0,Champions
16242,9,7,3579.86,2.302585092994046,2.0794415416798357,8.183358274009397,0,Champions,5.0,Champions
14258,10,9,12669.98,2.3978952727983707,2.302585092994046,9.447069618390275,0,Champions,5.0,Champions
16705,1,20,14034.99,0.6931471805599453,3.044522437723423,9.549380024249162,0,Champions,5.0,Champions
14282,4,15,3701.44,1.6094379124341003,2.772588722239781,8.216747340743936,0,Champions,5.0,Champions
13969,8,18,9024.17,2.1972245773362196,2.9444389791664403,9.107772619588772,0,Champions,5.0,Champions
15544,10,9,3546.71,2.3978952727983707,2.302585092994046,8.174057603899483,0,Champions,5.0,Champions
14085,3,18,4421.29,1.3862943611198906,2.9444389791664403,8.394412940452025,0,Champions,5.0,Champions
15144,9,17,6580.44,2.302585092994046,2.8903717578961645,8.792008845361094,0,Champions,5.0,Champions
17511,3,31,91062.38,1.3862943611198906,3.4657359027997265,11.419311026583387,0,Champions,5.0,Champions
13782,13,6,908.86,2.6390573296152584,1.9459101490553132,6.8132907415215165,2,Loyal Customers,4.67,Champions
14289,9,6,911.26,2.302585092994046,1.9459101490553132,6.815925037163848,2,Loyal Customers,4.67,Champions
17236,13,6,916.13,2.6390573296152584,1.9459101490553132,6.821249228838842,2,Loyal Customers,4.67,Champions
13509,9,7,979.72,2.302585092994046,2.0794415416798357,6.888286995786739,0,Champions,4.67,Champions
14083,5,9,1002.9,1.791759469228055,2.302585092994046,6.911647693697481,0,Champions,4.67,Champions
12828,3,6,1018.71,1.3862943611198906,1.9459101490553132,6.927273552128017,0,Champions,4.67,Champions
14419,11,6,1051.79,2.4849066497880004,1.9459101490553132,6.959199062045698,2,Loyal Customers,4.67,Champions
12951,9,6,1064.07,2.302585092994046,1.9459101490553132,6.970795803683085,0,Champions,4.67,Champions
13610,13,7,1082.33,2.6390573296152584,2.0794415416798357,6.987794909727863,2,Loyal Customers,4.67,Champions
13104,4,6,1098.48,1.6094379124341003,1.9459101490553132,7.0025926197429715,0,Champions,4.67,Champions
14723,11,6,1122.36,2.4849066497880004,1.9459101490553132,7.024079473268938,2,Loyal Customers,4.67,Champions
15910,1,8,1228.88,0.6931471805599453,2.1972245773362196,7.114671882631472,0,Champions,4.67,Champions
17412,3,7,1258.06,1.3862943611198906,2.0794415416798357,7.138120689779327,0,Champions,4.67,Champions
16899,8,6,1271.06,2.1972245773362196,1.9459101490553132,7.148392912598927,0,Champions,4.67,Champions
16949,4,6,1286.27,1.6094379124341003,1.9459101490553132,7.160278975803028,0,Champions,4.67,Champions
16744,12,7,1291.91,2.5649493574615367,2.0794415416798357,7.164650770780832,0,Champions,4.67,Champions
16929,4,7,1295.39,1.6094379124341003,2.0794415416798357,7.167338757569021,0,Champions,4.67,Champions
15602,9,9,1297.87,2.302585092994046,2.302585092994046,7.16924993468027,0,Champions,4.67,Champions
14794,3,7,1319.91,1.3862943611198906,2.0794415416798357,7.186076171996967,0,Champions,4.67,Champions
12919,9,6,1335.19,2.302585092994046,1.9459101490553132,7.197577559553778,0,Champions,4.67,Champions
13743,3,7,1341.6,1.3862943611198906,2.0794415416798357,7.2023633115046515,0,Champions,4.67,Champions
17676,5,6,1371.18,1.791759469228055,1.9459101490553132,7.224155995015752,0,Champions,4.67,Champions
15453,2,7,1371.77,1.0986122886681098,2.0794415416798357,7.224585875348061,0,Champions,4.67,Champions
14741,12,6,1400.34,2.5649493574615367,1.9459101490553132,7.245184200691345,2,Loyal Customers,4.67,Champions
17288,10,7,1417.63,2.3978952727983707,2.0794415416798357,7.257446896154699,0,Champions,4.67,Champions
14901,12,9,1421.29,2.5649493574615367,2.302585092994046,7.260023527685966,0,Champions,4.67,Champions
16103,8,6,1429.64,2.1972245773362196,1.9459101490553132,7.265877175579781,0,Champions,4.67,Champions
15987,13,7,1432.77,2.6390573296152584,2.0794415416798357,7.268062617779592,0,Champions,4.67,Champions
14071,4,8,1437.57,1.6094379124341003,2.1972245773362196,7.271404843608142,0,Champions,4.67,Champions
16016,4,8,1465.51,1.6094379124341003,2.1972245773362196,7.290640707350956,0,Champions,4.67,Champions
12826,3,7,1474.72,1.3862943611198906,2.0794415416798357,7.296901285267718,0,Champions,4.67,Champions
16813,9,10,1652.18,2.302585092994046,2.3978952727983707,7.410455984814581,0,Champions,4.67,Champions
16115,10,8,1660.88,2.3978952727983707,2.1972245773362196,7.415704770642627,0,Champions,4.67,Champions
15214,2,8,1661.44,1.0986122886681098,2.1972245773362196,7.416041681653177,0,Champions,4.67,Champions
16775,11,11,1691.51,2.4849066497880004,2.4849066497880004,7.433967913188473,0,Champions,4.67,Champions
17750,6,9,1710.45,1.9459101490553132,2.302585092994046,7.445096243403855,0,Champions,4.67,Champions
17451,2,7,1721.4,1.0986122886681098,2.0794415416798357,7.451473946050153,0,Champions,4.67,Champions
16359,8,9,1750.92,2.1972245773362196,2.302585092994046,7.468467608353334,0,Champions,4.67,Champions
14215,12,6,1789.72,2.5649493574615367,1.9459101490553132,7.490373052597007,0,Champions,4.67,Champions
18122,9,6,1793.06,2.302585092994046,1.9459101490553132,7.492236486875529,0,Champions,4.67,Champions
18179,10,6,1793.17,2.3978952727983707,1.9459101490553132,7.4922977984414185,0,Champions,4.67,Champions
16474,8,7,1810.65,2.1972245773362196,2.0794415416798357,7.5019933112128685,0,Champions,4.67,Champions
17629,6,8,1814.12,1.9459101490553132,2.1972245773362196,7.503906860215884,0,Champions,4.67,Champions
17705,4,9,1823.52,1.6094379124341003,2.302585092994046,7.5090722177237925,0,Champions,4.67,Champions
13924,2,6,1838.85,1.0986122886681098,1.9459101490553132,7.517439325540823,0,Champions,4.67,Champions
18180,5,6,1843.75,1.791759469228055,1.9459101490553132,7.520099045938476,0,Champions,4.67,Champions
16979,4,6,1852.0,1.6094379124341003,1.9459101490553132,7.52456122628536,0,Champions,4.67,Champions
17293,9,9,1854.06,2.302585092994046,2.302585092994046,7.525672319531924,0,Champions,4.67,Champions
12963,9,8,1856.63,2.302585092994046,2.1972245773362196,7.527056760684021,0,Champions,4.67,Champions
16426,3,10,1863.76,1.3862943611198906,2.3978952727983707,7.530887637470042,0,Champions,4.67,Champions
17870,3,12,1865.89,1.3862943611198906,2.5649493574615367,7.532029223755638,0,Champions,4.67,Champions
15021,9,9,1871.77,2.302585092994046,2.302585092994046,7.535173897253012,0,Champions,4.67,Champions
13890,2,10,1883.81,1.0986122886681098,2.3978952727983707,7.541582299045909,0,Champions,4.67,Champions
14730,2,8,1897.57,1.0986122886681098,2.1972245773362196,7.548856250206247,0,Champions,4.67,Champions
16942,13,9,1904.99,2.6390573296152584,2.302585092994046,7.5527568376106675,0,Champions,4.67,Champions
16983,13,7,1905.87,2.6390573296152584,2.0794415416798357,7.5532184333763785,0,Champions,4.67,Champions
14653,2,7,1926.65,1.0986122886681098,2.0794415416798357,7.56405692342126,0,Champions,4.67,Champions
13975,32,6,2461.24,3.4965075614664802,1.9459101490553132,7.808826783715541,2,Loyal Customers,4.67,Champions
17131,6,5,2463.17,1.9459101490553132,1.791759469228055,7.8096103157799615,0,Champions,4.67,Champions
17164,33,7,2467.35,3.5263605246161616,2.0794415416798357,7.811305190205457,2,Loyal Customers,4.67,Champions
16710,20,10,2467.99,3.044522437723423,2.3978952727983707,7.811564439114215,0,Champions,4.67,Champions
13588,16,9,2478.95,2.833213344056216,2.302585092994046,7.815993677665464,0,Champions,4.67,Champions
13507,4,4,2479.16,1.6094379124341003,1.6094379124341003,7.816078353206984,0,Champions,4.67,Champions
12913,5,5,2483.63,1.791759469228055,1.791759469228055,7.817879034084852,0,Champions,4.67,Champions
13471,2,4,2501.84,1.0986122886681098,1.6094379124341003,7.825181366096544,0,Champions,4.67,Champions
13695,32,15,2504.13,3.4965075614664802,2.772588722239781,7.826095908379989,0,Champions,4.67,Champions
17314,25,8,2527.92,3.258096538021482,2.1972245773362196,7.835547613113086,0,Champions,4.67,Champions
14676,32,6,2548.24,3.4965075614664802,1.9459101490553132,7.843550554514271,2,Loyal Customers,4.67,Champions
14334,17,8,2552.21,2.8903717578961645,2.1972245773362196,7.845106670027843,0,Champions,4.67,Champions
16912,29,11,2555.58,3.4011973816621555,2.4849066497880004,7.846425706813547,0,Champions,4.67,Champions
14546,6,5,2573.93,1.9459101490553132,1.791759469228055,7.853577628262313,0,Champions,4.67,Champions
13804,31,7,2588.39,3.4657359027997265,2.0794415416798357,7.85917760571858,2,Loyal Customers,4.67,Champions
13983,30,12,2603.43,3.4339872044851463,2.5649493574615367,7.864969120264265,0,Champions,4.67,Champions
18075,24,10,2611.75,3.2188758248682006,2.3978952727983707,7.868158585474613,0,Champions,4.67,Champions
16255,17,8,2619.91,2.8903717578961645,2.1972245773362196,7.871276864694926,0,Champions,4.67,Champions
13658,10,5,2639.17,2.3978952727983707,1.791759469228055,7.878598588006555,0,Champions,4.67,Champions
15671,19,7,2657.13,2.995732273553991,2.0794415416798357,7.885378147031288,0,Champions,4.67,Champions
13883,11,5,2674.48,2.4849066497880004,1.791759469228055,7.891884082485146,0,Champions,4.67,Champions
17069,29,9,2709.7,3.4011973816621555,2.302585092994046,7.904962183102404,0,Champions,4.67,Champions
16655,18,6,3789.52,2.9444389791664403,1.9459101490553132,8.240258491831206,0,Champions,4.67,Champions
16327,15,6,3820.27,2.772588722239781,1.9459101490553132,8.248338107080782,0,Champions,4.67,Champions
16717,24,6,3843.08,3.2188758248682006,1.9459101490553132,8.25428958152815,2,Loyal Customers,4.67,Champions
17593,4,5,3923.86,1.6094379124341003,1.791759469228055,8.275085960790554,0,Champions,4.67,Champions
15529,23,11,3962.6,3.1780538303479458,2.4849066497880004,8.284907982184745,0,Champions,4.67,Champions
16186,23,12,4006.94,3.1780538303479458,2.5649493574615367,8.296032672592768,0,Champions,4.67,Champions
12867,27,7,4009.34,3.332204510175204,2.0794415416798357,8.296631304736238,0,Champions,4.67,Champions
17377,24,20,4058.32,3.2188758248682006,3.044522437723423,8.30877075088342,0,Champions,4.67,Champions
12749,4,5,4090.88,1.6094379124341003,1.791759469228055,8.316759801128319,0,Champions,4.67,Champions
16670,17,11,4095.9,2.8903717578961645,2.4849066497880004,8.317985869145499,0,Champions,4.67,Champions
13988,20,6,4147.96,3.044522437723423,1.9459101490553132,8.330612979409075,0,Champions,4.67,Champions
14057,24,17,6211.66,3.2188758248682006,2.8903717578961645,8.734344424600405,0,Champions,4.67,Champions
15005,16,28,6295.37,2.833213344056216,3.367295829986474,8.74772855584191,0,Champions,4.67,Champions
13871,23,13,6403.25,3.1780538303479458,2.6390573296152584,8.764717111455825,0,Champions,4.67,Champions
16814,15,21,6416.7,2.772588722239781,3.091042453358316,8.766815077043479,0,Champions,4.67,Champions
15125,26,15,11528.48,3.295836866004329,2.772588722239781,9.35266251250627,0,Champions,4.67,Champions
17340,30,11,12353.29,3.4339872044851463,2.4849066497880004,9.421758650158734,0,Champions,4.67,Champions
16187,32,15,6911.44,3.4965075614664802,2.772588722239781,8.841077965865253,0,Champions,4.67,Champions
17790,27,14,1964.3,3.332204510175204,2.70805020110221,7.58340018440594,0,Champions,4.67,Champions
14121,4,4,2780.15,1.6094379124341003,1.6094379124341003,7.930619790211972,0,Champions,4.67,Champions
17422,17,6,1979.37,2.8903717578961645,1.9459101490553132,7.591038974917671,2,Loyal Customers,4.67,Champions
14426,24,10,4481.67,3.2188758248682006,2.3978952727983707,8.407974130025062,0,Champions,4.67,Champions
17975,16,13,4483.26,2.833213344056216,2.6390573296152584,8.408328766453955,0,Champions,4.67,Champions
14607,16,14,16209.5,2.833213344056216,2.70805020110221,9.69341445941133,0,Champions,4.67,Champions
17596,24,7,2806.69,3.2188758248682006,2.0794415416798357,7.9401173601909,0,Champions,4.67,Champions
17827,6,5,1987.33,1.9459101490553132,1.791759469228055,7.595050369416567,0,Champions,4.67,Champions
17613,23,14,4544.55,3.1780538303479458,2.70805020110221,8.421904011391415,0,Champions,4.67,Champions
16871,23,6,2812.34,3.1780538303479458,1.9459101490553132,7.942127668587332,2,Loyal Customers,4.67,Champions
15093,19,6,4597.02,2.995732273553991,1.9459101490553132,8.433381055030935,0,Champions,4.67,Champions
13018,17,28,7277.7,2.8903717578961645,3.367295829986474,8.892707553816384,0,Champions,4.67,Champions
15465,20,18,7354.62,3.044522437723423,2.9444389791664403,8.903219925879805,0,Champions,4.67,Champions
18145,13,4,2861.55,2.6390573296152584,1.6094379124341003,7.959468114958852,2,Loyal Customers,4.67,Champions
14530,26,6,2862.11,3.295836866004329,1.9459101490553132,7.959663725596504,2,Loyal Customers,4.67,Champions
14159,20,11,4630.35,3.044522437723423,2.4849066497880004,8.44060368125393,0,Champions,4.67,Champions
15291,26,15,4668.3,3.295836866004329,2.772588722239781,8.448764446494256,0,Champions,4.67,Champions
14005,10,5,2874.72,2.3978952727983707,1.791759469228055,7.964058356660503,0,Champions,4.67,Champions
17690,31,15,4726.8,3.4657359027997265,2.772588722239781,8.461215257006781,0,Champions,4.67,Champions
16722,18,13,4730.81,2.9444389791664403,2.6390573296152584,8.46206307213662,0,Champions,4.67,Champions
18172,15,20,7561.68,2.772588722239781,3.044522437723423,8.930980903708734,0,Champions,4.67,Champions
14251,2,5,2879.7,1.0986122886681098,1.791759469228055,7.965788599152331,0,Champions,4.67,Champions
16633,18,6,2883.1,2.9444389791664403,1.9459101490553132,7.966968171867508,0,Champions,4.67,Champions
15044,20,17,7634.73,3.044522437723423,2.8903717578961645,8.94059382539389,0,Champions,4.67,Champions
13629,24,11,7792.36,3.2188758248682006,2.4849066497880004,8.961027368080067,0,Champions,4.67,Champions
14112,23,7,2915.15,3.1780538303479458,2.0794415416798357,7.978019532134758,0,Champions,4.67,Champions
12906,12,5,2919.81,2.5649493574615367,1.791759469228055,7.979616254055095,0,Champions,4.67,Champions
14704,12,9,1493.96,2.5649493574615367,2.302585092994046,7.309854729614,0,Champions,4.67,Champions
16358,2,4,2027.5,1.0986122886681098,1.6094379124341003,7.615051882646502,0,Champions,4.67,Champions
14849,22,25,7930.54,3.1354942159291497,3.258096538021482,8.978602495018041,0,Champions,4.67,Champions
15738,19,16,4812.42,2.995732273553991,2.833213344056216,8.479163129156776,0,Champions,4.67,Champions
17512,29,10,2924.99,3.4011973816621555,2.3978952727983707,7.981388163939233,0,Champions,4.67,Champions
17652,26,12,4867.72,3.295836866004329,2.5649493574615367,8.490586347854247,0,Champions,4.67,Champions
17133,16,7,4892.24,2.833213344056216,2.0794415416798357,8.495609939749011,0,Champions,4.67,Champions
14680,26,16,28754.11,3.295836866004329,2.833213344056216,10.266570769562204,0,Champions,4.67,Champions
14709,16,13,4921.04,2.833213344056216,2.6390573296152584,8.501478357695712,0,Champions,4.67,Champions
14329,18,7,4975.24,2.9444389791664403,2.0794415416798357,8.512429864767167,0,Champions,4.67,Champions
13495,8,5,2044.87,2.1972245773362196,1.791759469228055,7.623578405880983,0,Champions,4.67,Champions
16422,18,51,34684.4,2.9444389791664403,3.9512437185814275,10.454074128115597,0,Champions,4.67,Champions
16910,5,8,1508.96,1.791759469228055,2.1972245773362196,7.3198384393918765,0,Champions,4.67,Champions
17086,8,6,2050.08,2.1972245773362196,1.9459101490553132,7.626121762674929,0,Champions,4.67,Champions
14188,31,6,2054.36,3.4657359027997265,1.9459101490553132,7.628206294069428,2,Loyal Customers,4.67,Champions
17659,18,12,2999.46,2.9444389791664403,2.5649493574615367,8.006520889229225,0,Champions,4.67,Champions
18139,18,6,8438.34,2.9444389791664403,1.9459101490553132,9.040659385480165,0,Champions,4.67,Champions
17799,23,10,3039.17,3.1780538303479458,2.3978952727983707,8.019668713889375,0,Champions,4.67,Champions
13139,17,7,5064.94,2.8903717578961645,2.0794415416798357,8.530294986827844,0,Champions,4.67,Champions
17220,25,14,3187.55,3.258096538021482,2.70805020110221,8.067321546987245,0,Champions,4.67,Champions
17809,17,12,5411.91,2.8903717578961645,2.5649493574615367,8.596542120019182,0,Champions,4.67,Champions
18061,22,10,2119.41,3.1354942159291497,2.3978952727983707,7.659364745193834,0,Champions,4.67,Champions
16107,18,7,3204.16,2.9444389791664403,2.0794415416798357,8.072517290105589,0,Champions,4.67,Champions
16379,5,4,2157.4,1.791759469228055,1.6094379124341003,7.677122485453491,0,Champions,4.67,Champions
16985,18,10,5464.12,2.9444389791664403,2.3978952727983707,8.606141358283566,0,Champions,4.67,Champions
13880,22,13,3219.77,3.1354942159291497,2.6390573296152584,8.077375740386112,0,Champions,4.67,Champions
15805,24,17,5488.18,3.2188758248682006,2.8903717578961645,8.61053416087066,0,Champions,4.67,Champions
16609,16,7,5493.46,2.833213344056216,2.0794415416798357,8.611495590853199,0,Champions,4.67,Champions
13047,32,10,3237.54,3.4965075614664802,2.3978952727983707,8.082877889943946,0,Champions,4.67,Champions
16767,31,11,5575.56,3.4657359027997265,2.4849066497880004,8.626327377813633,0,Champions,4.67,Champions
15394,10,4,2183.54,2.3978952727983707,1.6094379124341003,7.6891605590501255,2,Loyal Customers,4.67,Champions
15632,16,8,3285.31,2.833213344056216,2.1972245773362196,8.097520633770152,0,Champions,4.67,Champions
15502,16,12,10384.93,2.833213344056216,2.5649493574615367,9.248207284539456,0,Champions,4.67,Champions
13831,17,6,2198.45,2.8903717578961645,1.9459101490553132,7.695962608091198,2,Loyal Customers,4.67,Champions
16607,18,14,3347.71,2.9444389791664403,2.70805020110221,8.116330476031974,0,Champions,4.67,Champions
13862,19,8,2209.36,2.995732273553991,2.1972245773362196,7.700910677173299,0,Champions,4.67,Champions
16743,30,7,2213.13,3.4339872044851463,2.0794415416798357,7.702614828798631,2,Loyal Customers,4.67,Champions
15811,23,6,2218.62,3.1780538303479458,1.9459101490553132,7.705091289043697,2,Loyal Customers,4.67,Champions
16794,2,10,1196.5,1.0986122886681098,2.3978952727983707,7.08799132928507,0,Champions,4.67,Champions
15365,26,7,2314.32,3.295836866004329,2.0794415416798357,7.74730318590928,2,Loyal Customers,4.67,Champions
12910,24,8,3075.04,3.2188758248682006,2.1972245773362196,8.031398334442155,0,Champions,4.67,Champions
14290,12,5,2314.65,2.5649493574615367,1.791759469228055,7.747445704647496,0,Champions,4.67,Champions
17211,27,8,2317.22,3.332204510175204,2.1972245773362196,7.748554928800743,2,Loyal Customers,4.67,Champions
17716,23,11,5655.99,3.1780538303479458,2.4849066497880004,8.640647227620185,0,Champions,4.67,Champions
15024,10,10,1636.43,2.3978952727983707,2.3978952727983707,7.400883218504078,0,Champions,4.67,Champions
13050,15,17,5836.86,2.772588722239781,2.8903717578961645,8.672119570311168,0,Champions,4.67,Champions
13381,32,6,3639.31,3.4965075614664802,1.9459101490553132,8.199824121839633,2,Loyal Customers,4.67,Champions
17725,17,11,3439.08,2.8903717578961645,2.4849066497880004,8.143250005910986,0,Champions,4.67,Champions
13012,10,8,1646.84,2.3978952727983707,2.1972245773362196,7.407220618377491,0,Champions,4.67,Champions
14227,27,10,3350.96,3.332204510175204,2.3978952727983707,8.117300528356548,0,Champions,4.67,Champions
14505,18,8,5859.43,2.9444389791664403,2.1972245773362196,8.675978258718553,0,Champions,4.67,Champions
14515,18,6,2076.89,2.9444389791664403,1.9459101490553132,7.63910823474312,2,Loyal Customers,4.67,Champions
16440,8,5,3640.67,2.1972245773362196,1.791759469228055,8.20019764662707,0,Champions,4.67,Champions
13680,2,4,3719.12,1.0986122886681098,1.6094379124341003,8.221511204811428,0,Champions,4.67,Champions
16570,16,10,3738.4,2.833213344056216,2.3978952727983707,8.226680449731173,0,Champions,4.67,Champions
16218,30,7,3084.68,3.4339872044851463,2.0794415416798357,8.034527333444103,2,Loyal Customers,4.67,Champions
17673,2,6,1594.97,1.0986122886681098,1.9459101490553132,7.375236980840607,0,Champions,4.67,Champions
15527,19,8,2428.53,2.995732273553991,2.1972245773362196,7.7954531019895175,0,Champions,4.67,Champions
17071,29,9,2429.03,3.4011973816621555,2.302585092994046,7.795658881937399,0,Champions,4.67,Champions
13571,13,12,2088.94,2.6390573296152584,2.5649493574615367,7.644890636412799,0,Champions,4.67,Champions
14030,19,8,2358.84,2.995732273553991,2.1972245773362196,7.766349099111192,0,Champions,4.67,Champions
13297,8,4,2089.85,2.1972245773362196,1.6094379124341003,7.645325960844005,2,Loyal Customers,4.67,Champions
14502,20,11,2429.83,3.044522437723423,2.4849066497880004,7.795988041800972,0,Champions,4.67,Champions
14440,9,5,2357.68,2.302585092994046,1.791759469228055,7.765857419506838,0,Champions,4.67,Champions
13362,10,4,3090.74,2.3978952727983707,1.6094379124341003,8.036489318202769,0,Champions,4.67,Champions
16656,23,15,8625.8,3.1780538303479458,2.772588722239781,9.062628915777825,0,Champions,4.67,Champions
15482,16,12,10879.76,2.833213344056216,2.5649493574615367,9.294751370911507,0,Champions,4.67,Champions
14466,30,7,2272.4,3.4339872044851463,2.0794415416798357,7.72903178725261,2,Loyal Customers,4.67,Champions
15249,32,13,6688.46,3.4965075614664802,2.6390573296152584,8.808288432375653,0,Champions,4.67,Champions
12877,4,12,1535.77,1.6094379124341003,2.5649493574615367,7.337438090181038,0,Champions,4.67,Champions
17865,31,20,10526.32,3.4657359027997265,3.044522437723423,9.261729061813442,0,Champions,4.67,Champions
14525,20,9,4215.9,3.044522437723423,2.302585092994046,8.346855539924958,0,Champions,4.67,Champions
16713,19,15,6910.78,2.995732273553991,2.772588722239781,8.840982481273644,0,Champions,4.67,Champions
15955,25,14,4416.26,3.258096538021482,2.70805020110221,8.393274873346142,0,Champions,4.67,Champions
13246,19,6,1961.52,2.995732273553991,1.9459101490553132,7.581984640687438,2,Loyal Customers,4.67,Champions
17338,18,8,6493.54,2.9444389791664403,2.1972245773362196,8.778717102886036,0,Champions,4.67,Champions
17231,13,10,3124.72,2.6390573296152584,2.3978952727983707,8.047419935632497,0,Champions,4.67,Champions
13448,17,6,3534.69,2.8903717578961645,1.9459101490553132,8.170663750231064,0,Champions,4.67,Champions
17139,16,12,10650.77,2.833213344056216,2.5649493574615367,9.273481354511448,0,Champions,4.67,Champions
15382,15,6,5955.71,2.772588722239781,1.9459101490553132,8.692273594221074,0,Champions,4.67,Champions
13178,27,11,5725.47,3.332204510175204,2.4849066497880004,8.652854564021988,0,Champions,4.67,Champions
13148,30,12,3683.26,3.4339872044851463,2.5649493574615367,8.211824970346322,0,Champions,4.67,Champions
13115,12,4,2294.78,2.5649493574615367,1.6094379124341003,7.7388279340332105,2,Loyal Customers,4.67,Champions
13488,18,13,8968.31,2.9444389791664403,2.6390573296152584,9.101564029017187,0,Champions,4.67,Champions
13437,15,7,3408.06,2.772588722239781,2.0794415416798357,8.134191872452362,0,Champions,4.67,Champions
17685,17,7,3155.83,2.8903717578961645,2.0794415416798357,8.057323638517671,0,Champions,4.67,Champions
13971,19,8,2758.26,2.995732273553991,2.1972245773362196,7.922717806819661,0,Champions,4.67,Champions
15270,16,7,2379.49,2.833213344056216,2.0794415416798357,7.775061627827598,0,Champions,4.67,Champions
14733,17,12,9585.91,2.8903717578961645,2.5649493574615367,9.168153905320404,0,Champions,4.67,Champions
15114,31,10,2760.56,3.4657359027997265,2.3978952727983707,7.923551016427315,0,Champions,4.67,Champions
14099,17,11,3104.17,2.8903717578961645,2.4849066497880004,8.040823743271407,0,Champions,4.67,Champions
15034,16,8,4274.16,2.833213344056216,2.1972245773362196,8.360576807571077,0,Champions,4.67,Champions
14493,8,5,2383.24,2.1972245773362196,1.791759469228055,7.7766356942591806,0,Champions,4.67,Champions
17554,2,5,1952.45,1.0986122886681098,1.791759469228055,7.577352319081822,0,Champions,4.67,Champions
15845,18,8,3711.77,2.9444389791664403,2.1972245773362196,8.219533507739182,0,Champions,4.67,Champions
15484,2,4,3590.41,1.0986122886681098,1.6094379124341003,8.186300162033392,0,Champions,4.67,Champions
14543,29,16,3599.73,3.4011973816621555,2.833213344056216,8.188891881665345,0,Champions,4.67,Champions
15105,19,7,2298.93,2.995732273553991,2.0794415416798357,7.740633966671485,0,Champions,4.67,Champions
14146,9,5,4191.0,2.302585092994046,1.791759469228055,8.340933226000878,0,Champions,4.67,Champions
16987,4,7,1616.8,1.6094379124341003,2.0794415416798357,7.388822480583852,0,Champions,4.67,Champions
15981,25,8,3408.48,3.258096538021482,2.1972245773362196,8.134315065980752,0,Champions,4.67,Champions
14640,25,6,2107.38,3.258096538021482,1.9459101490553132,7.653675159070001,2,Loyal Customers,4.67,Champions
17160,32,6,3518.03,3.4965075614664802,1.9459101490553132,8.165940662434437,2,Loyal Customers,4.67,Champions
15351,13,7,1934.66,2.6390573296152584,2.0794415416798357,7.568203632578843,0,Champions,4.67,Champions
12948,17,7,2064.95,2.8903717578961645,2.0794415416798357,7.63334544803145,0,Champions,4.67,Champions
14944,30,12,5900.25,3.4339872044851463,2.5649493574615367,8.682919471860496,0,Champions,4.67,Champions
15356,32,10,2718.03,3.4965075614664802,2.3978952727983707,7.908030478039789,0,Champions,4.67,Champions
15089,11,6,2420.84,2.4849066497880004,1.9459101490553132,7.7922828608243835,0,Champions,4.67,Champions
17218,5,10,1951.97,1.791759469228055,2.3978952727983707,7.577106569775595,0,Champions,4.67,Champions
15611,10,13,1591.45,2.3978952727983707,2.6390573296152584,7.373028989779162,0,Champions,4.67,Champions
13268,18,11,3174.75,2.9444389791664403,2.4849066497880004,8.06329910390357,0,Champions,4.67,Champions
15971,18,12,4199.85,2.9444389791664403,2.5649493574615367,8.343042164747578,0,Champions,4.67,Champions
13742,17,12,3107.87,2.8903717578961645,2.5649493574615367,8.04201459509639,0,Champions,4.67,Champions
16057,17,7,2263.12,2.8903717578961645,2.0794415416798357,7.724941441452005,0,Champions,4.67,Champions
14554,11,4,2279.49,2.4849066497880004,1.6094379124341003,7.7321456111388525,2,Loyal Customers,4.67,Champions
13384,31,7,4151.93,3.4657359027997265,2.0794415416798357,8.331569388203366,0,Champions,4.67,Champions
15150,18,10,5291.33,2.9444389791664403,2.3978952727983707,8.574013881567295,0,Champions,4.67,Champions
16407,13,10,2079.68,2.6390573296152584,2.3978952727983707,7.640450042344582,0,Champions,4.67,Champions
12931,22,15,42055.96,3.1354942159291497,2.772588722239781,10.646780168946005,0,Champions,4.67,Champions
13198,11,6,3401.24,2.4849066497880004,1.9459101490553132,8.132189317204716,0,Champions,4.67,Champions
13209,31,8,5891.61,3.4657359027997265,2.1972245773362196,8.681454302434092,0,Champions,4.67,Champions
16293,22,10,2248.99,3.1354942159291497,2.3978952727983707,7.718681050744145,0,Champions,4.67,Champions
16945,22,19,4345.5,3.1354942159291497,2.995732273553991,8.377126202519118,0,Champions,4.67,Champions
12949,31,8,4167.22,3.4657359027997265,2.1972245773362196,8.335244365149629,0,Champions,4.67,Champions
14178,9,7,1600.26,2.302585092994046,2.0794415416798357,7.378546098312443,0,Champions,4.67,Champions
17416,30,7,6893.42,3.4339872044851463,2.0794415416798357,8.838467667762448,0,Champions,4.67,Champions
15727,17,7,5159.06,2.8903717578961645,2.0794415416798357,8.548703486314981,0,Champions,4.67,Champions
16817,3,9,1604.75,1.3862943611198906,2.302585092994046,7.381346216137902,0,Champions,4.67,Champions
16790,4,6,1545.62,1.6094379124341003,1.9459101490553132,7.343827183683202,0,Champions,4.67,Champions
17191,29,7,2093.68,3.4011973816621555,2.0794415416798357,7.647156076059518,2,Loyal Customers,4.67,Champions
15058,26,11,2102.54,3.295836866004329,2.4849066497880004,7.651376918775613,0,Champions,4.67,Champions
17758,20,8,3408.2,3.044522437723423,2.1972245773362196,8.134232938648143,0,Champions,4.67,Champions
13700,27,10,2248.63,3.332204510175204,2.3978952727983707,7.718521037231551,0,Champions,4.67,Champions
16938,9,4,2711.68,2.302585092994046,1.6094379124341003,7.905692355094029,0,Champions,4.67,Champions
16837,32,11,3170.98,3.4965075614664802,2.4849066497880004,8.062111277564622,0,Champions,4.67,Champions
17114,6,8,801.12,1.9459101490553132,2.1972245773362196,6.687258222608833,0,Champions,4.33,Loyal Customers
16600,5,6,813.52,1.791759469228055,1.9459101490553132,6.702598982682314,0,Champions,4.33,Loyal Customers
13991,13,6,852.88,2.6390573296152584,1.9459101490553132,6.749790668692898,2,Loyal Customers,4.33,Loyal Customers
16361,10,4,891.21,2.3978952727983707,1.6094379124341003,6.793701530880624,3,At Risk,4.33,Loyal Customers
15511,12,5,900.53,2.5649493574615367,1.791759469228055,6.804093319959892,2,Loyal Customers,4.33,Loyal Customers
17323,16,7,906.52,2.833213344056216,2.0794415416798357,6.810715604463653,2,Loyal Customers,4.33,Loyal Customers
14141,3,4,915.13,1.3862943611198906,1.6094379124341003,6.820158276001622,3,At Risk,4.33,Loyal Customers
13549,26,7,918.2,3.295836866004329,2.0794415416798357,6.823503726534546,2,Loyal Customers,4.33,Loyal Customers
17227,19,6,939.32,2.995732273553991,1.9459101490553132,6.84622024286434,2,Loyal Customers,4.33,Loyal Customers
12820,4,4,942.34,1.6094379124341003,1.6094379124341003,6.849426769082011,3,At Risk,4.33,Loyal Customers
13138,23,6,962.39,3.1780538303479458,1.9459101490553132,6.870458314237744,2,Loyal Customers,4.33,Loyal Customers
13026,2,5,975.36,1.0986122886681098,1.791759469228055,6.883831370862763,0,Champions,4.33,Loyal Customers
13117,22,8,984.91,3.1354942159291497,2.1972245773362196,6.893565072546089,2,Loyal Customers,4.33,Loyal Customers
14583,6,5,986.96,1.9459101490553132,1.791759469228055,6.895642211098335,0,Champions,4.33,Loyal Customers
18237,3,5,987.1,1.3862943611198906,1.791759469228055,6.895783907200917,0,Champions,4.33,Loyal Customers
13429,11,4,1006.8,2.4849066497880004,1.6094379124341003,6.915525016246498,2,Loyal Customers,4.33,Loyal Customers
14446,1,4,1010.35,0.6931471805599453,1.6094379124341003,6.9190413509991044,0,Champions,4.33,Loyal Customers
13956,6,5,1019.27,1.9459101490553132,1.791759469228055,6.927822577132249,0,Champions,4.33,Loyal Customers
16682,5,5,1028.0,1.791759469228055,1.791759469228055,6.9363427358340495,0,Champions,4.33,Loyal Customers
17042,3,5,1036.58,1.3862943611198906,1.791759469228055,6.944646357565886,0,Champions,4.33,Loyal Customers
15434,9,5,1041.48,2.302585092994046,1.791759469228055,6.94935776883665,2,Loyal Customers,4.33,Loyal Customers
14293,4,4,1046.56,1.6094379124341003,1.6094379124341003,6.954218929392177,3,At Risk,4.33,Loyal Customers
17287,27,7,1049.06,3.332204510175204,2.0794415416798357,6.956602584376121,2,Loyal Customers,4.33,Loyal Customers
17522,2,5,1070.71,1.0986122886681098,1.791759469228055,6.977010782644906,0,Champions,4.33,Loyal Customers
15712,10,5,1072.36,2.3978952727983707,1.791759469228055,6.978549194282216,2,Loyal Customers,4.33,Loyal Customers
16094,12,4,1078.23,2.5649493574615367,1.6094379124341003,6.984003102876341,2,Loyal Customers,4.33,Loyal Customers
14744,17,7,1099.98,2.8903717578961645,2.0794415416798357,7.00395597125342,2,Loyal Customers,4.33,Loyal Customers
14948,24,6,1101.97,3.2188758248682006,1.9459101490553132,7.005761820334205,2,Loyal Customers,4.33,Loyal Customers
13064,13,4,1105.59,2.6390573296152584,1.6094379124341003,7.009038493734221,2,Loyal Customers,4.33,Loyal Customers
14102,6,5,1105.88,1.9459101490553132,1.791759469228055,7.009300525748804,0,Champions,4.33,Loyal Customers
16833,2,4,1106.53,1.0986122886681098,1.6094379124341003,7.0098875895885335,0,Champions,4.33,Loyal Customers
17562,15,7,1122.38,2.772588722239781,2.0794415416798357,7.024097276842117,2,Loyal Customers,4.33,Loyal Customers
14129,2,5,1123.86,1.0986122886681098,1.791759469228055,7.025413862450224,0,Champions,4.33,Loyal Customers
14824,11,4,1127.71,2.4849066497880004,1.6094379124341003,7.028830666672488,2,Loyal Customers,4.33,Loyal Customers
15500,9,4,1131.56,2.302585092994046,1.6094379124341003,7.032235836086242,2,Loyal Customers,4.33,Loyal Customers
16989,8,6,1133.25,2.1972245773362196,1.9459101490553132,7.033726918544073,0,Champions,4.33,Loyal Customers
17135,17,7,1139.73,2.8903717578961645,2.0794415416798357,7.039423687328594,2,Loyal Customers,4.33,Loyal Customers
14698,2,5,1217.27,1.0986122886681098,1.791759469228055,7.105187098580444,0,Champions,4.33,Loyal Customers
14428,8,5,1224.06,2.1972245773362196,1.791759469228055,7.110745101371203,2,Loyal Customers,4.33,Loyal Customers
16531,23,7,1244.59,3.1780538303479458,2.0794415416798357,7.127364592228089,2,Loyal Customers,4.33,Loyal Customers
13860,2,5,1245.9,1.0986122886681098,1.791759469228055,7.1284157500025405,0,Champions,4.33,Loyal Customers
17481,4,4,1255.59,1.6094379124341003,1.6094379124341003,7.136156981955326,3,At Risk,4.33,Loyal Customers
17019,12,4,1258.08,2.5649493574615367,1.6094379124341003,7.138136574519652,2,Loyal Customers,4.33,Loyal Customers
16688,2,4,1260.86,1.0986122886681098,1.6094379124341003,7.1403421019236415,0,Champions,4.33,Loyal Customers
14898,24,6,1269.31,3.2188758248682006,1.9459101490553132,7.147016244154614,2,Loyal Customers,4.33,Loyal Customers
17350,9,4,1281.32,2.302585092994046,1.6094379124341003,7.156426216317626,2,Loyal Customers,4.33,Loyal Customers
15136,3,4,1286.7,1.3862943611198906,1.6094379124341003,7.160612960279738,0,Champions,4.33,Loyal Customers
15621,5,4,1293.03,1.791759469228055,1.6094379124341003,7.165516658717914,3,At Risk,4.33,Loyal Customers
17961,22,39,1296.44,3.1354942159291497,3.6888794541139363,7.1681483711962475,0,Champions,4.33,Loyal Customers
14047,9,5,1308.61,2.302585092994046,1.791759469228055,7.177484661947136,2,Loyal Customers,4.33,Loyal Customers
14511,12,5,1314.81,2.5649493574615367,1.791759469228055,7.182207724562218,2,Loyal Customers,4.33,Loyal Customers
13232,13,7,1328.35,2.6390573296152584,2.0794415416798357,7.192445379947863,0,Champions,4.33,Loyal Customers
16295,10,4,1328.55,2.3978952727983707,1.6094379124341003,7.192595818099261,2,Loyal Customers,4.33,Loyal Customers
18177,32,6,1340.87,3.4965075614664802,1.9459101490553132,7.20181944249662,2,Loyal Customers,4.33,Loyal Customers
14859,13,4,1353.74,2.6390573296152584,1.6094379124341003,7.211364832983292,2,Loyal Customers,4.33,Loyal Customers
14897,8,4,1366.38,2.1972245773362196,1.6094379124341003,7.220651779074644,2,Loyal Customers,4.33,Loyal Customers
14507,24,6,1367.88,3.2188758248682006,1.9459101490553132,7.221748166223715,2,Loyal Customers,4.33,Loyal Customers
14434,22,6,1372.8,3.1354942159291497,1.9459101490553132,7.225335901779781,2,Loyal Customers,4.33,Loyal Customers
15898,2,5,1383.83,1.0986122886681098,1.791759469228055,7.233332667405506,0,Champions,4.33,Loyal Customers
12952,6,4,1387.79,1.9459101490553132,1.6094379124341003,7.236188143419333,2,Loyal Customers,4.33,Loyal Customers
15134,15,8,1387.99,2.772588722239781,2.1972245773362196,7.236332143304382,0,Champions,4.33,Loyal Customers
16539,3,4,1388.81,1.3862943611198906,1.6094379124341003,7.236922326134238,0,Champions,4.33,Loyal Customers
14649,5,4,1402.59,1.791759469228055,1.6094379124341003,7.246788519146775,0,Champions,4.33,Loyal Customers
16271,3,5,1404.64,1.3862943611198906,1.791759469228055,7.248247994066157,0,Champions,4.33,Loyal Customers
15237,2,4,1412.32,1.0986122886681098,1.6094379124341003,7.253696825551129,0,Champions,4.33,Loyal Customers
16348,33,7,1415.65,3.5263605246161616,2.0794415416798357,7.256050208475266,2,Loyal Customers,4.33,Loyal Customers
17856,2,4,1418.03,1.0986122886681098,1.6094379124341003,7.25772881858561,0,Champions,4.33,Loyal Customers
16173,16,6,1418.32,2.833213344056216,1.9459101490553132,7.257933162659462,2,Loyal Customers,4.33,Loyal Customers
13159,9,4,1429.35,2.302585092994046,1.6094379124341003,7.26567444855103,2,Loyal Customers,4.33,Loyal Customers
13717,33,6,1445.01,3.5263605246161616,1.9459101490553132,7.276563318324119,2,Loyal Customers,4.33,Loyal Customers
13309,8,5,1456.79,2.1972245773362196,1.791759469228055,7.2846768692730555,0,Champions,4.33,Loyal Customers
16996,31,6,1456.96,3.4657359027997265,1.9459101490553132,7.284793477350012,2,Loyal Customers,4.33,Loyal Customers
17063,22,7,1461.14,3.1354942159291497,2.0794415416798357,7.287656394959027,2,Loyal Customers,4.33,Loyal Customers
14963,10,5,1472.34,2.3978952727983707,1.791759469228055,7.295287211280274,2,Loyal Customers,4.33,Loyal Customers
16711,4,5,1651.03,1.6094379124341003,1.791759469228055,7.4097601137223315,0,Champions,4.33,Loyal Customers
15953,16,8,1657.28,2.833213344056216,2.1972245773362196,7.413536199603394,0,Champions,4.33,Loyal Customers
12912,3,5,1662.3,1.3862943611198906,1.791759469228055,7.416558859796489,0,Champions,4.33,Loyal Customers
17754,1,5,1664.65,0.6931471805599453,1.791759469228055,7.417970716622433,0,Champions,4.33,Loyal Customers
13184,15,10,1668.95,2.772588722239781,2.3978952727983707,7.420548964842826,0,Champions,4.33,Loyal Customers
16638,23,10,1680.72,3.1780538303479458,2.3978952727983707,7.427572358185583,0,Champions,4.33,Loyal Customers
15380,9,5,1690.26,2.302585092994046,1.791759469228055,7.433229092253918,0,Champions,4.33,Loyal Customers
16791,30,7,1705.78,3.4339872044851463,2.0794415416798357,7.442363833410647,2,Loyal Customers,4.33,Loyal Customers
14441,1,4,1712.89,0.6931471805599453,1.6094379124341003,7.446520919735376,0,Champions,4.33,Loyal Customers
17162,29,10,1715.46,3.4011973816621555,2.3978952727983707,7.448019309392898,0,Champions,4.33,Loyal Customers
14834,18,6,1720.3,2.9444389791664403,1.9459101490553132,7.4508350982774605,2,Loyal Customers,4.33,Loyal Customers
14673,4,5,1736.4,1.6094379124341003,1.791759469228055,7.46014502182582,0,Champions,4.33,Loyal Customers
14595,20,6,1740.6,3.044522437723423,1.9459101490553132,7.462559509920338,2,Loyal Customers,4.33,Loyal Customers
13808,6,5,1747.66,1.9459101490553132,1.791759469228055,7.466605059322925,0,Champions,4.33,Loyal Customers
13456,18,6,1766.72,2.9444389791664403,1.9459101490553132,7.477445859614847,2,Loyal Customers,4.33,Loyal Customers
16719,15,7,1770.22,2.772588722239781,2.0794415416798357,7.479423853670205,0,Champions,4.33,Loyal Customers
15473,15,7,1771.2,2.772588722239781,2.0794415416798357,7.479976991613202,0,Champions,4.33,Loyal Customers
14608,5,4,1785.15,1.791759469228055,1.6094379124341003,7.48781774447192,0,Champions,4.33,Loyal Customers
14621,2,5,1788.36,1.0986122886681098,1.791759469228055,7.489613293002015,0,Champions,4.33,Loyal Customers
13510,2,4,1791.56,1.0986122886681098,1.6094379124341003,7.491400044716921,0,Champions,4.33,Loyal Customers
13196,12,4,1797.78,2.5649493574615367,1.6094379124341003,7.494863936311281,2,Loyal Customers,4.33,Loyal Customers
17663,26,7,1802.91,3.295836866004329,2.0794415416798357,7.4977118102428095,2,Loyal Customers,4.33,Loyal Customers
16169,9,4,1822.97,2.302585092994046,1.6094379124341003,7.5087707231305965,2,Loyal Customers,4.33,Loyal Customers
15203,26,6,1827.8,3.295836866004329,1.9459101490553132,7.511415293040546,2,Loyal Customers,4.33,Loyal Customers
13650,17,6,1836.34,2.8903717578961645,1.9459101490553132,7.516074152465826,2,Loyal Customers,4.33,Loyal Customers
14216,4,4,1839.3,1.6094379124341003,1.6094379124341003,7.517683880791149,0,Champions,4.33,Loyal Customers
14113,4,4,1840.42,1.6094379124341003,1.6094379124341003,7.518292292095946,0,Champions,4.33,Loyal Customers
14524,32,9,1843.83,3.4965075614664802,2.302585092994046,7.520142411307983,2,Loyal Customers,4.33,Loyal Customers
17519,18,6,1844.02,2.9444389791664403,1.9459101490553132,7.520245396524275,2,Loyal Customers,4.33,Loyal Customers
16201,4,4,1863.47,1.6094379124341003,1.6094379124341003,7.530732109384843,0,Champions,4.33,Loyal Customers
17368,24,8,1878.87,3.2188758248682006,2.1972245773362196,7.538957904496927,2,Loyal Customers,4.33,Loyal Customers
17228,16,8,1906.09,2.833213344056216,2.1972245773362196,7.553333799033199,0,Champions,4.33,Loyal Customers
13094,22,12,1927.32,3.1354942159291497,2.5649493574615367,7.564404436501881,0,Champions,4.33,Loyal Customers
14655,9,4,1932.23,2.302585092994046,1.6094379124341003,7.5669474581621285,2,Loyal Customers,4.33,Loyal Customers
14315,45,6,2481.13,3.828641396489095,1.9459101490553132,7.816872341508149,2,Loyal Customers,4.33,Loyal Customers
16477,64,7,2494.46,4.174387269895637,2.0794415416798357,7.822228359929267,2,Loyal Customers,4.33,Loyal Customers
17700,17,4,2534.64,2.8903717578961645,1.6094379124341003,7.838201349644471,2,Loyal Customers,4.33,Loyal Customers
14776,52,11,2538.3,3.970291913552122,2.4849066497880004,7.839643731479347,2,Loyal Customers,4.33,Loyal Customers
13911,58,9,2580.91,4.07753744390572,2.302585092994046,7.856284714098846,2,Loyal Customers,4.33,Loyal Customers
13895,29,4,2593.07,3.4011973816621555,1.6094379124341003,7.860983349863101,2,Loyal Customers,4.33,Loyal Customers
17965,38,14,2599.19,3.6635616461296463,2.70805020110221,7.863339798262662,0,Champions,4.33,Loyal Customers
15782,10,3,2614.74,2.3978952727983707,1.3862943611198906,7.869302319258532,2,Loyal Customers,4.33,Loyal Customers
13644,17,4,2624.26,2.8903717578961645,1.6094379124341003,7.87293521773988,2,Loyal Customers,4.33,Loyal Customers
15752,40,7,2626.6,3.713572066704308,2.0794415416798357,7.873826161018318,2,Loyal Customers,4.33,Loyal Customers
16618,32,5,2647.59,3.4965075614664802,1.791759469228055,7.881782701906185,2,Loyal Customers,4.33,Loyal Customers
14107,52,7,2703.23,3.970291913552122,2.0794415416798357,7.902572492717126,2,Loyal Customers,4.33,Loyal Customers
13654,44,6,2707.33,3.8066624897703196,1.9459101490553132,7.90408748775984,2,Loyal Customers,4.33,Loyal Customers
13285,24,4,2709.12,3.2188758248682006,1.6094379124341003,7.904748193336201,2,Loyal Customers,4.33,Loyal Customers
17940,50,10,4020.04,3.9318256327243257,2.3978952727983707,8.299295854621981,0,Champions,4.33,Loyal Customers
17509,58,8,6083.64,4.07753744390572,2.1972245773362196,8.713522841798035,2,Loyal Customers,4.33,Loyal Customers
16126,30,4,6287.77,3.4339872044851463,1.6094379124341003,8.74652078208272,2,Loyal Customers,4.33,Loyal Customers
12939,65,8,11581.8,4.189654742026425,2.1972245773362196,9.357276518099342,0,Champions,4.33,Loyal Customers
16000,3,3,12393.7,1.3862943611198906,1.3862943611198906,9.4250242408686,0,Champions,4.33,Loyal Customers
16341,25,4,1971.87,3.258096538021482,1.6094379124341003,7.587244614343444,2,Loyal Customers,4.33,Loyal Customers
17213,41,7,2781.23,3.7376696182833684,2.0794415416798357,7.931008043401064,2,Loyal Customers,4.33,Loyal Customers
15513,34,19,14758.22,3.5553480614894135,2.995732273553991,9.599623251229634,0,Champions,4.33,Loyal Customers
14626,24,4,2791.27,3.2188758248682006,1.6094379124341003,7.934610164077709,2,Loyal Customers,4.33,Loyal Customers
14903,22,5,2795.33,3.1354942159291497,1.791759469228055,7.936063122140283,2,Loyal Customers,4.33,Loyal Customers
13725,50,8,1980.56,3.9318256327243257,2.1972245773362196,7.5916396922628975,2,Loyal Customers,4.33,Loyal Customers
13324,37,10,7121.95,3.6375861597263857,2.3978952727983707,8.871077244439467,0,Champions,4.33,Loyal Customers
15299,68,7,4507.01,4.23410650459726,2.0794415416798357,8.413611093435822,2,Loyal Customers,4.33,Loyal Customers
14462,67,11,1980.57,4.219507705176107,2.4849066497880004,7.591644738779161,2,Loyal Customers,4.33,Loyal Customers
16729,39,21,7205.33,3.6888794541139363,3.091042453358316,8.882715085430164,0,Champions,4.33,Loyal Customers
17088,29,4,1991.01,3.4011973816621555,1.6094379124341003,7.596899458212264,2,Loyal Customers,4.33,Loyal Customers
14004,44,7,4582.64,3.8066624897703196,2.0794415416798357,8.430248721279204,2,Loyal Customers,4.33,Loyal Customers
17396,40,8,7330.8,3.713572066704308,2.1972245773362196,8.899976330900701,0,Champions,4.33,Loyal Customers
14852,59,6,2836.69,4.0943445622221,1.9459101490553132,7.950745619900337,2,Loyal Customers,4.33,Loyal Customers
13110,32,7,1488.67,3.4965075614664802,2.0794415416798357,7.306309897899894,2,Loyal Customers,4.33,Loyal Customers
18069,27,5,2009.24,3.332204510175204,1.791759469228055,7.606009396910227,2,Loyal Customers,4.33,Loyal Customers
16880,31,7,1491.43,3.4657359027997265,2.0794415416798357,7.308160942994333,2,Loyal Customers,4.33,Loyal Customers
17728,4,3,2876.01,1.6094379124341003,1.3862943611198906,7.964506839388399,0,Champions,4.33,Loyal Customers
13735,25,4,2883.54,3.258096538021482,1.6094379124341003,7.967120720822151,2,Loyal Customers,4.33,Loyal Customers
17625,19,4,2020.4,2.995732273553991,1.6094379124341003,7.611545619640562,2,Loyal Customers,4.33,Loyal Customers
13451,27,5,2898.26,3.332204510175204,1.791759469228055,7.972210810998752,2,Loyal Customers,4.33,Loyal Customers
14482,19,6,2022.81,2.995732273553991,1.9459101490553132,7.6127371524831755,2,Loyal Customers,4.33,Loyal Customers
15606,62,9,2920.16,4.143134726391533,2.302585092994046,7.9797360766493295,2,Loyal Customers,4.33,Loyal Customers
16316,65,8,2938.91,4.189654742026425,2.1972245773362196,7.986134247619265,2,Loyal Customers,4.33,Loyal Customers
13450,27,6,2043.72,3.332204510175204,1.9459101490553132,7.623016139787193,2,Loyal Customers,4.33,Loyal Customers
16686,48,7,2959.88,3.8918202981106265,2.0794415416798357,7.993241800431319,2,Loyal Customers,4.33,Loyal Customers
15916,17,8,1502.86,2.8903717578961645,2.1972245773362196,7.3157904150707145,0,Champions,4.33,Loyal Customers
16497,50,6,2965.69,3.9318256327243257,1.9459101490553132,7.99520213218973,2,Loyal Customers,4.33,Loyal Customers
14639,53,6,2984.49,3.9889840465642745,1.9459101490553132,8.001519166458744,2,Loyal Customers,4.33,Loyal Customers
16434,30,7,1511.8,3.4339872044851463,2.0794415416798357,7.321717517344248,2,Loyal Customers,4.33,Loyal Customers
14952,60,11,8099.49,4.110873864173311,2.4849066497880004,8.999679832658012,0,Champions,4.33,Loyal Customers
15719,33,13,5030.07,3.5263605246161616,2.6390573296152584,8.523387964129368,0,Champions,4.33,Loyal Customers
17612,54,6,2048.45,4.007333185232471,1.9459101490553132,7.625326743452606,2,Loyal Customers,4.33,Loyal Customers
15521,41,8,3000.2,3.7376696182833684,2.1972245773362196,8.006767487671574,2,Loyal Customers,4.33,Loyal Customers
15301,51,12,5049.95,3.9512437185814275,2.5649493574615367,8.527331623389161,0,Champions,4.33,Loyal Customers
13632,25,5,2118.93,3.258096538021482,1.791759469228055,7.659138348252998,2,Loyal Customers,4.33,Loyal Customers
14341,46,8,2166.98,3.8501476017100584,2.1972245773362196,7.6815511374247345,2,Loyal Customers,4.33,Loyal Customers
16843,43,16,10196.57,3.784189633918261,2.833213344056216,9.22990473559571,0,Champions,4.33,Loyal Customers
15708,41,7,3235.25,3.7376696182833684,2.0794415416798357,8.082170531065747,2,Loyal Customers,4.33,Loyal Customers
14049,17,4,5578.72,2.8903717578961645,1.6094379124341003,8.626893874904868,2,Loyal Customers,4.33,Loyal Customers
15906,20,7,1567.69,3.044522437723423,2.0794415416798357,7.357996155136706,2,Loyal Customers,4.33,Loyal Customers
16283,6,5,1570.81,1.9459101490553132,1.791759469228055,7.359983100544423,0,Champions,4.33,Loyal Customers
16628,30,5,2188.05,3.4339872044851463,1.791759469228055,7.691222938742128,2,Loyal Customers,4.33,Loyal Customers
14841,54,6,3295.76,4.007333185232471,1.9459101490553132,8.10069544697357,2,Loyal Customers,4.33,Loyal Customers
16556,67,7,3313.79,4.219507705176107,2.0794415416798357,8.106149552197078,2,Loyal Customers,4.33,Loyal Customers
15179,19,5,2206.95,2.995732273553991,1.791759469228055,7.69981976221305,2,Loyal Customers,4.33,Loyal Customers
15737,15,8,1188.12,2.772588722239781,2.1972245773362196,7.080968816745364,0,Champions,4.33,Loyal Customers
13882,3,5,1191.13,1.3862943611198906,1.791759469228055,7.083496902081326,0,Champions,4.33,Loyal Customers
15145,5,4,1194.73,1.791759469228055,1.6094379124341003,7.0865121565162825,3,At Risk,4.33,Loyal Customers
17526,5,4,1195.9,1.791759469228055,1.6094379124341003,7.087490159879325,3,At Risk,4.33,Loyal Customers
14226,29,5,2214.79,3.4011973816621555,1.791759469228055,7.703364278033695,2,Loyal Customers,4.33,Loyal Customers
14587,19,9,1580.29,2.995732273553991,2.302585092994046,7.365996248598568,0,Champions,4.33,Loyal Customers
13340,46,7,10736.48,3.8501476017100584,2.0794415416798357,9.28149570365981,0,Champions,4.33,Loyal Customers
17101,11,4,1621.73,2.4849066497880004,1.6094379124341003,7.391865195080271,2,Loyal Customers,4.33,Loyal Customers
14211,54,9,2241.1,4.007333185232471,2.302585092994046,7.715168205670426,2,Loyal Customers,4.33,Loyal Customers
15172,9,5,1624.05,2.302585092994046,1.791759469228055,7.393293863521244,0,Champions,4.33,Loyal Customers
14221,43,9,3432.8,3.784189633918261,2.302585092994046,8.141422798643111,2,Loyal Customers,4.33,Loyal Customers
13327,39,8,3627.77,3.6888794541139363,2.1972245773362196,8.196649026863438,2,Loyal Customers,4.33,Loyal Customers
13527,34,7,2242.36,3.5553480614894135,2.0794415416798357,7.7157300209728215,2,Loyal Customers,4.33,Loyal Customers
15785,33,5,2328.97,3.5263605246161616,1.791759469228055,7.753610670940375,2,Loyal Customers,4.33,Loyal Customers
15281,59,9,2332.15,4.0943445622221,2.302585092994046,7.754974564853873,2,Loyal Customers,4.33,Loyal Customers
18257,40,8,2337.63,3.713572066704308,2.1972245773362196,7.757320566811742,2,Loyal Customers,4.33,Loyal Customers
15974,40,7,3442.15,3.713572066704308,2.0794415416798357,8.14414202904651,2,Loyal Customers,4.33,Loyal Customers
13647,10,4,1648.12,2.3978952727983707,1.6094379124341003,7.4079970912884825,2,Loyal Customers,4.33,Loyal Customers
15140,53,7,2354.25,3.9889840465642745,2.0794415416798357,7.764402157928777,2,Loyal Customers,4.33,Loyal Customers
15296,51,6,3672.86,3.9512437185814275,1.9459101490553132,8.208998159442066,2,Loyal Customers,4.33,Loyal Customers
15701,3,4,1529.0,1.3862943611198906,1.6094379124341003,7.333023014386481,0,Champions,4.33,Loyal Customers
13552,67,12,3740.07,4.219507705176107,2.5649493574615367,8.227126945747532,0,Champions,4.33,Loyal Customers
14810,41,11,2085.33,3.7376696182833684,2.4849066497880004,7.643161820556003,0,Champions,4.33,Loyal Customers
17634,37,9,2358.59,3.6375861597263857,2.302585092994046,7.766243154113498,2,Loyal Customers,4.33,Loyal Customers
15392,5,4,1535.53,1.791759469228055,1.6094379124341003,7.337281906274171,0,Champions,4.33,Loyal Customers
17669,43,7,3406.72,3.784189633918261,2.0794415416798357,8.133798724949507,2,Loyal Customers,4.33,Loyal Customers
15864,23,6,1936.32,3.1780538303479458,1.9459101490553132,7.569060853685923,2,Loyal Customers,4.33,Loyal Customers
17838,27,5,2720.8,3.332204510175204,1.791759469228055,7.909048705126217,2,Loyal Customers,4.33,Loyal Customers
16029,39,63,80850.84,3.6888794541139363,4.1588830833596715,11.300373622940477,0,Champions,4.33,Loyal Customers
16019,47,9,3786.24,3.871201010907891,2.302585092994046,8.239392800596635,2,Loyal Customers,4.33,Loyal Customers
17059,30,5,3080.39,3.4339872044851463,1.791759469228055,8.033136072864288,2,Loyal Customers,4.33,Loyal Customers
15696,34,8,2711.11,3.5553480614894135,2.1972245773362196,7.905482208709709,2,Loyal Customers,4.33,Loyal Customers
15113,10,3,3509.43,2.3978952727983707,1.3862943611198906,8.163493816079034,2,Loyal Customers,4.33,Loyal Customers
14533,25,7,1949.72,3.258096538021482,2.0794415416798357,7.575953814178117,2,Loyal Customers,4.33,Loyal Customers
16652,59,7,6773.97,4.0943445622221,2.0794415416798357,8.820990217693817,2,Loyal Customers,4.33,Loyal Customers
14321,11,5,1530.75,2.4849066497880004,1.791759469228055,7.334166151605764,2,Loyal Customers,4.33,Loyal Customers
14506,18,5,1960.65,2.9444389791664403,1.791759469228055,7.5815412348134545,2,Loyal Customers,4.33,Loyal Customers
12830,38,6,6814.64,3.6635616461296463,1.9459101490553132,8.826975250212882,2,Loyal Customers,4.33,Loyal Customers
17203,36,6,3560.08,3.6109179126442243,1.9459101490553132,8.17781914862498,2,Loyal Customers,4.33,Loyal Customers
14040,41,12,3560.32,3.7376696182833684,2.5649493574615367,8.177886541638598,0,Champions,4.33,Loyal Customers
15660,26,9,1600.86,3.295836866004329,2.302585092994046,7.378920733047961,2,Loyal Customers,4.33,Loyal Customers
16332,29,7,1582.8,3.4011973816621555,2.0794415416798357,7.367582301776312,2,Loyal Customers,4.33,Loyal Customers
14878,13,9,1476.09,2.6390573296152584,2.302585092994046,7.297829215001296,0,Champions,4.33,Loyal Customers
17867,31,6,1157.87,3.4657359027997265,1.9459101490553132,7.055200671388662,2,Loyal Customers,4.33,Loyal Customers
18008,71,9,2116.19,4.276666119016055,2.302585092994046,7.657845016753332,2,Loyal Customers,4.33,Loyal Customers
13097,33,10,6003.22,3.5263605246161616,2.3978952727983707,8.70021783432055,0,Champions,4.33,Loyal Customers
14360,32,4,2118.03,3.4965075614664802,1.6094379124341003,7.658713715789601,2,Loyal Customers,4.33,Loyal Customers
13993,43,9,3466.36,3.784189633918261,2.302585092994046,8.151148776464021,2,Loyal Customers,4.33,Loyal Customers
14487,27,6,1165.48,3.332204510175204,1.9459101490553132,7.06174594600803,2,Loyal Customers,4.33,Loyal Customers
15622,44,9,3709.56,3.8066624897703196,2.302585092994046,8.2189380876069,0,Champions,4.33,Loyal Customers
18226,45,11,5228.05,3.828641396489095,2.4849066497880004,8.561984896200169,0,Champions,4.33,Loyal Customers
14239,44,11,2380.85,3.8066624897703196,2.4849066497880004,7.775632775640216,0,Champions,4.33,Loyal Customers
14125,11,3,2720.63,2.4849066497880004,1.3862943611198906,7.908986244508535,2,Loyal Customers,4.33,Loyal Customers
14800,48,12,4331.79,3.8918202981106265,2.5649493574615367,8.373966955298872,0,Champions,4.33,Loyal Customers
14808,40,8,2718.6,3.713572066704308,2.1972245773362196,7.908240089652304,2,Loyal Customers,4.33,Loyal Customers
15493,33,5,1953.41,3.5263605246161616,1.791759469228055,7.577843636590285,2,Loyal Customers,4.33,Loyal Customers
13941,22,5,5112.96,3.1354942159291497,1.791759469228055,8.539729334154528,2,Loyal Customers,4.33,Loyal Customers
16365,18,9,1540.42,2.9444389791664403,2.302585092994046,7.340459348477051,0,Champions,4.33,Loyal Customers
16131,52,6,3506.54,3.970291913552122,1.9459101490553132,8.162670216045587,2,Loyal Customers,4.33,Loyal Customers
17863,60,6,3160.0,4.110873864173311,1.9459101490553132,8.058643712215618,2,Loyal Customers,4.33,Loyal Customers
16992,11,5,1614.31,2.4849066497880004,1.791759469228055,7.38728216770102,2,Loyal Customers,4.33,Loyal Customers
15370,41,7,2386.05,3.7376696182833684,2.0794415416798357,7.77781357291459,2,Loyal Customers,4.33,Loyal Customers
13842,59,9,3385.62,4.0943445622221,2.302585092994046,8.127587652841866,2,Loyal Customers,4.33,Loyal Customers
14691,31,5,2114.33,3.4657359027997265,1.791759469228055,7.656966107678013,2,Loyal Customers,4.33,Loyal Customers
16062,10,4,1153.62,2.3978952727983707,1.6094379124341003,7.051526564493091,2,Loyal Customers,4.33,Loyal Customers
16003,30,5,2735.37,3.4339872044851463,1.791759469228055,7.914387503517288,2,Loyal Customers,4.33,Loyal Customers
14719,2,5,1581.84,1.0986122886681098,1.791759469228055,7.366975980862403,0,Champions,4.33,Loyal Customers
17696,39,8,2285.71,3.6888794541139363,2.1972245773362196,7.734869382309582,2,Loyal Customers,4.33,Loyal Customers
15129,51,11,3447.4,3.9512437185814275,2.4849066497880004,8.14566563433577,0,Champions,4.33,Loyal Customers
13317,67,6,2273.68,4.219507705176107,1.9459101490553132,7.729594662150938,2,Loyal Customers,4.33,Loyal Customers
17719,38,15,5396.04,3.6635616461296463,2.772588722239781,8.593605934116098,0,Champions,4.33,Loyal Customers
17107,34,6,10797.48,3.5553480614894135,1.9459101490553132,9.287160662466663,0,Champions,4.33,Loyal Customers
15874,64,7,4405.88,4.174387269895637,2.0794415416798357,8.390922235063499,2,Loyal Customers,4.33,Loyal Customers
17442,37,6,2248.56,3.6375861597263857,1.9459101490553132,7.7184899205194295,2,Loyal Customers,4.33,Loyal Customers
17768,9,3,2081.9,2.302585092994046,1.3862943611198906,7.641516432427338,2,Loyal Customers,4.33,Loyal Customers
16915,10,6,621.68,2.3978952727983707,1.9459101490553132,6.4340327431676485,2,Loyal Customers,4.33,Loyal Customers
17502,10,4,689.1,2.3978952727983707,1.6094379124341003,6.536836514626557,3,At Risk,4.0,Loyal Customers
17884,4,4,695.07,1.6094379124341003,1.6094379124341003,6.545450229989766,3,At Risk,4.0,Loyal Customers
13147,11,4,712.8,2.4849066497880004,1.6094379124341003,6.57060281105606,3,At Risk,4.0,Loyal Customers
17888,22,8,716.0,3.1354942159291497,2.1972245773362196,6.57507584059962,2,Loyal Customers,4.0,Loyal Customers
13077,2,4,728.02,1.0986122886681098,1.6094379124341003,6.5917011664745795,3,At Risk,4.0,Loyal Customers
16891,2,5,742.43,1.0986122886681098,1.791759469228055,6.6112746121740065,3,At Risk,4.0,Loyal Customers
13950,12,4,745.06,2.5649493574615367,1.6094379124341003,6.61480602592395,3,At Risk,4.0,Loyal Customers
17006,5,4,781.78,1.791759469228055,1.6094379124341003,6.6628516858853635,3,At Risk,4.0,Loyal Customers
13884,8,5,787.6,2.1972245773362196,1.791759469228055,6.670259221443527,3,At Risk,4.0,Loyal Customers
13323,4,5,787.85,1.6094379124341003,1.791759469228055,6.670576188703463,3,At Risk,4.0,Loyal Customers
16438,6,5,798.35,1.9459101490553132,1.791759469228055,6.683798897410901,3,At Risk,4.0,Loyal Customers
15561,12,4,800.59,2.5649493574615367,1.6094379124341003,6.686597255202886,3,At Risk,4.0,Loyal Customers
15862,9,4,832.88,2.302585092994046,1.6094379124341003,6.726089507114236,3,At Risk,4.0,Loyal Customers
17929,12,4,843.0,2.5649493574615367,1.6094379124341003,6.738152494595957,3,At Risk,4.0,Loyal Customers
16877,13,6,846.62,2.6390573296152584,1.9459101490553132,6.742432422151628,2,Loyal Customers,4.0,Loyal Customers
15022,12,4,852.39,2.5649493574615367,1.6094379124341003,6.749216652850701,3,At Risk,4.0,Loyal Customers
14577,13,4,859.71,2.6390573296152584,1.6094379124341003,6.757757630038034,2,Loyal Customers,4.0,Loyal Customers
13203,10,4,869.46,2.3978952727983707,1.6094379124341003,6.769021807549381,3,At Risk,4.0,Loyal Customers
15208,2,5,870.12,1.0986122886681098,1.791759469228055,6.769779740037806,0,Champions,4.0,Loyal Customers
16657,10,4,874.43,2.3978952727983707,1.6094379124341003,6.774715194217569,3,At Risk,4.0,Loyal Customers
16513,5,4,874.59,1.791759469228055,1.6094379124341003,6.774897944843427,3,At Risk,4.0,Loyal Customers
17109,30,6,881.29,3.4339872044851463,1.9459101490553132,6.782520800150454,2,Loyal Customers,4.0,Loyal Customers
18236,30,6,882.24,3.4339872044851463,1.9459101490553132,6.783596964352348,2,Loyal Customers,4.0,Loyal Customers
15253,17,5,918.2,2.8903717578961645,1.791759469228055,6.823503726534546,2,Loyal Customers,4.0,Loyal Customers
13984,27,5,920.51,3.332204510175204,1.791759469228055,6.8260136289229445,2,Loyal Customers,4.0,Loyal Customers
16907,30,5,928.76,3.4339872044851463,1.791759469228055,6.834926488326795,2,Loyal Customers,4.0,Loyal Customers
17618,6,3,930.28,1.9459101490553132,1.3862943611198906,6.836559983939986,3,At Risk,4.0,Loyal Customers
14140,4,2,935.05,1.6094379124341003,1.0986122886681098,6.841668893854277,3,At Risk,4.0,Loyal Customers
14075,5,3,942.26,1.791759469228055,1.3862943611198906,6.849341960431477,3,At Risk,4.0,Loyal Customers
15747,13,3,946.64,2.6390573296152584,1.3862943611198906,6.85397468329749,3,At Risk,4.0,Loyal Customers
14540,10,3,952.66,2.3978952727983707,1.3862943611198906,6.860307213794826,3,At Risk,4.0,Loyal Customers
15156,2,3,961.49,1.0986122886681098,1.3862943611198906,6.869523676497577,3,At Risk,4.0,Loyal Customers
15860,41,8,965.16,3.7376696182833684,2.1972245773362196,6.87332945196712,2,Loyal Customers,4.0,Loyal Customers
16009,23,4,972.11,3.1780538303479458,1.6094379124341003,6.880497128211273,2,Loyal Customers,4.0,Loyal Customers
12994,5,3,974.42,1.791759469228055,1.3862943611198906,6.882868147474188,3,At Risk,4.0,Loyal Customers
14522,25,4,974.54,3.258096538021482,1.6094379124341003,6.882991163835519,2,Loyal Customers,4.0,Loyal Customers
15132,19,5,977.93,2.995732273553991,1.791759469228055,6.886460138441978,2,Loyal Customers,4.0,Loyal Customers
16085,24,5,981.51,3.2188758248682006,1.791759469228055,6.890110521808668,2,Loyal Customers,4.0,Loyal Customers
17324,18,4,986.48,2.9444389791664403,1.6094379124341003,6.895156243405622,2,Loyal Customers,4.0,Loyal Customers
15110,24,4,996.1,3.2188758248682006,1.6094379124341003,6.904851065834747,2,Loyal Customers,4.0,Loyal Customers
13410,25,5,1003.06,3.258096538021482,1.791759469228055,6.911807059422235,2,Loyal Customers,4.0,Loyal Customers
14214,31,5,1004.38,3.4657359027997265,1.791759469228055,6.913120858480547,2,Loyal Customers,4.0,Loyal Customers
13728,37,6,1016.14,3.6375861597263857,1.9459101490553132,6.924750046357999,2,Loyal Customers,4.0,Loyal Customers
17096,16,4,1022.13,2.833213344056216,1.6094379124341003,6.930621835101851,2,Loyal Customers,4.0,Loyal Customers
14904,3,2,1025.44,1.3862943611198906,1.0986122886681098,6.933851783703411,3,At Risk,4.0,Loyal Customers
17405,2,3,1031.41,1.0986122886681098,1.3862943611198906,6.9396511539657,3,At Risk,4.0,Loyal Customers
18221,23,5,1041.61,3.1780538303479458,1.791759469228055,6.949482463694109,2,Loyal Customers,4.0,Loyal Customers
13719,16,5,1041.68,2.833213344056216,1.791759469228055,6.949549600639115,2,Loyal Customers,4.0,Loyal Customers
15073,10,3,1043.41,2.3978952727983707,1.3862943611198906,6.951207411654662,3,At Risk,4.0,Loyal Customers
17214,61,6,1059.12,4.127134385045092,1.9459101490553132,6.966137388245792,2,Loyal Customers,4.0,Loyal Customers
12936,18,4,1063.9,2.9444389791664403,1.6094379124341003,6.970636177021338,2,Loyal Customers,4.0,Loyal Customers
15027,31,4,1066.15,3.4657359027997265,1.6094379124341003,6.972746822489577,2,Loyal Customers,4.0,Loyal Customers
15436,13,3,1067.75,2.6390573296152584,1.3862943611198906,6.97424502025097,3,At Risk,4.0,Loyal Customers
16918,50,6,1068.82,3.9318256327243257,1.9459101490553132,6.975245689005592,2,Loyal Customers,4.0,Loyal Customers
13521,2,3,1071.73,1.0986122886681098,1.3862943611198906,6.977962080025035,3,At Risk,4.0,Loyal Customers
15197,11,3,1079.61,2.4849066497880004,1.3862943611198906,6.985280975485229,3,At Risk,4.0,Loyal Customers
15608,29,4,1093.68,3.4011973816621555,1.6094379124341003,6.998217362097996,2,Loyal Customers,4.0,Loyal Customers
15745,20,4,1094.59,3.044522437723423,1.6094379124341003,6.999048309928502,2,Loyal Customers,4.0,Loyal Customers
13211,11,3,1095.42,2.4849066497880004,1.3862943611198906,6.999805605779951,3,At Risk,4.0,Loyal Customers
16350,22,4,1116.47,3.1354942159291497,1.6094379124341003,7.018822480489789,2,Loyal Customers,4.0,Loyal Customers
14708,3,3,1126.37,1.3862943611198906,1.3862943611198906,7.027642765394543,3,At Risk,4.0,Loyal Customers
18125,30,4,1131.75,3.4339872044851463,1.6094379124341003,7.032403583547247,2,Loyal Customers,4.0,Loyal Customers
17302,15,5,1135.63,2.772588722239781,1.791759469228055,7.035823023024634,2,Loyal Customers,4.0,Loyal Customers
13118,20,5,1197.81,3.044522437723423,1.791759469228055,7.089084677082725,2,Loyal Customers,4.0,Loyal Customers
14684,26,5,1201.51,3.295836866004329,1.791759469228055,7.092166317953654,2,Loyal Customers,4.0,Loyal Customers
17410,17,5,1214.72,2.8903717578961645,1.791759469228055,7.1030917728535865,2,Loyal Customers,4.0,Loyal Customers
13491,52,10,1215.82,3.970291913552122,2.3978952727983707,7.103996177364903,2,Loyal Customers,4.0,Loyal Customers
13208,59,6,1217.65,4.0943445622221,1.9459101490553132,7.105498967663615,2,Loyal Customers,4.0,Loyal Customers
12997,23,4,1226.89,3.1780538303479458,1.6094379124341003,7.113052528147638,2,Loyal Customers,4.0,Loyal Customers
15009,13,3,1259.43,2.6390573296152584,1.3862943611198906,7.139208211567486,2,Loyal Customers,4.0,Loyal Customers
16660,17,4,1267.65,2.8903717578961645,1.6094379124341003,7.145708621949827,2,Loyal Customers,4.0,Loyal Customers
13538,44,7,1280.85,3.8066624897703196,2.0794415416798357,7.156059625954846,2,Loyal Customers,4.0,Loyal Customers
14297,18,4,1305.33,2.9444389791664403,1.6094379124341003,7.174976957856922,2,Loyal Customers,4.0,Loyal Customers
14477,20,4,1309.6,3.044522437723423,1.6094379124341003,7.178240326605397,2,Loyal Customers,4.0,Loyal Customers
14738,43,7,1314.45,3.784189633918261,2.0794415416798357,7.181934091396172,2,Loyal Customers,4.0,Loyal Customers
14591,16,4,1320.21,2.833213344056216,1.6094379124341003,7.18630326236477,2,Loyal Customers,4.0,Loyal Customers
17633,32,4,1324.84,3.4965075614664802,1.6094379124341003,7.189801499815289,2,Loyal Customers,4.0,Loyal Customers
15680,10,3,1333.68,2.3978952727983707,1.3862943611198906,7.1964468417270915,3,At Risk,4.0,Loyal Customers
14064,30,5,1334.34,3.4339872044851463,1.791759469228055,7.1969412200564244,2,Loyal Customers,4.0,Loyal Customers
17372,41,8,1337.18,3.7376696182833684,2.1972245773362196,7.199065760787922,2,Loyal Customers,4.0,Loyal Customers
15059,41,9,1337.72,3.7376696182833684,2.302585092994046,7.199469212547289,2,Loyal Customers,4.0,Loyal Customers
15411,27,4,1348.93,3.332204510175204,1.6094379124341003,7.207808018236269,2,Loyal Customers,4.0,Loyal Customers
15116,18,4,1352.75,2.9444389791664403,1.6094379124341003,7.2106337983152,2,Loyal Customers,4.0,Loyal Customers
17054,29,5,1356.33,3.4011973816621555,1.791759469228055,7.213274813763555,2,Loyal Customers,4.0,Loyal Customers
16726,27,5,1358.74,3.332204510175204,1.791759469228055,7.215048783982959,2,Loyal Customers,4.0,Loyal Customers
14116,20,5,1382.74,3.044522437723423,1.791759469228055,7.2325452572578,2,Loyal Customers,4.0,Loyal Customers
13995,16,5,1393.69,2.833213344056216,1.791759469228055,7.240427447338227,2,Loyal Customers,4.0,Loyal Customers
15563,23,4,1400.44,3.1780538303479458,1.6094379124341003,7.245255558414779,2,Loyal Customers,4.0,Loyal Customers
18116,68,8,1403.11,4.23410650459726,2.1972245773362196,7.247158929095093,2,Loyal Customers,4.0,Loyal Customers
15426,20,5,1404.07,3.044522437723423,1.791759469228055,7.247842402590825,2,Loyal Customers,4.0,Loyal Customers
14748,30,5,1415.75,3.4339872044851463,1.791759469228055,7.256120795049728,2,Loyal Customers,4.0,Loyal Customers
16463,22,4,1422.4,3.1354942159291497,1.6094379124341003,7.260803654865171,2,Loyal Customers,4.0,Loyal Customers
15106,18,5,1422.52,2.9444389791664403,1.791759469228055,7.2608879564964575,2,Loyal Customers,4.0,Loyal Customers
15681,26,5,1426.16,3.295836866004329,1.791759469228055,7.263441734527154,2,Loyal Customers,4.0,Loyal Customers
15858,16,5,1427.57,2.833213344056216,1.791759469228055,7.264429222920369,2,Loyal Customers,4.0,Loyal Customers
14035,29,5,1428.02,3.4011973816621555,1.791759469228055,7.264744173633186,2,Loyal Customers,4.0,Loyal Customers
17073,18,4,1446.09,2.9444389791664403,1.6094379124341003,7.277309922347601,2,Loyal Customers,4.0,Loyal Customers
14404,34,6,1449.32,3.5553480614894135,1.9459101490553132,7.2795395007214125,2,Loyal Customers,4.0,Loyal Customers
16059,66,6,1453.16,4.204692619390966,1.9459101490553132,7.282183693304844,2,Loyal Customers,4.0,Loyal Customers
14541,59,8,1453.35,4.0943445622221,2.1972245773362196,7.282314344394418,2,Loyal Customers,4.0,Loyal Customers
13477,38,6,1454.58,3.6635616461296463,1.9459101490553132,7.283159725605137,2,Loyal Customers,4.0,Loyal Customers
15983,23,4,1465.12,3.1780538303479458,1.6094379124341003,7.29037473448544,2,Loyal Customers,4.0,Loyal Customers
17590,3,3,1468.02,1.3862943611198906,1.3862943611198906,7.292350790785078,3,At Risk,4.0,Loyal Customers
13149,15,4,1676.06,2.772588722239781,1.6094379124341003,7.424797539358498,2,Loyal Customers,4.0,Loyal Customers
13577,26,4,1687.6,3.295836866004329,1.6094379124341003,7.431655062235399,2,Loyal Customers,4.0,Loyal Customers
17813,15,5,1698.07,2.772588722239781,1.791759469228055,7.437836321529504,2,Loyal Customers,4.0,Loyal Customers
13824,33,5,1698.94,3.5263605246161616,1.791759469228055,7.438348235303808,2,Loyal Customers,4.0,Loyal Customers
17193,36,7,1699.3,3.6109179126442243,2.0794415416798357,7.43855998506344,2,Loyal Customers,4.0,Loyal Customers
12843,66,8,1702.26,4.204692619390966,2.1972245773362196,7.440299340765267,2,Loyal Customers,4.0,Loyal Customers
17147,23,4,1714.59,3.1780538303479458,1.6094379124341003,7.447512323761201,2,Loyal Customers,4.0,Loyal Customers
15267,23,5,1717.36,3.1780538303479458,1.791759469228055,7.449125626576209,2,Loyal Customers,4.0,Loyal Customers
17043,33,4,1735.18,3.5263605246161616,1.6094379124341003,7.459442576481153,2,Loyal Customers,4.0,Loyal Customers
15950,32,4,1744.71,3.4965075614664802,1.6094379124341003,7.464916628675443,2,Loyal Customers,4.0,Loyal Customers
15241,67,8,1756.44,4.219507705176107,2.1972245773362196,7.471613483699497,2,Loyal Customers,4.0,Loyal Customers
15594,16,5,1771.78,2.833213344056216,1.791759469228055,7.48030421490088,2,Loyal Customers,4.0,Loyal Customers
15220,52,6,1778.96,3.970291913552122,1.9459101490553132,7.484346171123521,2,Loyal Customers,4.0,Loyal Customers
13048,15,4,1819.41,2.772588722239781,1.6094379124341003,7.506817029425575,2,Loyal Customers,4.0,Loyal Customers
17702,31,4,1824.37,3.4657359027997265,1.6094379124341003,7.509537985193698,2,Loyal Customers,4.0,Loyal Customers
16455,64,7,1841.18,4.174387269895637,2.0794415416798357,7.518704931910683,2,Loyal Customers,4.0,Loyal Customers
12950,3,3,1843.0,1.3862943611198906,1.3862943611198906,7.519692404116539,3,At Risk,4.0,Loyal Customers
16841,37,6,1869.82,3.6375861597263857,1.9459101490553132,7.534132116408228,2,Loyal Customers,4.0,Loyal Customers
17469,17,5,1870.97,2.8903717578961645,1.791759469228055,7.5347466312681,2,Loyal Customers,4.0,Loyal Customers
17463,17,5,1875.86,2.8903717578961645,1.791759469228055,7.537355446697666,2,Loyal Customers,4.0,Loyal Customers
17738,20,4,1879.05,3.044522437723423,1.6094379124341003,7.539053651215015,2,Loyal Customers,4.0,Loyal Customers
16128,18,5,1880.22,2.9444389791664403,1.791759469228055,7.53967578152618,2,Loyal Customers,4.0,Loyal Customers
16170,51,6,1885.05,3.9512437185814275,1.9459101490553132,7.542239973976665,2,Loyal Customers,4.0,Loyal Customers
14250,8,3,1904.05,2.1972245773362196,1.3862943611198906,7.552263533935522,2,Loyal Customers,4.0,Loyal Customers
14285,22,4,1910.01,3.1354942159291497,1.6094379124341003,7.555387177088957,2,Loyal Customers,4.0,Loyal Customers
15518,65,8,1921.55,4.189654742026425,2.1972245773362196,7.561407708843943,2,Loyal Customers,4.0,Loyal Customers
13344,68,3,2511.69,4.23410650459726,1.3862943611198906,7.829109171398687,2,Loyal Customers,4.0,Loyal Customers
16308,38,4,2560.0,3.6635616461296463,1.6094379124341003,7.848153086199526,2,Loyal Customers,4.0,Loyal Customers
15485,31,3,2564.5,3.4657359027997265,1.3862943611198906,7.849908670382019,2,Loyal Customers,4.0,Loyal Customers
16919,157,11,2592.25,5.062595033026967,2.4849066497880004,7.8606671943119375,2,Loyal Customers,4.0,Loyal Customers
13136,57,5,2607.61,4.060443010546419,1.791759469228055,7.866572791402729,2,Loyal Customers,4.0,Loyal Customers
12836,60,4,2610.36,4.110873864173311,1.6094379124341003,7.867626437402386,2,Loyal Customers,4.0,Loyal Customers
18260,173,6,2628.35,5.159055299214529,1.9459101490553132,7.874491946336666,2,Loyal Customers,4.0,Loyal Customers
13771,65,4,2634.45,4.189654742026425,1.6094379124341003,7.876809224383177,2,Loyal Customers,4.0,Loyal Customers
18073,115,12,3859.82,4.7535901911063645,2.5649493574615367,8.258634875130868,2,Loyal Customers,4.0,Loyal Customers
13523,34,5,3964.88,3.5553480614894135,1.791759469228055,8.285483051435902,2,Loyal Customers,4.0,Loyal Customers
15416,65,4,3984.32,4.189654742026425,1.6094379124341003,8.290372889129587,2,Loyal Customers,4.0,Loyal Customers
15939,90,15,6115.01,4.51085950651685,2.772588722239781,8.718665202103209,0,Champions,4.0,Loyal Customers
17997,75,8,1962.46,4.330733340286331,2.1972245773362196,7.582463502025479,2,Loyal Customers,4.0,Loyal Customers
13027,114,6,6912.0,4.74493212836325,1.9459101490553132,8.841158975945264,2,Loyal Customers,4.0,Loyal Customers
15531,9,2,1972.39,2.302585092994046,1.0986122886681098,7.587508155013856,3,At Risk,4.0,Loyal Customers
16081,57,5,2799.42,4.060443010546419,1.791759469228055,7.93752468491442,2,Loyal Customers,4.0,Loyal Customers
16745,87,17,7180.7,4.477336814478207,2.8903717578961645,8.87929140281919,0,Champions,4.0,Loyal Customers
16928,81,17,2814.7,4.406719247264253,2.8903717578961645,7.942966177511865,0,Champions,4.0,Loyal Customers
14842,44,4,2824.69,3.8066624897703196,1.6094379124341003,7.946507861544517,2,Loyal Customers,4.0,Loyal Customers
18188,16,3,2001.04,2.833213344056216,1.3862943611198906,7.601921939695548,2,Loyal Customers,4.0,Loyal Customers
12980,158,9,7374.9,5.0689042022202315,2.302585092994046,8.905973207660795,2,Loyal Customers,4.0,Loyal Customers
14286,24,3,4628.75,3.2188758248682006,1.3862943611198906,8.440258149942116,2,Loyal Customers,4.0,Loyal Customers
14544,25,2,2004.3,3.258096538021482,1.0986122886681098,7.603548954482988,2,Loyal Customers,4.0,Loyal Customers
14535,61,3,2854.84,4.127134385045092,1.3862943611198906,7.957121299481198,2,Loyal Customers,4.0,Loyal Customers
16098,88,7,2005.63,4.48863636973214,2.0794415416798357,7.604211977042565,2,Loyal Customers,4.0,Loyal Customers
16409,37,5,2022.98,3.6375861597263857,1.791759469228055,7.61282114893561,2,Loyal Customers,4.0,Loyal Customers
15530,22,4,1497.31,3.1354942159291497,1.6094379124341003,7.3120930852576205,2,Loyal Customers,4.0,Loyal Customers
15786,47,3,4919.0,3.871201010907891,1.3862943611198906,8.501063809486354,2,Loyal Customers,4.0,Loyal Customers
12937,16,4,1504.27,2.833213344056216,1.6094379124341003,7.316727563085719,2,Loyal Customers,4.0,Loyal Customers
14232,43,5,2048.07,3.784189633918261,1.791759469228055,7.625141310661702,2,Loyal Customers,4.0,Loyal Customers
14307,89,6,2995.72,4.499809670330265,1.9459101490553132,8.005273636192019,2,Loyal Customers,4.0,Loyal Customers
16748,18,5,1515.9,2.9444389791664403,1.791759469228055,7.324424057597627,2,Loyal Customers,4.0,Loyal Customers
16150,43,5,2053.02,3.784189633918261,1.791759469228055,7.627554127539443,2,Loyal Customers,4.0,Loyal Customers
17667,67,5,2055.51,4.219507705176107,1.791759469228055,7.628765650289339,2,Loyal Customers,4.0,Loyal Customers
18094,82,7,3017.3,4.418840607796598,2.0794415416798357,8.012449037966114,2,Loyal Customers,4.0,Loyal Customers
14409,72,6,2059.45,4.290459441148391,1.9459101490553132,7.630679684529584,2,Loyal Customers,4.0,Loyal Customers
16809,24,5,914.69,3.2188758248682006,1.791759469228055,6.81967787944687,2,Loyal Customers,4.0,Loyal Customers
12928,36,5,2062.7,3.6109179126442243,1.791759469228055,7.632255767200078,2,Loyal Customers,4.0,Loyal Customers
15117,15,5,1551.78,2.772588722239781,1.791759469228055,7.347802151813069,2,Loyal Customers,4.0,Loyal Customers
13313,23,5,1555.32,3.1780538303479458,1.791759469228055,7.35007933912113,2,Loyal Customers,4.0,Loyal Customers
14844,64,4,3189.81,4.174387269895637,1.6094379124341003,8.068030082042343,2,Loyal Customers,4.0,Loyal Customers
13868,8,2,3192.54,2.1972245773362196,1.0986122886681098,8.068885298365506,2,Loyal Customers,4.0,Loyal Customers
13517,60,3,2128.42,4.110873864173311,1.3862943611198906,7.663604921153483,2,Loyal Customers,4.0,Loyal Customers
17272,43,4,2148.63,3.784189633918261,1.6094379124341003,7.673051013288749,2,Loyal Customers,4.0,Loyal Customers
14407,108,6,2157.73,4.6913478822291435,1.9459101490553132,7.677275364797242,2,Loyal Customers,4.0,Loyal Customers
14175,60,3,3222.3,4.110873864173311,1.3862943611198906,8.078160958464125,2,Loyal Customers,4.0,Loyal Customers
16042,23,5,1177.47,3.1780538303479458,1.791759469228055,7.071972265963926,2,Loyal Customers,4.0,Loyal Customers
15532,26,4,1564.73,3.295836866004329,1.6094379124341003,7.356107447892678,2,Loyal Customers,4.0,Loyal Customers
12909,40,5,2178.67,3.713572066704308,1.791759469228055,7.686928768177821,2,Loyal Customers,4.0,Loyal Customers
17723,128,6,3276.4,4.859812404361672,1.9459101490553132,8.094805704112124,2,Loyal Customers,4.0,Loyal Customers
16180,101,8,10254.18,4.624972813284271,2.1972245773362196,9.235538222765896,2,Loyal Customers,4.0,Loyal Customers
15764,89,6,3279.97,4.499809670330265,1.9459101490553132,8.095894389365505,2,Loyal Customers,4.0,Loyal Customers
17800,38,9,1187.21,3.6635616461296463,2.302585092994046,7.080203251977793,2,Loyal Customers,4.0,Loyal Customers
17671,16,4,1572.71,2.833213344056216,1.6094379124341003,7.361191168037922,2,Loyal Customers,4.0,Loyal Customers
15123,8,2,2199.31,2.1972245773362196,1.0986122886681098,7.696353538510563,3,At Risk,4.0,Loyal Customers
17591,74,7,2203.67,4.31748811353631,2.0794415416798357,7.698333116816846,2,Loyal Customers,4.0,Loyal Customers
13373,61,3,3312.25,4.127134385045092,1.3862943611198906,8.105684859760789,2,Loyal Customers,4.0,Loyal Customers
13015,54,5,3339.64,4.007333185232471,1.791759469228055,8.113917684381065,2,Loyal Customers,4.0,Loyal Customers
15722,36,5,2211.21,3.6109179126442243,1.791759469228055,7.701747294844882,2,Loyal Customers,4.0,Loyal Customers
17720,27,4,1195.94,3.332204510175204,1.6094379124341003,7.087523578988375,2,Loyal Customers,4.0,Loyal Customers
15505,53,5,3610.96,3.9889840465642745,1.791759469228055,8.192005840278435,2,Loyal Customers,4.0,Loyal Customers
18161,16,5,1618.69,2.833213344056216,1.791759469228055,7.3899900518904555,2,Loyal Customers,4.0,Loyal Customers
18079,46,4,3613.15,3.8501476017100584,1.6094379124341003,8.192611975548187,2,Loyal Customers,4.0,Loyal Customers
13082,127,9,3613.63,4.852030263919617,2.302585092994046,8.192744778040643,2,Loyal Customers,4.0,Loyal Customers
15676,19,3,3435.76,2.995732273553991,1.3862943611198906,8.142284446073054,2,Loyal Customers,4.0,Loyal Customers
14759,5,3,1625.97,1.791759469228055,1.3862943611198906,7.394474668204541,3,At Risk,4.0,Loyal Customers
16771,34,5,2242.61,3.5553480614894135,1.791759469228055,7.715841454746731,2,Loyal Customers,4.0,Loyal Customers
17284,61,6,1647.48,4.127134385045092,1.9459101490553132,7.407608930196758,2,Loyal Customers,4.0,Loyal Customers
18259,25,3,2338.6,3.258096538021482,1.3862943611198906,7.757735253568871,2,Loyal Customers,4.0,Loyal Customers
15998,37,5,3080.22,3.6375861597263857,1.791759469228055,8.033080901435286,2,Loyal Customers,4.0,Loyal Customers
15581,121,13,3675.77,4.804021044733257,2.6390573296152584,8.20978992835222,2,Loyal Customers,4.0,Loyal Customers
14145,47,4,3742.2,3.871201010907891,1.6094379124341003,8.227696139552007,2,Loyal Customers,4.0,Loyal Customers
15228,67,4,3386.71,4.219507705176107,1.6094379124341003,8.127909455886419,2,Loyal Customers,4.0,Loyal Customers
14418,4,3,1937.25,1.6094379124341003,1.3862943611198906,7.569540783099068,3,At Risk,4.0,Loyal Customers
16184,65,6,1158.79,4.189654742026425,1.9459101490553132,7.055994233228931,2,Loyal Customers,4.0,Loyal Customers
15814,17,4,1945.33,2.8903717578961645,1.6094379124341003,7.573700826991937,2,Loyal Customers,4.0,Loyal Customers
15321,71,3,2748.31,4.276666119016055,1.3862943611198906,7.919105250086756,2,Loyal Customers,4.0,Loyal Customers
13499,18,5,1159.11,2.9444389791664403,1.791759469228055,7.056270107190766,2,Loyal Customers,4.0,Loyal Customers
15410,85,8,3450.84,4.454347296253507,2.1972245773362196,8.146662701187065,2,Loyal Customers,4.0,Loyal Customers
16066,17,5,1521.04,2.8903717578961645,1.791759469228055,7.327806819285222,2,Loyal Customers,4.0,Loyal Customers
14312,47,6,1611.59,3.871201010907891,1.9459101490553132,7.385596861065875,2,Loyal Customers,4.0,Loyal Customers
15379,170,7,3703.29,5.14166355650266,2.0794415416798357,8.217246886437776,2,Loyal Customers,4.0,Loyal Customers
17050,97,6,3185.64,4.584967478670572,1.9459101490553132,8.066722349141488,2,Loyal Customers,4.0,Loyal Customers
13614,25,4,1585.46,3.258096538021482,1.6094379124341003,7.369260397972974,2,Loyal Customers,4.0,Loyal Customers
15065,38,4,3158.13,3.6635616461296463,1.6094379124341003,8.058051952218728,2,Loyal Customers,4.0,Loyal Customers
16553,164,12,5719.82,5.10594547390058,2.5649493574615367,8.651867430742618,2,Loyal Customers,4.0,Loyal Customers
13631,100,11,3070.42,4.61512051684126,2.4849066497880004,8.029895274358873,2,Loyal Customers,4.0,Loyal Customers
17589,61,4,2404.17,4.127134385045092,1.6094379124341003,7.785375866112405,2,Loyal Customers,4.0,Loyal Customers
12853,135,6,1957.1,4.912654885736052,1.9459101490553132,7.579729894309281,2,Loyal Customers,4.0,Loyal Customers
14854,79,7,2740.03,4.382026634673881,2.0794415416798357,7.916089041153508,2,Loyal Customers,4.0,Loyal Customers
15288,44,5,2306.52,3.8066624897703196,1.791759469228055,7.743928633728395,2,Loyal Customers,4.0,Loyal Customers
14364,109,8,3717.35,4.700480365792417,2.1972245773362196,8.221035300483413,2,Loyal Customers,4.0,Loyal Customers
13265,54,5,2092.66,4.007333185232471,1.791759469228055,7.646669009574865,2,Loyal Customers,4.0,Loyal Customers
16446,1,2,168472.5,0.6931471805599453,1.0986122886681098,12.034533746376653,0,Champions,4.0,Loyal Customers
17837,43,8,1541.23,3.784189633918261,2.1972245773362196,7.340984699939525,2,Loyal Customers,4.0,Loyal Customers
16532,18,3,6748.8,2.9444389791664403,1.3862943611198906,8.81726815379798,2,Loyal Customers,4.0,Loyal Customers
16240,25,2,3718.8,3.258096538021482,1.0986122886681098,8.221425182381026,2,Loyal Customers,4.0,Loyal Customers
15157,4,3,1936.07,1.6094379124341003,1.3862943611198906,7.568931801112307,3,At Risk,4.0,Loyal Customers
16496,9,3,1599.52,2.302585092994046,1.3862943611198906,7.378083855426812,2,Loyal Customers,4.0,Loyal Customers
16041,31,3,3166.4,3.4657359027997265,1.3862943611198906,8.060666341057626,2,Loyal Customers,4.0,Loyal Customers
17061,74,11,5232.23,4.31748811353631,2.4849066497880004,8.56278395725042,0,Champions,4.0,Loyal Customers
14336,17,4,1614.91,2.8903717578961645,1.6094379124341003,7.387653544460817,2,Loyal Customers,4.0,Loyal Customers
16258,46,5,5203.51,3.8501476017100584,1.791759469228055,8.557280836367838,2,Loyal Customers,4.0,Loyal Customers
17819,72,7,3704.87,4.290459441148391,2.0794415416798357,8.217673327978565,2,Loyal Customers,4.0,Loyal Customers
16466,34,7,1595.96,3.5553480614894135,2.0794415416798357,7.375857100938276,2,Loyal Customers,4.0,Loyal Customers
15834,71,4,2225.15,4.276666119016055,1.6094379124341003,7.708028915009937,2,Loyal Customers,4.0,Loyal Customers
17348,15,5,1156.6,2.772588722239781,1.791759469228055,7.054104175317274,2,Loyal Customers,4.0,Loyal Customers
14737,4,3,1164.55,1.6094379124341003,1.3862943611198906,7.060948357598531,3,At Risk,4.0,Loyal Customers
16875,68,5,2095.53,4.23410650459726,1.791759469228055,7.648038876071995,2,Loyal Customers,4.0,Loyal Customers
15491,96,6,3100.09,4.574710978503383,1.9459101490553132,8.039508941575132,2,Loyal Customers,4.0,Loyal Customers
15815,64,5,2100.6,4.174387269895637,1.791759469228055,7.65045423837133,2,Loyal Customers,4.0,Loyal Customers
14257,65,5,3099.72,4.189654742026425,1.791759469228055,8.039389621570026,2,Loyal Customers,4.0,Loyal Customers
16940,53,3,3049.88,3.9889840465642745,1.3862943611198906,8.023185352576407,2,Loyal Customers,4.0,Loyal Customers
14101,74,6,5976.79,4.31748811353631,1.9459101490553132,8.695806213421232,2,Loyal Customers,4.0,Loyal Customers
14447,19,5,1163.23,2.995732273553991,1.791759469228055,7.059815203273879,2,Loyal Customers,4.0,Loyal Customers
13174,17,3,2742.82,2.8903717578961645,1.3862943611198906,7.917106389026516,2,Loyal Customers,4.0,Loyal Customers
16303,26,3,5360.63,3.295836866004329,1.3862943611198906,8.587023312312065,2,Loyal Customers,4.0,Loyal Customers
14498,43,5,1957.32,3.784189633918261,1.791759469228055,7.579842241810434,2,Loyal Customers,4.0,Loyal Customers
13316,38,4,5732.93,3.6635616461296463,1.6094379124341003,8.654156438485995,2,Loyal Customers,4.0,Loyal Customers
15550,5,4,575.63,1.791759469228055,1.6094379124341003,6.357200812987149,3,At Risk,4.0,Loyal Customers
16005,13,4,578.71,2.6390573296152584,1.6094379124341003,6.3625279784987825,3,At Risk,4.0,Loyal Customers
13558,6,4,594.52,1.9459101490553132,1.6094379124341003,6.389434973453886,3,At Risk,4.0,Loyal Customers
13928,11,4,464.57,2.4849066497880004,1.6094379124341003,6.143262461351643,3,At Risk,4.0,Loyal Customers
17523,12,4,652.74,2.5649493574615367,1.6094379124341003,6.48270971889503,3,At Risk,4.0,Loyal Customers
17883,4,4,664.34,1.6094379124341003,1.6094379124341003,6.500298188193179,3,At Risk,4.0,Loyal Customers
14871,4,4,501.28,1.6094379124341003,1.6094379124341003,6.219157733120763,3,At Risk,4.0,Loyal Customers
15031,5,4,653.19,1.791759469228055,1.6094379124341003,6.483397829142147,3,At Risk,4.0,Loyal Customers
13838,6,4,674.82,1.9459101490553132,1.6094379124341003,6.515926768396882,3,At Risk,4.0,Loyal Customers
17299,12,4,656.61,2.5649493574615367,1.6094379124341003,6.4886120504389995,3,At Risk,4.0,Loyal Customers
15571,12,4,650.43,2.5649493574615367,1.6094379124341003,6.47916994643317,3,At Risk,4.0,Loyal Customers
16892,2,5,518.19,1.0986122886681098,1.791759469228055,6.25226990480378,3,At Risk,4.0,Loyal Customers
16500,5,6,400.86,1.791759469228055,1.9459101490553132,5.996103769256407,3,At Risk,4.0,Loyal Customers
15028,9,4,627.13,2.302585092994046,1.6094379124341003,6.442747151414763,3,At Risk,4.0,Loyal Customers
15038,59,6,685.74,4.0943445622221,1.9459101490553132,6.531955763529723,2,Loyal Customers,3.67,Loyal Customers
14111,15,4,692.85,2.772588722239781,1.6094379124341003,6.54225579881702,3,At Risk,3.67,Loyal Customers
15053,5,3,693.95,1.791759469228055,1.3862943611198906,6.5438399005307675,3,At Risk,3.67,Loyal Customers
15304,61,8,694.4,4.127134385045092,2.1972245773362196,6.544487219573761,2,Loyal Customers,3.67,Loyal Customers
14829,30,4,697.55,3.4339872044851463,1.6094379124341003,6.549006758096496,2,Loyal Customers,3.67,Loyal Customers
17812,13,4,699.81,2.6390573296152584,1.6094379124341003,6.552236808926767,3,At Risk,3.67,Loyal Customers
13238,18,4,700.73,2.9444389791664403,1.6094379124341003,6.553548714657728,2,Loyal Customers,3.67,Loyal Customers
14198,19,4,701.4,2.995732273553991,1.6094379124341003,6.554503042320907,2,Loyal Customers,3.67,Loyal Customers
12883,25,4,703.47,3.258096538021482,1.6094379124341003,6.5574457470395595,2,Loyal Customers,3.67,Loyal Customers
16015,4,3,704.55,1.6094379124341003,1.3862943611198906,6.55897764050377,3,At Risk,3.67,Loyal Customers
14126,8,3,706.13,2.1972245773362196,1.3862943611198906,6.561214524523949,3,At Risk,3.67,Loyal Customers
13705,8,3,711.86,2.1972245773362196,1.3862943611198906,6.569285047698251,3,At Risk,3.67,Loyal Customers
15584,24,4,720.86,3.2188758248682006,1.6094379124341003,6.581831214273488,2,Loyal Customers,3.67,Loyal Customers
13623,31,5,727.74,3.4657359027997265,1.791759469228055,6.591317015443623,2,Loyal Customers,3.67,Loyal Customers
17666,4,2,728.16,1.6094379124341003,1.0986122886681098,6.591893186664721,3,At Risk,3.67,Loyal Customers
16261,18,4,728.54,2.9444389791664403,1.6094379124341003,6.592414198536382,2,Loyal Customers,3.67,Loyal Customers
13575,24,5,732.07,3.2188758248682006,1.791759469228055,6.597241195280628,2,Loyal Customers,3.67,Loyal Customers
15525,3,3,734.37,1.3862943611198906,1.3862943611198906,6.600373773909423,3,At Risk,3.67,Loyal Customers
14662,29,4,741.37,3.4011973816621555,1.6094379124341003,6.609847771172747,2,Loyal Customers,3.67,Loyal Customers
14790,17,4,745.06,2.8903717578961645,1.6094379124341003,6.61480602592395,2,Loyal Customers,3.67,Loyal Customers
14201,61,7,747.44,4.127134385045092,2.0794415416798357,6.617991040326031,2,Loyal Customers,3.67,Loyal Customers
13030,12,2,752.44,2.5649493574615367,1.0986122886681098,6.6246493864952445,3,At Risk,3.67,Loyal Customers
14234,23,4,754.12,3.1780538303479458,1.6094379124341003,6.626876677016689,2,Loyal Customers,3.67,Loyal Customers
16205,31,4,757.63,3.4657359027997265,1.6094379124341003,6.631514175005942,2,Loyal Customers,3.67,Loyal Customers
15568,3,3,758.29,1.3862943611198906,1.3862943611198906,6.6323837861074395,3,At Risk,3.67,Loyal Customers
14883,19,6,761.59,2.995732273553991,1.9459101490553132,6.636720534303131,2,Loyal Customers,3.67,Loyal Customers
17516,16,5,764.88,2.833213344056216,1.791759469228055,6.641025499505004,2,Loyal Customers,3.67,Loyal Customers
15414,10,3,774.9,2.3978952727983707,1.3862943611198906,6.654023645899904,3,At Risk,3.67,Loyal Customers
13314,2,3,775.94,1.0986122886681098,1.3862943611198906,6.655363127308804,3,At Risk,3.67,Loyal Customers
15743,17,4,775.96,2.8903717578961645,1.6094379124341003,6.655388868991024,2,Loyal Customers,3.67,Loyal Customers
15618,33,4,776.85,3.5263605246161616,1.6094379124341003,6.656533703533131,2,Loyal Customers,3.67,Loyal Customers
17411,13,3,778.94,2.6390573296152584,1.3862943611198906,6.659216993647982,3,At Risk,3.67,Loyal Customers
15679,25,4,781.28,3.258096538021482,1.6094379124341003,6.6622127327244485,2,Loyal Customers,3.67,Loyal Customers
16759,8,3,789.79,2.1972245773362196,1.3862943611198906,6.673032445794151,3,At Risk,3.67,Loyal Customers
14976,58,7,790.86,4.07753744390572,2.0794415416798357,6.674384608512411,2,Loyal Customers,3.67,Loyal Customers
13167,19,4,791.33,2.995732273553991,1.6094379124341003,6.674977971699642,2,Loyal Customers,3.67,Loyal Customers
13389,12,3,797.96,2.5649493574615367,1.3862943611198906,6.683310881934879,3,At Risk,3.67,Loyal Customers
15965,18,4,808.87,2.9444389791664403,1.6094379124341003,6.696873740958812,2,Loyal Customers,3.67,Loyal Customers
15399,2,3,815.77,1.0986122886681098,1.3862943611198906,6.705357537478585,3,At Risk,3.67,Loyal Customers
16869,23,4,817.12,3.1780538303479458,1.6094379124341003,6.707009025109966,2,Loyal Customers,3.67,Loyal Customers
13681,18,4,827.83,2.9444389791664403,1.6094379124341003,6.720015067761323,2,Loyal Customers,3.67,Loyal Customers
17075,18,4,834.12,2.9444389791664403,1.6094379124341003,6.727575427100043,2,Loyal Customers,3.67,Loyal Customers
13835,26,4,834.57,3.295836866004329,1.6094379124341003,6.728114126692287,2,Loyal Customers,3.67,Loyal Customers
17115,9,3,837.5,2.302585092994046,1.3862943611198906,6.731614581263264,3,At Risk,3.67,Loyal Customers
13940,18,4,839.14,2.9444389791664403,1.6094379124341003,6.73356854461668,2,Loyal Customers,3.67,Loyal Customers
16347,12,2,847.45,2.5649493574615367,1.0986122886681098,6.743411155418835,3,At Risk,3.67,Loyal Customers
14657,18,4,848.22,2.9444389791664403,1.6094379124341003,6.744318281129723,2,Loyal Customers,3.67,Loyal Customers
18096,12,3,849.06,2.5649493574615367,1.3862943611198906,6.745306935228424,3,At Risk,3.67,Loyal Customers
14553,20,5,859.27,3.044522437723423,1.791759469228055,6.757246293462842,2,Loyal Customers,3.67,Loyal Customers
14715,25,4,867.38,3.258096538021482,1.6094379124341003,6.766629406877568,2,Loyal Customers,3.67,Loyal Customers
13200,20,4,870.09,3.044522437723423,1.6094379124341003,6.769745301020691,2,Loyal Customers,3.67,Loyal Customers
15907,4,3,882.72,1.6094379124341003,1.3862943611198906,6.784140270382827,3,At Risk,3.67,Loyal Customers
15822,4,2,885.47,1.6094379124341003,1.0986122886681098,6.787247283994098,3,At Risk,3.67,Loyal Customers
14449,19,4,885.8,2.995732273553991,1.6094379124341003,6.787619477742156,2,Loyal Customers,3.67,Loyal Customers
14623,33,5,886.7,3.5263605246161616,1.791759469228055,6.788633848074274,2,Loyal Customers,3.67,Loyal Customers
17007,51,6,889.93,3.9512437185814275,1.9459101490553132,6.792265860972646,2,Loyal Customers,3.67,Loyal Customers
17848,82,9,901.2,4.418840607796598,2.302585092994046,6.804836224974296,2,Loyal Customers,3.67,Loyal Customers
15807,51,3,903.9,3.9512437185814275,1.3862943611198906,6.807824440357088,2,Loyal Customers,3.67,Loyal Customers
14359,20,3,912.18,3.044522437723423,1.3862943611198906,6.816933013408364,2,Loyal Customers,3.67,Loyal Customers
15707,36,4,916.98,3.6109179126442243,1.6094379124341003,6.822175603890787,2,Loyal Customers,3.67,Loyal Customers
14712,30,3,917.07,3.4339872044851463,1.3862943611198906,6.822273640436711,2,Loyal Customers,3.67,Loyal Customers
16511,22,3,918.33,3.1354942159291497,1.3862943611198906,6.8236451438627554,2,Loyal Customers,3.67,Loyal Customers
15654,10,2,922.53,2.3978952727983707,1.0986122886681098,6.828203284222655,3,At Risk,3.67,Loyal Customers
17552,61,4,930.41,4.127134385045092,1.6094379124341003,6.836699567016301,2,Loyal Customers,3.67,Loyal Customers
17289,32,3,931.02,3.4965075614664802,1.3862943611198906,6.837354273682813,2,Loyal Customers,3.67,Loyal Customers
15787,27,3,933.26,3.332204510175204,1.3862943611198906,6.839754772081388,2,Loyal Customers,3.67,Loyal Customers
16027,92,6,934.62,4.532599493153256,1.9459101490553132,6.841209411138237,2,Loyal Customers,3.67,Loyal Customers
17527,54,4,939.37,4.007333185232471,1.6094379124341003,6.8462734148384685,2,Loyal Customers,3.67,Loyal Customers
15289,30,3,939.78,3.4339872044851463,1.3862943611198906,6.846709318414996,2,Loyal Customers,3.67,Loyal Customers
13636,37,5,949.12,3.6375861597263857,1.791759469228055,6.856588292406893,2,Loyal Customers,3.67,Loyal Customers
15421,59,4,950.36,4.0943445622221,1.6094379124341003,6.857892539809733,2,Loyal Customers,3.67,Loyal Customers
15835,45,4,954.09,3.828641396489095,1.6094379124341003,6.861805576878038,2,Loyal Customers,3.67,Loyal Customers
15948,9,2,955.24,2.302585092994046,1.0986122886681098,6.863008927569726,3,At Risk,3.67,Loyal Customers
14629,5,2,955.26,1.791759469228055,1.0986122886681098,6.863029842602406,3,At Risk,3.67,Loyal Customers
16419,113,6,958.71,4.736198448394496,1.9459101490553132,6.866631155492188,2,Loyal Customers,3.67,Loyal Customers
15793,15,3,965.61,2.772588722239781,1.3862943611198906,6.873795104898541,3,At Risk,3.67,Loyal Customers
14138,2,2,965.88,1.0986122886681098,1.0986122886681098,6.874074392613249,3,At Risk,3.67,Loyal Customers
13155,34,4,971.76,3.5553480614894135,1.6094379124341003,6.880137391945464,2,Loyal Customers,3.67,Loyal Customers
15506,23,3,972.08,3.1780538303479458,1.3862943611198906,6.880466298744467,2,Loyal Customers,3.67,Loyal Customers
15449,27,3,974.52,3.332204510175204,1.3862943611198906,6.882970662159506,2,Loyal Customers,3.67,Loyal Customers
16376,9,2,974.96,2.302585092994046,1.0986122886681098,6.883421601966684,3,At Risk,3.67,Loyal Customers
16188,45,4,981.86,3.828641396489095,1.6094379124341003,6.890466688844595,2,Loyal Customers,3.67,Loyal Customers
17144,2,2,984.57,1.0986122886681098,1.0986122886681098,6.893220154004312,3,At Risk,3.67,Loyal Customers
15062,72,4,987.86,4.290459441148391,1.6094379124341003,6.896552764474143,2,Loyal Customers,3.67,Loyal Customers
14514,62,3,990.2,4.143134726391533,1.3862943611198906,6.898916330314933,2,Loyal Customers,3.67,Loyal Customers
16232,44,4,990.88,3.8066624897703196,1.6094379124341003,6.89960213222575,2,Loyal Customers,3.67,Loyal Customers
13867,32,3,1005.09,3.4965075614664802,1.3862943611198906,6.913826809878765,2,Loyal Customers,3.67,Loyal Customers
14631,51,3,1006.98,3.9512437185814275,1.3862943611198906,6.915703607164632,2,Loyal Customers,3.67,Loyal Customers
14775,59,3,1011.9,4.0943445622221,1.3862943611198906,6.9205727826927514,2,Loyal Customers,3.67,Loyal Customers
15996,89,6,1032.58,4.499809670330265,1.9459101490553132,6.940783782995926,2,Loyal Customers,3.67,Loyal Customers
17724,72,3,1033.0,4.290459441148391,1.3862943611198906,6.9411900550683745,2,Loyal Customers,3.67,Loyal Customers
15407,34,4,1046.74,3.5553480614894135,1.6094379124341003,6.954390742498122,2,Loyal Customers,3.67,Loyal Customers
16728,47,4,1048.28,3.871201010907891,1.6094379124341003,6.955859493656283,2,Loyal Customers,3.67,Loyal Customers
14078,102,6,1049.37,4.634728988229636,1.9459101490553132,6.956897762032364,2,Loyal Customers,3.67,Loyal Customers
16416,27,3,1051.4,3.332204510175204,1.3862943611198906,6.958828549166138,2,Loyal Customers,3.67,Loyal Customers
13455,25,2,1058.34,3.258096538021482,1.0986122886681098,6.965401351674954,3,At Risk,3.67,Loyal Customers
18130,16,3,1059.39,2.833213344056216,1.3862943611198906,6.966392043966783,2,Loyal Customers,3.67,Loyal Customers
15706,64,4,1060.56,4.174387269895637,1.6094379124341003,6.967494803332995,2,Loyal Customers,3.67,Loyal Customers
15801,47,3,1063.95,3.871201010907891,1.3862943611198906,6.97068312868461,2,Loyal Customers,3.67,Loyal Customers
16200,5,2,1068.87,1.791759469228055,1.0986122886681098,6.9752924247476935,3,At Risk,3.67,Loyal Customers
17041,27,3,1071.49,3.332204510175204,1.3862943611198906,6.977738326749379,2,Loyal Customers,3.67,Loyal Customers
13467,11,2,1071.91,2.4849066497880004,1.0986122886681098,6.978129862132399,3,At Risk,3.67,Loyal Customers
15238,30,3,1071.99,3.4339872044851463,1.3862943611198906,6.978204422922778,2,Loyal Customers,3.67,Loyal Customers
13131,24,3,1073.3,3.2188758248682006,1.3862943611198906,6.979424565672496,2,Loyal Customers,3.67,Loyal Customers
16533,20,3,1082.81,3.044522437723423,1.3862943611198906,6.988237889884059,2,Loyal Customers,3.67,Loyal Customers
16225,45,5,1096.32,3.828641396489095,1.791759469228055,7.000626122386744,2,Loyal Customers,3.67,Loyal Customers
17966,38,5,1098.43,3.6635616461296463,1.791759469228055,7.0025471426656845,2,Loyal Customers,3.67,Loyal Customers
14410,93,9,1100.27,4.543294782270004,2.302585092994046,7.004219338265954,2,Loyal Customers,3.67,Loyal Customers
17609,41,5,1105.78,3.7376696182833684,1.791759469228055,7.00921017763747,2,Loyal Customers,3.67,Loyal Customers
15933,22,3,1107.46,3.1354942159291497,1.3862943611198906,7.010726943606016,2,Loyal Customers,3.67,Loyal Customers
13591,65,3,1117.13,4.189654742026425,1.3862943611198906,7.019412926024925,2,Loyal Customers,3.67,Loyal Customers
17894,72,8,1118.96,4.290459441148391,2.1972245773362196,7.021048249365656,2,Loyal Customers,3.67,Loyal Customers
15730,66,3,1120.88,4.204692619390966,1.3862943611198906,7.022761128491225,2,Loyal Customers,3.67,Loyal Customers
16086,60,5,1121.39,4.110873864173311,1.791759469228055,7.023215619268875,2,Loyal Customers,3.67,Loyal Customers
17470,45,5,1125.07,3.828641396489095,1.791759469228055,7.02648897373005,2,Loyal Customers,3.67,Loyal Customers
13447,24,3,1129.14,3.2188758248682006,1.3862943611198906,7.030096797837492,2,Loyal Customers,3.67,Loyal Customers
13310,29,3,1132.03,3.4011973816621555,1.3862943611198906,7.032650739053453,2,Loyal Customers,3.67,Loyal Customers
13282,19,3,1132.14,2.995732273553991,1.3862943611198906,7.032747819149021,2,Loyal Customers,3.67,Loyal Customers
15489,23,3,1134.28,3.1780538303479458,1.3862943611198906,7.034634595526282,2,Loyal Customers,3.67,Loyal Customers
17500,18,3,1138.0,2.9444389791664403,1.3862943611198906,7.037905963447182,2,Loyal Customers,3.67,Loyal Customers
15605,37,5,1198.23,3.6375861597263857,1.791759469228055,7.089434963153261,2,Loyal Customers,3.67,Loyal Customers
16762,20,3,1207.24,3.044522437723423,1.3862943611198906,7.096920034258086,2,Loyal Customers,3.67,Loyal Customers
17653,37,4,1207.56,3.6375861597263857,1.6094379124341003,7.09718484723547,2,Loyal Customers,3.67,Loyal Customers
18263,26,3,1213.16,3.295836866004329,1.3862943611198906,7.10180775865179,2,Loyal Customers,3.67,Loyal Customers
15227,37,5,1219.4,3.6375861597263857,1.791759469228055,7.106933952842515,2,Loyal Customers,3.67,Loyal Customers
14913,36,4,1227.43,3.6109179126442243,1.6094379124341003,7.113492210280829,2,Loyal Customers,3.67,Loyal Customers
18171,59,5,1231.31,4.0943445622221,1.791759469228055,7.116645735818236,2,Loyal Customers,3.67,Loyal Customers
14893,10,2,1237.85,2.3978952727983707,1.0986122886681098,7.121938808924836,3,At Risk,3.67,Loyal Customers
12985,1,2,1239.38,0.6931471805599453,1.0986122886681098,7.123173063265281,3,At Risk,3.67,Loyal Customers
17584,8,2,1242.3,2.1972245773362196,1.0986122886681098,7.125524413958892,3,At Risk,3.67,Loyal Customers
13029,31,3,1247.5,3.4657359027997265,1.3862943611198906,7.129698109719828,2,Loyal Customers,3.67,Loyal Customers
17262,53,5,1253.36,3.9889840465642745,1.791759469228055,7.134380761332616,2,Loyal Customers,3.67,Loyal Customers
16639,32,3,1257.51,3.4965075614664802,1.3862943611198906,7.137683760511223,2,Loyal Customers,3.67,Loyal Customers
17158,33,3,1266.97,3.5263605246161616,1.3862943611198906,7.145172475411292,2,Loyal Customers,3.67,Loyal Customers
15199,60,4,1268.7,4.110873864173311,1.6094379124341003,7.1465359310757455,2,Loyal Customers,3.67,Loyal Customers
14916,71,4,1268.98,4.276666119016055,1.6094379124341003,7.146756431297139,2,Loyal Customers,3.67,Loyal Customers
16224,58,4,1295.3,4.07753744390572,1.6094379124341003,7.167269331605997,2,Loyal Customers,3.67,Loyal Customers
16464,20,3,1298.66,3.044522437723423,1.3862943611198906,7.169857970780942,2,Loyal Customers,3.67,Loyal Customers
13168,37,4,1299.59,3.6375861597263857,1.6094379124341003,7.170573286646459,2,Loyal Customers,3.67,Loyal Customers
16120,60,4,1309.14,4.110873864173311,1.6094379124341003,7.1778892807139885,2,Loyal Customers,3.67,Loyal Customers
16040,66,3,1313.55,4.204692619390966,1.3862943611198906,7.181249680723068,2,Loyal Customers,3.67,Loyal Customers
17095,23,3,1324.16,3.1780538303479458,1.3862943611198906,7.189288485847039,2,Loyal Customers,3.67,Loyal Customers
17932,30,3,1331.57,3.4339872044851463,1.3862943611198906,7.19486468749322,2,Loyal Customers,3.67,Loyal Customers
16669,24,3,1348.88,3.2188758248682006,1.3862943611198906,7.207770978592735,2,Loyal Customers,3.67,Loyal Customers
16079,17,3,1352.0,2.8903717578961645,1.3862943611198906,7.210079628170788,2,Loyal Customers,3.67,Loyal Customers
17621,22,3,1379.9,3.1354942159291497,1.3862943611198906,7.230490739491305,2,Loyal Customers,3.67,Loyal Customers
16389,54,4,1382.07,4.007333185232471,1.6094379124341003,7.2320609449898114,2,Loyal Customers,3.67,Loyal Customers
15051,24,3,1383.36,3.2188758248682006,1.3862943611198906,7.232993217960352,2,Loyal Customers,3.67,Loyal Customers
18167,24,3,1384.86,3.2188758248682006,1.3862943611198906,7.234076164546974,2,Loyal Customers,3.67,Loyal Customers
13308,23,3,1385.51,3.1780538303479458,1.3862943611198906,7.23454507743516,2,Loyal Customers,3.67,Loyal Customers
13516,22,3,1389.41,3.1354942159291497,1.3862943611198906,7.2373539466601775,2,Loyal Customers,3.67,Loyal Customers
15444,10,2,1411.21,2.3978952727983707,1.0986122886681098,7.252911132207154,3,At Risk,3.67,Loyal Customers
16245,24,3,1413.66,3.2188758248682006,1.3862943611198906,7.254644498519316,2,Loyal Customers,3.67,Loyal Customers
14443,54,4,1420.2,4.007333185232471,1.6094379124341003,7.259256864146872,2,Loyal Customers,3.67,Loyal Customers
14019,47,3,1421.61,3.871201010907891,1.3862943611198906,7.260248491657529,2,Loyal Customers,3.67,Loyal Customers
16571,27,3,1421.69,3.332204510175204,1.3862943611198906,7.260304724743686,2,Loyal Customers,3.67,Loyal Customers
17571,51,4,1425.67,3.9512437185814275,1.6094379124341003,7.263098336353601,2,Loyal Customers,3.67,Loyal Customers
17175,45,4,1443.69,3.828641396489095,1.6094379124341003,7.275650044659092,2,Loyal Customers,3.67,Loyal Customers
14233,50,4,1462.72,3.9318256327243257,1.6094379124341003,7.288736419398735,2,Loyal Customers,3.67,Loyal Customers
12882,10,2,1463.04,2.3978952727983707,1.0986122886681098,7.288955016552379,3,At Risk,3.67,Loyal Customers
15128,61,4,1471.0,4.127134385045092,1.6094379124341003,7.294377299288821,2,Loyal Customers,3.67,Loyal Customers
15826,57,3,1654.31,4.060443010546419,1.3862943611198906,7.411743581448863,2,Loyal Customers,3.67,Loyal Customers
16671,29,3,1692.27,3.4011973816621555,1.3862943611198906,7.434416849630159,2,Loyal Customers,3.67,Loyal Customers
16007,48,4,1693.81,3.8918202981106265,1.6094379124341003,7.435325919136224,2,Loyal Customers,3.67,Loyal Customers
15240,45,5,1706.57,3.828641396489095,1.791759469228055,7.442826586212262,2,Loyal Customers,3.67,Loyal Customers
14387,33,3,1727.6,3.5263605246161616,1.3862943611198906,7.455067111318538,2,Loyal Customers,3.67,Loyal Customers
15050,26,3,1737.69,3.295836866004329,1.3862943611198906,7.460887235093727,2,Loyal Customers,3.67,Loyal Customers
17930,36,5,1740.48,3.6109179126442243,1.791759469228055,7.462490605387541,2,Loyal Customers,3.67,Loyal Customers
13157,50,4,1741.22,3.9318256327243257,1.6094379124341003,7.462915441057162,2,Loyal Customers,3.67,Loyal Customers
16681,73,6,1770.34,4.30406509320417,1.9459101490553132,7.479491601287773,2,Loyal Customers,3.67,Loyal Customers
17092,51,4,1774.03,3.9512437185814275,1.6094379124341003,7.48157260317514,2,Loyal Customers,3.67,Loyal Customers
13875,54,5,1786.79,4.007333185232471,1.791759469228055,7.488735499171278,2,Loyal Customers,3.67,Loyal Customers
18235,72,3,1796.48,4.290459441148391,1.3862943611198906,7.494140962968628,2,Loyal Customers,3.67,Loyal Customers
17648,61,4,1797.5,4.127134385045092,1.6094379124341003,7.494708263135679,2,Loyal Customers,3.67,Loyal Customers
16249,53,5,1800.07,3.9889840465642745,1.791759469228055,7.496136211716589,2,Loyal Customers,3.67,Loyal Customers
13481,46,5,1804.56,3.8501476017100584,1.791759469228055,7.498626071957096,2,Loyal Customers,3.67,Loyal Customers
15260,101,7,1810.77,4.624972813284271,2.0794415416798357,7.502059546979103,2,Loyal Customers,3.67,Loyal Customers
16153,50,5,1824.23,3.9318256327243257,1.791759469228055,7.5094612854730665,2,Loyal Customers,3.67,Loyal Customers
14665,61,5,1835.7,4.127134385045092,1.791759469228055,7.5157257621344895,2,Loyal Customers,3.67,Loyal Customers
15827,74,14,1836.09,4.31748811353631,2.70805020110221,7.515938076938256,2,Loyal Customers,3.67,Loyal Customers
17015,29,3,1838.61,3.4011973816621555,1.3862943611198906,7.517308871615334,2,Loyal Customers,3.67,Loyal Customers
14472,104,8,1852.67,4.653960350157523,2.1972245773362196,7.524922736755564,2,Loyal Customers,3.67,Loyal Customers
13982,40,4,1871.81,3.713572066704308,1.6094379124341003,7.535195255760907,2,Loyal Customers,3.67,Loyal Customers
15367,58,4,1877.59,4.07753744390572,1.6094379124341003,7.538276774433291,2,Loyal Customers,3.67,Loyal Customers
15819,50,4,1905.45,3.9318256327243257,1.6094379124341003,7.552998152884997,2,Loyal Customers,3.67,Loyal Customers
14210,106,6,1905.84,4.672828834461906,1.9459101490553132,7.553202700664662,2,Loyal Customers,3.67,Loyal Customers
15674,74,5,2446.6,4.31748811353631,1.791759469228055,7.802863231588385,2,Loyal Customers,3.67,Loyal Customers
15245,135,3,2515.84,4.912654885736052,1.3862943611198906,7.83075942537543,2,Loyal Customers,3.67,Loyal Customers
17317,47,3,2600.34,3.871201010907891,1.3862943611198906,7.863781975859922,2,Loyal Customers,3.67,Loyal Customers
13851,96,3,2651.46,4.574710978503383,1.3862943611198906,7.883242790261331,2,Loyal Customers,3.67,Loyal Customers
15195,3,1,3861.0,1.3862943611198906,0.6931471805599453,8.258940462988459,3,At Risk,3.67,Loyal Customers
13555,74,4,4098.88,4.31748811353631,1.6094379124341003,8.318712983971391,2,Loyal Customers,3.67,Loyal Customers
16395,61,5,1482.06,4.127134385045092,1.791759469228055,7.3018627998495145,2,Loyal Customers,3.67,Loyal Customers
17337,152,4,1981.06,5.030437921392435,1.6094379124341003,7.591891986883801,2,Loyal Customers,3.67,Loyal Customers
17679,53,2,1992.11,3.9889840465642745,1.0986122886681098,7.597451511865824,2,Loyal Customers,3.67,Loyal Customers
13802,139,3,4599.42,4.941642422609304,1.3862943611198906,8.433902882657025,2,Loyal Customers,3.67,Loyal Customers
13692,25,3,1488.32,3.258096538021482,1.3862943611198906,7.30607491892943,2,Loyal Customers,3.67,Loyal Customers
13901,73,5,2867.2,4.30406509320417,1.791759469228055,7.961439934295112,2,Loyal Customers,3.67,Loyal Customers
13593,109,5,2011.88,4.700480365792417,1.791759469228055,7.607321811344266,2,Loyal Customers,3.67,Loyal Customers
13093,276,8,7832.47,5.6240175061873385,2.1972245773362196,8.966160858120457,2,Loyal Customers,3.67,Loyal Customers
14414,92,7,1496.98,4.532599493153256,2.0794415416798357,7.311872812853191,2,Loyal Customers,3.67,Loyal Customers
12916,139,4,2944.95,4.941642422609304,1.6094379124341003,7.988186624712898,2,Loyal Customers,3.67,Loyal Customers
14001,46,3,2043.08,3.8501476017100584,1.3862943611198906,7.622703089500935,2,Loyal Customers,3.67,Loyal Customers
16279,22,3,1502.78,3.1354942159291497,1.3862943611198906,7.315737217214576,2,Loyal Customers,3.67,Loyal Customers
17504,207,9,2997.03,5.337538079701318,2.302585092994046,8.00571068528359,2,Loyal Customers,3.67,Loyal Customers
16709,85,5,3029.87,4.454347296253507,1.791759469228055,8.016604986002726,2,Loyal Customers,3.67,Loyal Customers
15587,51,4,913.68,3.9512437185814275,1.6094379124341003,6.818574277330894,2,Loyal Customers,3.67,Loyal Customers
13500,24,3,1166.77,3.2188758248682006,1.3862943611198906,7.062851226189096,2,Loyal Customers,3.67,Loyal Customers
15620,57,3,1553.18,4.060443010546419,1.3862943611198906,7.348703354335633,2,Loyal Customers,3.67,Loyal Customers
15306,65,3,1174.35,4.189654742026425,1.3862943611198906,7.069321254563527,2,Loyal Customers,3.67,Loyal Customers
16394,57,5,1555.34,4.060443010546419,1.791759469228055,7.350092189866152,2,Loyal Customers,3.67,Loyal Customers
13224,61,2,2155.95,4.127134385045092,1.0986122886681098,7.676450465777419,2,Loyal Customers,3.67,Loyal Customers
12885,64,3,1175.22,4.174387269895637,1.3862943611198906,7.0700611857921905,2,Loyal Customers,3.67,Loyal Customers
16456,100,5,2158.18,4.61512051684126,1.791759469228055,7.677483798971011,2,Loyal Customers,3.67,Loyal Customers
13752,125,6,1175.38,4.836281906951478,1.9459101490553132,7.07019720551526,2,Loyal Customers,3.67,Loyal Customers
15111,30,3,1567.48,3.4339872044851463,1.3862943611198906,7.357862276513416,2,Loyal Customers,3.67,Loyal Customers
16950,57,3,1178.56,4.060443010546419,1.3862943611198906,7.072896766566239,2,Loyal Customers,3.67,Loyal Customers
14700,33,3,2195.1,3.5263605246161616,1.3862943611198906,7.694438338933248,2,Loyal Customers,3.67,Loyal Customers
16612,33,4,1187.66,3.5263605246161616,1.6094379124341003,7.08058190121429,2,Loyal Customers,3.67,Loyal Customers
15797,114,4,2207.4,4.74493212836325,1.6094379124341003,7.70002355040989,2,Loyal Customers,3.67,Loyal Customers
14970,69,4,1592.06,4.248495242049359,1.6094379124341003,7.373411973984176,2,Loyal Customers,3.67,Loyal Customers
16515,53,5,1624.14,3.9889840465642745,1.791759469228055,7.393349244898962,2,Loyal Customers,3.67,Loyal Customers
13627,60,5,1638.47,4.110873864173311,1.791759469228055,7.402128297855622,2,Loyal Customers,3.67,Loyal Customers
13764,71,3,1519.42,4.276666119016055,1.3862943611198906,7.3267418914616185,2,Loyal Customers,3.67,Loyal Customers
17230,265,8,3638.41,5.583496308781699,2.1972245773362196,8.199576859581033,2,Loyal Customers,3.67,Loyal Customers
13213,57,5,1520.58,4.060443010546419,1.791759469228055,7.327504547645857,2,Loyal Customers,3.67,Loyal Customers
13750,54,5,1647.26,4.007333185232471,1.791759469228055,7.407475465015805,2,Loyal Customers,3.67,Loyal Customers
16735,79,5,2247.41,4.382026634673881,1.791759469228055,7.717978578725217,2,Loyal Customers,3.67,Loyal Customers
13869,124,4,3083.65,4.8283137373023015,1.6094379124341003,8.034193477715295,2,Loyal Customers,3.67,Loyal Customers
13124,90,3,3756.33,4.51085950651685,1.3862943611198906,8.231463877756003,2,Loyal Customers,3.67,Loyal Customers
14163,88,4,2445.91,4.48863636973214,1.6094379124341003,7.802581283035999,2,Loyal Customers,3.67,Loyal Customers
13334,83,3,3502.32,4.430816798843313,1.3862943611198906,8.161466369296502,2,Loyal Customers,3.67,Loyal Customers
18242,73,4,2232.49,4.30406509320417,1.6094379124341003,7.711320663504335,2,Loyal Customers,3.67,Loyal Customers
15673,89,4,2726.23,4.499809670330265,1.6094379124341003,7.911041721056532,2,Loyal Customers,3.67,Loyal Customers
14565,96,4,3099.12,4.574710978503383,1.6094379124341003,8.039196099401456,2,Loyal Customers,3.67,Loyal Customers
17159,22,3,1538.88,3.1354942159291497,1.3862943611198906,7.33945977029367,2,Loyal Customers,3.67,Loyal Customers
18168,177,6,1160.04,5.181783550292085,1.9459101490553132,7.057071434162108,2,Loyal Customers,3.67,Loyal Customers
18016,33,5,1477.66,3.5263605246161616,1.791759469228055,7.298891551225709,2,Loyal Customers,3.67,Loyal Customers
17672,51,2,3178.17,3.9512437185814275,1.0986122886681098,8.064375435416844,2,Loyal Customers,3.67,Loyal Customers
13908,80,4,2369.55,4.394449154672439,1.6094379124341003,7.770877274716226,2,Loyal Customers,3.67,Loyal Customers
14235,76,5,3144.86,4.343805421853684,1.791759469228055,8.053842581674434,2,Loyal Customers,3.67,Loyal Customers
16253,67,2,3683.86,4.219507705176107,1.0986122886681098,8.21198781204284,2,Loyal Customers,3.67,Loyal Customers
14461,149,3,2103.06,5.0106352940962555,1.3862943611198906,7.651624090561262,2,Loyal Customers,3.67,Loyal Customers
13634,34,5,1547.36,3.5553480614894135,1.791759469228055,7.344951585251755,2,Loyal Customers,3.67,Loyal Customers
15704,141,4,2293.62,4.955827057601261,1.6094379124341003,7.738322531443156,2,Loyal Customers,3.67,Loyal Customers
13107,45,4,1531.62,3.828641396489095,1.6094379124341003,7.334733968170588,2,Loyal Customers,3.67,Loyal Customers
18173,87,4,2106.84,4.477336814478207,1.6094379124341003,7.653419005452328,2,Loyal Customers,3.67,Loyal Customers
16209,89,5,2262.62,4.499809670330265,1.791759469228055,7.724720580712637,2,Loyal Customers,3.67,Loyal Customers
16676,34,4,1592.12,3.5553480614894135,1.6094379124341003,7.373449636639774,2,Loyal Customers,3.67,Loyal Customers
15980,89,3,2398.86,4.499809670330265,1.3862943611198906,7.783165681301249,2,Loyal Customers,3.67,Loyal Customers
16550,109,5,2298.97,4.700480365792417,1.791759469228055,7.740651358353913,2,Loyal Customers,3.67,Loyal Customers
12947,144,6,1603.99,4.976733742420574,1.9459101490553132,7.380872805015112,2,Loyal Customers,3.67,Loyal Customers
16369,19,3,1545.41,2.995732273553991,1.3862943611198906,7.343691394505391,2,Loyal Customers,3.67,Loyal Customers
12840,144,4,2726.77,4.976733742420574,1.6094379124341003,7.911239704558553,2,Loyal Customers,3.67,Loyal Customers
15235,218,12,2247.51,5.389071729816501,2.5649493574615367,7.718023053610256,2,Loyal Customers,3.67,Loyal Customers
17722,97,4,2424.04,4.584967478670572,1.6094379124341003,7.793603298080906,2,Loyal Customers,3.67,Loyal Customers
14229,52,3,1547.2,3.970291913552122,1.3862943611198906,7.344848244770613,2,Loyal Customers,3.67,Loyal Customers
16182,73,4,6617.65,4.30406509320417,1.6094379124341003,8.797646700642568,2,Loyal Customers,3.67,Loyal Customers
17850,373,34,5391.21,5.924255797414532,3.5553480614894135,8.59271059842128,0,Champions,3.67,Loyal Customers
13141,85,5,2388.75,4.454347296253507,1.791759469228055,7.778944036943872,2,Loyal Customers,3.67,Loyal Customers
18093,94,4,2106.52,4.553876891600541,1.6094379124341003,7.653267179747945,2,Loyal Customers,3.67,Loyal Customers
17400,127,5,2097.84,4.852030263919617,1.791759469228055,7.649140090140571,2,Loyal Customers,3.67,Loyal Customers
13722,132,3,2375.41,4.890349128221754,1.3862943611198906,7.773346224518516,2,Loyal Customers,3.67,Loyal Customers
14306,52,2,2093.32,3.970291913552122,1.0986122886681098,7.646984197329087,2,Loyal Customers,3.67,Loyal Customers
16637,33,4,1154.47,3.5263605246161616,1.6094379124341003,7.052262466590724,2,Loyal Customers,3.67,Loyal Customers
17988,12,7,201.12,2.5649493574615367,2.0794415416798357,5.308861580423708,3,At Risk,3.67,Loyal Customers
16442,2,3,609.3,1.0986122886681098,1.3862943611198906,6.413950639550449,3,At Risk,3.67,Loyal Customers
17014,9,3,583.43,2.302585092994046,1.3862943611198906,6.370637013261223,3,At Risk,3.67,Loyal Customers
15206,11,4,420.3,2.4849066497880004,1.6094379124341003,6.043345168984971,3,At Risk,3.67,Loyal Customers
14910,3,4,434.35,1.3862943611198906,1.6094379124341003,6.076150305274624,3,At Risk,3.67,Loyal Customers
14467,18,4,596.26,2.9444389791664403,1.6094379124341003,6.392352529473033,3,At Risk,3.67,Loyal Customers
14173,11,4,450.84,2.4849066497880004,1.6094379124341003,6.1133281348648225,3,At Risk,3.67,Loyal Customers
14710,15,4,599.48,2.772588722239781,1.6094379124341003,6.39772933538671,3,At Risk,3.67,Loyal Customers
18211,26,5,600.07,3.295836866004329,1.791759469228055,6.3987114002985646,2,Loyal Customers,3.67,Loyal Customers
14805,16,4,546.4,2.833213344056216,1.6094379124341003,6.305179796606579,3,At Risk,3.67,Loyal Customers
17503,3,2,558.96,1.3862943611198906,1.0986122886681098,6.327865352606625,3,At Risk,3.67,Loyal Customers
16668,16,6,306.72,2.833213344056216,1.9459101490553132,5.729190278590734,3,At Risk,3.67,Loyal Customers
17864,13,3,554.85,2.6390573296152584,1.3862943611198906,6.320498473679624,3,At Risk,3.67,Loyal Customers
16566,16,5,614.66,2.833213344056216,1.791759469228055,6.422694863102173,2,Loyal Customers,3.67,Loyal Customers
14044,27,4,646.42,3.332204510175204,1.6094379124341003,6.472995233816948,2,Loyal Customers,3.67,Loyal Customers
13546,13,3,621.09,2.6390573296152584,1.3862943611198906,6.433084776805697,3,At Risk,3.67,Loyal Customers
16495,4,3,648.26,1.6094379124341003,1.3862943611198906,6.475833252811612,3,At Risk,3.67,Loyal Customers
13247,18,4,501.12,2.9444389791664403,1.6094379124341003,6.218839134950008,3,At Risk,3.67,Loyal Customers
14720,6,3,663.81,1.9459101490553132,1.3862943611198906,6.499501285546037,3,At Risk,3.67,Loyal Customers
15969,3,3,666.1,1.3862943611198906,1.3862943611198906,6.502939959715469,3,At Risk,3.67,Loyal Customers
15060,9,4,294.25,2.302585092994046,1.6094379124341003,5.687822455077471,3,At Risk,3.67,Loyal Customers
14342,22,4,668.56,3.1354942159291497,1.6094379124341003,6.506620780234419,2,Loyal Customers,3.67,Loyal Customers
13258,12,3,672.83,2.5649493574615367,1.3862943611198906,6.512977853578813,3,At Risk,3.67,Loyal Customers
15081,23,5,504.8,3.1780538303479458,1.791759469228055,6.226141334235865,2,Loyal Customers,3.67,Loyal Customers
14820,22,4,507.29,3.1354942159291497,1.6094379124341003,6.231052150838124,3,At Risk,3.67,Loyal Customers
15344,1,3,563.94,0.6931471805599453,1.3862943611198906,6.3367195308171205,3,At Risk,3.67,Loyal Customers
13318,2,3,640.76,1.0986122886681098,1.3862943611198906,6.464214402021743,3,At Risk,3.67,Loyal Customers
15297,11,3,641.94,2.4849066497880004,1.3862943611198906,6.466051407286527,3,At Risk,3.67,Loyal Customers
17345,16,4,519.69,2.833213344056216,1.6094379124341003,6.255154855067978,3,At Risk,3.67,Loyal Customers
16038,8,3,471.78,2.1972245773362196,1.3862943611198906,6.1586301640127346,3,At Risk,3.67,Loyal Customers
15467,10,3,524.88,2.3978952727983707,1.3862943611198906,6.265073049828404,3,At Risk,3.67,Loyal Customers
17290,4,2,513.01,1.6094379124341003,1.0986122886681098,6.242242720518832,3,At Risk,3.67,Loyal Customers
17631,2,3,528.33,1.0986122886681098,1.3862943611198906,6.271612055889925,3,At Risk,3.67,Loyal Customers
18156,13,2,675.64,2.6390573296152584,1.0986122886681098,6.517139373724178,3,At Risk,3.67,Loyal Customers
16469,24,4,625.42,3.2188758248682006,1.6094379124341003,6.440021072647094,2,Loyal Customers,3.67,Loyal Customers
13914,12,2,626.45,2.5649493574615367,1.0986122886681098,6.441663986556317,3,At Risk,3.67,Loyal Customers
18135,30,5,681.91,3.4339872044851463,1.791759469228055,6.52636307929225,2,Loyal Customers,3.67,Loyal Customers
12970,8,4,405.47,2.1972245773362196,1.6094379124341003,6.00751012552645,3,At Risk,3.67,Loyal Customers
17119,4,2,606.91,1.6094379124341003,1.0986122886681098,6.410026844693401,3,At Risk,3.67,Loyal Customers
13892,27,4,632.97,3.332204510175204,1.6094379124341003,6.4520016347056774,2,Loyal Customers,3.67,Loyal Customers
17515,32,4,639.02,3.4965075614664802,1.6094379124341003,6.461499425865447,2,Loyal Customers,3.67,Loyal Customers
16368,3,2,479.91,1.3862943611198906,1.0986122886681098,6.175680142411356,3,At Risk,3.67,Loyal Customers
14618,10,3,553.44,2.3978952727983707,1.3862943611198906,6.317958595345153,3,At Risk,3.67,Loyal Customers
15669,41,4,684.34,3.7376696182833684,1.6094379124341003,6.529915065486092,2,Loyal Customers,3.33,Potential Loyalists
16642,5,2,688.33,1.791759469228055,1.0986122886681098,6.535720111358577,3,At Risk,3.33,Promising
15181,67,3,689.48,4.219507705176107,1.3862943611198906,6.537387007911402,2,Loyal Customers,3.33,Potential Loyalists
17796,41,4,690.0,3.7376696182833684,1.6094379124341003,6.53813982376767,2,Loyal Customers,3.33,Potential Loyalists
17198,24,3,692.22,3.2188758248682006,1.3862943611198906,6.541347409127499,3,At Risk,3.33,Potential Loyalists
12925,5,2,694.05,1.791759469228055,1.0986122886681098,6.5439837854231016,3,At Risk,3.33,Promising
14959,65,4,695.42,4.189654742026425,1.6094379124341003,6.545952926608586,2,Loyal Customers,3.33,Potential Loyalists
17734,54,3,700.63,4.007333185232471,1.3862943611198906,6.553406199550886,2,Loyal Customers,3.33,Potential Loyalists
17974,25,3,703.99,3.258096538021482,1.3862943611198906,6.558183618314506,3,At Risk,3.33,Potential Loyalists
16882,67,3,705.12,4.219507705176107,1.3862943611198906,6.559785194721083,2,Loyal Customers,3.33,Potential Loyalists
16364,12,2,705.79,2.5649493574615367,1.0986122886681098,6.560733592071543,3,At Risk,3.33,Promising
15951,9,2,708.22,2.302585092994046,1.0986122886681098,6.56416577459204,3,At Risk,3.33,Promising
16136,60,3,709.38,4.110873864173311,1.3862943611198906,6.5658000381285,2,Loyal Customers,3.33,Potential Loyalists
16362,33,5,709.99,3.5263605246161616,1.791759469228055,6.566658365006723,2,Loyal Customers,3.33,Potential Loyalists
15274,5,2,716.57,1.791759469228055,1.0986122886681098,6.5758705038506235,3,At Risk,3.33,Promising
16023,47,3,719.81,3.871201010907891,1.3862943611198906,6.58037557967181,2,Loyal Customers,3.33,Potential Loyalists
14869,9,2,721.45,2.302585092994046,1.0986122886681098,6.5826482134396205,3,At Risk,3.33,Promising
17521,30,3,723.21,3.4339872044851463,1.3862943611198906,6.585081405576444,2,Loyal Customers,3.33,Potential Loyalists
13736,6,2,729.8,1.9459101490553132,1.0986122886681098,6.594139824503851,3,At Risk,3.33,Promising
16099,51,3,731.9,3.9512437185814275,1.3862943611198906,6.597009266931805,2,Loyal Customers,3.33,Potential Loyalists
17979,36,4,732.41,3.6109179126442243,1.6094379124341003,6.597704890668348,2,Loyal Customers,3.33,Potential Loyalists
15215,47,3,734.94,3.871201010907891,1.3862943611198906,6.601148593666668,2,Loyal Customers,3.33,Potential Loyalists
17461,23,3,735.82,3.1780538303479458,1.3862943611198906,6.602343628980946,3,At Risk,3.33,Potential Loyalists
16730,53,3,743.11,3.9889840465642745,1.3862943611198906,6.612188873366803,2,Loyal Customers,3.33,Potential Loyalists
13236,25,2,744.85,3.258096538021482,1.0986122886681098,6.614524507599939,3,At Risk,3.33,Potential Loyalists
17034,17,3,745.52,2.8903717578961645,1.3862943611198906,6.615422408314929,3,At Risk,3.33,Potential Loyalists
15656,46,4,748.5,3.8501476017100584,1.6094379124341003,6.619406317542652,2,Loyal Customers,3.33,Potential Loyalists
16470,52,4,752.77,3.970291913552122,1.6094379124341003,6.625087281686058,2,Loyal Customers,3.33,Potential Loyalists
16770,58,5,757.1,4.07753744390572,1.791759469228055,6.630815303062258,2,Loyal Customers,3.33,Potential Loyalists
14550,11,2,757.37,2.4849066497880004,1.0986122886681098,6.631171393196389,3,At Risk,3.33,Promising
15599,27,2,761.74,3.332204510175204,1.0986122886681098,6.636917213055248,3,At Risk,3.33,Potential Loyalists
17466,11,2,763.28,2.4849066497880004,1.0986122886681098,6.638934214171274,3,At Risk,3.33,Promising
16043,38,4,773.99,3.6635616461296463,1.6094379124341003,6.652850126044293,2,Loyal Customers,3.33,Potential Loyalists
17797,23,3,780.43,3.1780538303479458,1.3862943611198906,6.6611255745126075,3,At Risk,3.33,Potential Loyalists
15239,11,2,780.59,2.4849066497880004,1.0986122886681098,6.661330306378558,3,At Risk,3.33,Promising
15952,34,4,781.91,3.5553480614894135,1.6094379124341003,6.663017746855669,2,Loyal Customers,3.33,Potential Loyalists
17180,57,4,783.97,4.060443010546419,1.6094379124341003,6.665645500491627,2,Loyal Customers,3.33,Potential Loyalists
18136,64,3,784.33,4.174387269895637,1.3862943611198906,6.666104011612187,2,Loyal Customers,3.33,Potential Loyalists
13212,20,3,786.83,3.044522437723423,1.3862943611198906,6.669282330542903,3,At Risk,3.33,Potential Loyalists
15831,59,3,794.64,4.0943445622221,1.3862943611198906,6.67914682223686,2,Loyal Customers,3.33,Potential Loyalists
17905,72,4,798.99,4.290459441148391,1.6094379124341003,6.684599227589802,2,Loyal Customers,3.33,Potential Loyalists
13637,53,3,804.3,3.9889840465642745,1.3862943611198906,6.6912148788015,2,Loyal Customers,3.33,Potential Loyalists
15533,20,3,807.57,3.044522437723423,1.3862943611198906,6.695267255355902,3,At Risk,3.33,Potential Loyalists
14499,27,3,808.44,3.332204510175204,1.3862943611198906,6.696342650543626,2,Loyal Customers,3.33,Potential Loyalists
16460,29,3,811.23,3.4011973816621555,1.3862943611198906,6.699783551285148,2,Loyal Customers,3.33,Potential Loyalists
16621,52,4,813.48,3.970291913552122,1.6094379124341003,6.70254987279894,2,Loyal Customers,3.33,Potential Loyalists
17759,18,3,819.96,2.9444389791664403,1.3862943611198906,6.7104743871936545,3,At Risk,3.33,Potential Loyalists
17921,65,4,820.23,4.189654742026425,1.6094379124341003,6.710803216382034,2,Loyal Customers,3.33,Potential Loyalists
16164,18,3,822.48,2.9444389791664403,1.3862943611198906,6.713539262741108,3,At Risk,3.33,Potential Loyalists
15164,69,3,824.58,4.248495242049359,1.3862943611198906,6.716086169627672,2,Loyal Customers,3.33,Potential Loyalists
16924,22,3,829.89,3.1354942159291497,1.3862943611198906,6.722497415455896,2,Loyal Customers,3.33,Potential Loyalists
14332,23,3,840.21,3.1780538303479458,1.3862943611198906,6.734841331537249,2,Loyal Customers,3.33,Potential Loyalists
14862,26,2,841.2,3.295836866004329,1.0986122886681098,6.736017515727827,3,At Risk,3.33,Potential Loyalists
17624,15,2,843.48,2.772588722239781,1.0986122886681098,6.7387210533149595,3,At Risk,3.33,Potential Loyalists
16020,17,3,851.01,2.8903717578961645,1.3862943611198906,6.747598263849638,3,At Risk,3.33,Potential Loyalists
17064,59,3,855.45,4.0943445622221,1.3862943611198906,6.752795938943994,2,Loyal Customers,3.33,Potential Loyalists
16266,74,7,861.89,4.31748811353631,2.0794415416798357,6.760287220618741,2,Loyal Customers,3.33,At Risk
13846,25,3,865.06,3.258096538021482,1.3862943611198906,6.763954190227071,2,Loyal Customers,3.33,Potential Loyalists
14597,12,2,866.24,2.5649493574615367,1.0986122886681098,6.76531575508289,3,At Risk,3.33,Promising
16235,41,5,867.31,3.7376696182833684,1.791759469228055,6.766548793757163,2,Loyal Customers,3.33,Potential Loyalists
17886,32,3,869.28,3.4965075614664802,1.3862943611198906,6.768814998950002,2,Loyal Customers,3.33,Potential Loyalists
17566,9,2,869.77,2.302585092994046,1.0986122886681098,6.769377877687473,3,At Risk,3.33,Promising
17027,79,6,877.56,4.382026634673881,1.9459101490553132,6.778284203530562,2,Loyal Customers,3.33,At Risk
16900,17,3,887.11,2.8903717578961645,1.3862943611198906,6.789095609194309,3,At Risk,3.33,Potential Loyalists
14344,128,8,889.93,4.859812404361672,2.1972245773362196,6.792265860972646,2,Loyal Customers,3.33,At Risk
14240,31,2,890.34,3.4657359027997265,1.0986122886681098,6.792725948397371,3,At Risk,3.33,Promising
13515,73,4,891.12,4.30406509320417,1.6094379124341003,6.793600652679757,2,Loyal Customers,3.33,At Risk
15211,61,2,894.41,4.127134385045092,1.0986122886681098,6.797281713937488,2,Loyal Customers,3.33,Potential Loyalists
15865,41,3,895.13,3.7376696182833684,1.3862943611198906,6.798085491736212,2,Loyal Customers,3.33,Potential Loyalists
12940,55,2,899.69,4.02535169073515,1.0986122886681098,6.803161136252212,2,Loyal Customers,3.33,Potential Loyalists
13038,81,3,908.46,4.406719247264253,1.3862943611198906,6.812851016782114,2,Loyal Customers,3.33,At Risk
17018,41,2,920.1,3.7376696182833684,1.0986122886681098,6.82556860799419,2,Loyal Customers,3.33,Potential Loyalists
16551,96,3,922.12,4.574710978503383,1.3862943611198906,6.827759236886412,2,Loyal Customers,3.33,At Risk
13805,53,2,924.6,3.9889840465642745,1.0986122886681098,6.830442175879467,2,Loyal Customers,3.33,Potential Loyalists
15312,76,4,924.85,4.343805421853684,1.6094379124341003,6.830712234483825,2,Loyal Customers,3.33,At Risk
17048,118,3,925.35,4.77912349311153,1.3862943611198906,6.831252132996021,2,Loyal Customers,3.33,At Risk
14475,72,3,925.85,4.290459441148391,1.3862943611198906,6.831791740175098,2,Loyal Customers,3.33,At Risk
16934,55,2,931.03,4.02535169073515,1.0986122886681098,6.837365003008744,2,Loyal Customers,3.33,Potential Loyalists
12924,89,4,933.7,4.499809670330265,1.6094379124341003,6.840225622188537,2,Loyal Customers,3.33,At Risk
13748,96,5,948.25,4.574710978503383,1.791759469228055,6.855672199111912,2,Loyal Customers,3.33,At Risk
12822,71,2,948.88,4.276666119016055,1.0986122886681098,6.856335660826602,2,Loyal Customers,3.33,Potential Loyalists
13823,19,2,957.66,2.995732273553991,1.0986122886681098,6.865536476045727,3,At Risk,3.33,Promising
14006,116,3,962.19,4.762173934797756,1.3862943611198906,6.870250692440862,2,Loyal Customers,3.33,At Risk
17100,19,2,971.74,2.995732273553991,1.0986122886681098,6.880116831678181,3,At Risk,3.33,Promising
13350,17,2,979.12,2.8903717578961645,1.0986122886681098,6.887675013147945,3,At Risk,3.33,Promising
18170,34,3,980.31,3.5553480614894135,1.3862943611198906,6.888888413724063,2,Loyal Customers,3.33,Potential Loyalists
15133,128,3,982.42,4.859812404361672,1.3862943611198906,6.891036292375263,2,Loyal Customers,3.33,At Risk
17126,153,5,989.45,5.0369526024136295,1.791759469228055,6.89815938530869,2,Loyal Customers,3.33,At Risk
14223,93,3,991.13,4.543294782270004,1.3862943611198906,6.89985414708588,2,Loyal Customers,3.33,At Risk
13363,18,2,992.5,2.9444389791664403,1.0986122886681098,6.901234061991872,3,At Risk,3.33,Promising
15508,190,6,1000.27,5.25227342804663,1.9459101490553132,6.909024473214282,2,Loyal Customers,3.33,At Risk
17951,40,3,1008.54,3.713572066704308,1.3862943611198906,6.917250060543926,2,Loyal Customers,3.33,Potential Loyalists
16174,127,3,1009.55,4.852030263919617,1.3862943611198906,6.918250016074778,2,Loyal Customers,3.33,At Risk
16572,128,3,1009.6,4.859812404361672,1.3862943611198906,6.918299492857808,2,Loyal Customers,3.33,At Risk
14224,111,4,1009.73,4.718498871295094,1.6094379124341003,6.918428121038441,2,Loyal Customers,3.33,At Risk
13032,53,2,1010.18,3.9889840465642745,1.0986122886681098,6.918873244715984,2,Loyal Customers,3.33,Potential Loyalists
12849,32,2,1010.29,3.4965075614664802,1.0986122886681098,6.918982022596603,2,Loyal Customers,3.33,Promising
13376,100,3,1019.76,4.61512051684126,1.3862943611198906,6.928302726869797,2,Loyal Customers,3.33,At Risk
13165,47,2,1021.48,3.871201010907891,1.0986122886681098,6.929986327823459,2,Loyal Customers,3.33,Potential Loyalists
16160,66,2,1025.44,4.204692619390966,1.0986122886681098,6.933851783703411,2,Loyal Customers,3.33,Potential Loyalists
17033,87,3,1030.14,4.477336814478207,1.3862943611198906,6.9384202652929305,2,Loyal Customers,3.33,At Risk
14584,170,4,1033.06,5.14166355650266,1.6094379124341003,6.941248080464172,2,Loyal Customers,3.33,At Risk
16175,95,4,1037.59,4.564348191467836,1.6094379124341003,6.945619303018016,2,Loyal Customers,3.33,At Risk
14389,66,2,1043.46,4.204692619390966,1.0986122886681098,6.9512552844279885,2,Loyal Customers,3.33,Potential Loyalists
15192,120,3,1044.32,4.795790545596741,1.3862943611198906,6.952078337618801,2,Loyal Customers,3.33,At Risk
15839,34,3,1048.49,3.5553480614894135,1.3862943611198906,6.9560596108684605,2,Loyal Customers,3.33,Potential Loyalists
15329,40,3,1049.7,3.713572066704308,1.3862943611198906,6.957211887694729,2,Loyal Customers,3.33,Potential Loyalists
15977,18,2,1054.73,2.9444389791664403,1.0986122886681098,6.961987749755856,3,At Risk,3.33,Promising
16214,171,3,1062.75,5.147494476813453,1.3862943611198906,6.969555679887584,2,Loyal Customers,3.33,At Risk
13761,51,2,1070.65,3.9512437185814275,1.0986122886681098,6.976954795783142,2,Loyal Customers,3.33,Potential Loyalists
16049,41,3,1074.81,3.7376696182833684,1.3862943611198906,6.980829145204009,2,Loyal Customers,3.33,Potential Loyalists
14352,158,4,1078.96,5.0689042022202315,1.6094379124341003,6.984679282395341,2,Loyal Customers,3.33,At Risk
13726,39,2,1079.66,3.6888794541139363,1.0986122886681098,6.985327244577022,2,Loyal Customers,3.33,Potential Loyalists
15763,32,2,1086.92,3.4965075614664802,1.0986122886681098,6.992022895300703,2,Loyal Customers,3.33,Promising
13652,46,3,1095.08,3.8501476017100584,1.3862943611198906,6.999495457544853,2,Loyal Customers,3.33,Potential Loyalists
14971,36,3,1097.98,3.6109179126442243,1.3862943611198906,7.002137755875882,2,Loyal Customers,3.33,Potential Loyalists
17047,86,3,1100.9,4.465908118654584,1.3862943611198906,7.004791241493732,2,Loyal Customers,3.33,At Risk
15716,146,4,1101.11,4.990432586778736,1.6094379124341003,7.00498180324312,2,Loyal Customers,3.33,At Risk
17585,110,4,1116.68,4.709530201312334,1.6094379124341003,7.019010387342232,2,Loyal Customers,3.33,At Risk
12842,71,2,1118.99,4.276666119016055,1.0986122886681098,7.0210750356778515,2,Loyal Customers,3.33,Potential Loyalists
14276,99,3,1119.74,4.605170185988092,1.3862943611198906,7.021744460399267,2,Loyal Customers,3.33,At Risk
16807,143,3,1121.59,4.969813299576001,1.3862943611198906,7.02339379457603,2,Loyal Customers,3.33,At Risk
13486,79,3,1122.41,4.382026634673881,1.3862943611198906,7.024123981607583,2,Loyal Customers,3.33,At Risk
13772,34,3,1122.63,3.5553480614894135,1.3862943611198906,7.024319794766853,2,Loyal Customers,3.33,Potential Loyalists
16172,96,5,1140.21,4.574710978503383,1.791759469228055,7.039844382006876,2,Loyal Customers,3.33,At Risk
17320,101,3,1200.62,4.624972813284271,1.3862943611198906,7.091425925345387,2,Loyal Customers,3.33,At Risk
13158,95,4,1201.06,4.564348191467836,1.6094379124341003,7.091792030654675,2,Loyal Customers,3.33,At Risk
16653,17,2,1212.66,2.8903717578961645,1.0986122886681098,7.101395866495808,3,At Risk,3.33,Promising
13918,50,2,1212.84,3.9318256327243257,1.0986122886681098,7.101544167216986,2,Loyal Customers,3.33,Potential Loyalists
17774,97,4,1213.73,4.584967478670572,1.6094379124341003,7.10227710885741,2,Loyal Customers,3.33,At Risk
13055,79,3,1214.41,4.382026634673881,1.3862943611198906,7.102836747411359,2,Loyal Customers,3.33,At Risk
14745,113,5,1220.26,4.736198448394496,1.791759469228055,7.107638391655096,2,Loyal Customers,3.33,At Risk
15376,41,3,1221.56,3.7376696182833684,1.3862943611198906,7.108702299899257,2,Loyal Customers,3.33,Potential Loyalists
15841,73,4,1224.06,4.30406509320417,1.6094379124341003,7.110745101371203,2,Loyal Customers,3.33,At Risk
18080,19,2,1231.5,2.995732273553991,1.0986122886681098,7.116799905916845,3,At Risk,3.33,Promising
15201,88,5,1236.54,4.48863636973214,1.791759469228055,7.120880817152784,2,Loyal Customers,3.33,At Risk
17731,80,4,1240.11,4.394449154672439,1.6094379124341003,7.123761419471479,2,Loyal Customers,3.33,At Risk
17588,101,3,1240.2,4.624972813284271,1.3862943611198906,7.123833932574225,2,Loyal Customers,3.33,At Risk
14383,39,3,1247.69,3.6888794541139363,1.3862943611198906,7.129850280760371,2,Loyal Customers,3.33,Potential Loyalists
13848,93,3,1255.0,4.543294782270004,1.3862943611198906,7.135687347028144,2,Loyal Customers,3.33,At Risk
17388,78,4,1259.56,4.3694478524670215,1.6094379124341003,7.13931134565379,2,Loyal Customers,3.33,At Risk
15497,18,2,1262.2,2.9444389791664403,1.0986122886681098,7.141403462941432,3,At Risk,3.33,Promising
16842,101,3,1264.19,4.624972813284271,1.3862943611198906,7.142977587511544,2,Loyal Customers,3.33,At Risk
13989,66,2,1266.08,4.204692619390966,1.0986122886681098,7.144470319606423,2,Loyal Customers,3.33,Potential Loyalists
13431,68,2,1269.1,4.23410650459726,1.0986122886681098,7.146850916510274,2,Loyal Customers,3.33,Potential Loyalists
16951,135,3,1277.75,4.912654885736052,1.3862943611198906,7.153638317265837,2,Loyal Customers,3.33,At Risk
15494,22,2,1280.58,3.1354942159291497,1.0986122886681098,7.155848970699195,2,Loyal Customers,3.33,Promising
17802,83,3,1285.04,4.430816798843313,1.3862943611198906,7.159323008512906,2,Loyal Customers,3.33,At Risk
14856,37,3,1290.53,3.6375861597263857,1.3862943611198906,7.163582841069827,2,Loyal Customers,3.33,Potential Loyalists
16370,83,4,1301.91,4.430816798843313,1.6094379124341003,7.172355503365555,2,Loyal Customers,3.33,At Risk
17004,47,2,1312.14,3.871201010907891,1.0986122886681098,7.180176494665863,2,Loyal Customers,3.33,Potential Loyalists
14973,108,3,1314.45,4.6913478822291435,1.3862943611198906,7.181934091396172,2,Loyal Customers,3.33,At Risk
14921,31,2,1316.07,3.4657359027997265,1.0986122886681098,7.1831648514317985,2,Loyal Customers,3.33,Promising
12854,79,3,1316.25,4.382026634673881,1.3862943611198906,7.183301509089395,2,Loyal Customers,3.33,At Risk
16110,46,3,1320.95,3.8501476017100584,1.3862943611198906,7.186863198213779,2,Loyal Customers,3.33,Potential Loyalists
16045,120,4,1340.7,4.795790545596741,1.6094379124341003,7.201692745596426,2,Loyal Customers,3.33,At Risk
16317,120,3,1341.65,4.795790545596741,1.3862943611198906,7.202400551985058,2,Loyal Customers,3.33,At Risk
15398,17,2,1345.53,2.8903717578961645,1.0986122886681098,7.205286191988605,3,At Risk,3.33,Promising
16493,80,4,1351.63,4.394449154672439,1.6094379124341003,7.209806124401014,2,Loyal Customers,3.33,At Risk
13396,30,2,1360.99,3.4339872044851463,1.0986122886681098,7.216702144538598,2,Loyal Customers,3.33,Promising
15095,104,4,1370.6,4.653960350157523,1.6094379124341003,7.223733220588765,2,Loyal Customers,3.33,At Risk
15569,104,5,1375.71,4.653960350157523,1.791759469228055,7.227451873789157,2,Loyal Customers,3.33,At Risk
12886,68,2,1378.4,4.23410650459726,1.0986122886681098,7.229403900997191,2,Loyal Customers,3.33,Potential Loyalists
13414,134,3,1390.5,4.90527477843843,1.3862943611198906,7.238137580965946,2,Loyal Customers,3.33,At Risk
15810,79,4,1391.98,4.382026634673881,1.6094379124341003,7.239200616174941,2,Loyal Customers,3.33,At Risk
15478,41,2,1399.92,3.7376696182833684,1.0986122886681098,7.244884442636672,2,Loyal Customers,3.33,Potential Loyalists
17083,110,3,1405.78,4.709530201312334,1.3862943611198906,7.249058683836842,2,Loyal Customers,3.33,At Risk
15596,101,5,1406.59,4.624972813284271,1.791759469228055,7.249634301131203,2,Loyal Customers,3.33,At Risk
16012,36,3,1415.29,3.6109179126442243,1.3862943611198906,7.255796055544432,2,Loyal Customers,3.33,Potential Loyalists
15427,34,3,1430.54,3.5553480614894135,1.3862943611198906,7.266506066865208,2,Loyal Customers,3.33,Potential Loyalists
16503,107,4,1431.93,4.68213122712422,1.6094379124341003,7.267476578065607,2,Loyal Customers,3.33,At Risk
13461,39,3,1445.0,3.6888794541139363,1.3862943611198906,7.27655640271871,2,Loyal Customers,3.33,Potential Loyalists
14246,111,3,1474.06,4.718498871295094,1.3862943611198906,7.296453945912696,2,Loyal Customers,3.33,At Risk
14045,110,4,1659.75,4.709530201312334,1.6094379124341003,7.415024586545351,2,Loyal Customers,3.33,At Risk
17656,74,5,1674.69,4.31748811353631,1.791759469228055,7.4239802997335635,2,Loyal Customers,3.33,At Risk
15549,78,3,1681.46,4.3694478524670215,1.3862943611198906,7.428012287090657,2,Loyal Customers,3.33,At Risk
17282,131,3,1685.46,4.882801922586371,1.3862943611198906,7.430386936461763,2,Loyal Customers,3.33,At Risk
13162,123,4,1688.29,4.820281565605037,1.6094379124341003,7.432063601299488,2,Loyal Customers,3.33,At Risk
13564,145,3,1724.67,4.983606621708336,1.3862943611198906,7.453370659852556,2,Loyal Customers,3.33,At Risk
17457,127,5,1737.7,4.852030263919617,1.791759469228055,7.460892986533744,2,Loyal Customers,3.33,At Risk
15067,79,3,1744.76,4.382026634673881,1.3862943611198906,7.464945269906789,2,Loyal Customers,3.33,At Risk
12823,75,5,1759.5,4.330733340286331,1.791759469228055,7.473353138595107,2,Loyal Customers,3.33,At Risk
13134,86,4,1793.58,4.465908118654584,1.6094379124341003,7.4925262902571115,2,Loyal Customers,3.33,At Risk
13562,82,3,1799.33,4.418840607796598,1.3862943611198906,7.495725260414088,2,Loyal Customers,3.33,At Risk
15812,108,5,1801.14,4.6913478822291435,1.791759469228055,7.496730126604398,2,Loyal Customers,3.33,At Risk
17787,153,4,1817.54,5.0369526024136295,1.6094379124341003,7.505789260335805,2,Loyal Customers,3.33,At Risk
13421,41,2,1833.71,3.7376696182833684,1.0986122886681098,7.514641709852188,2,Loyal Customers,3.33,Potential Loyalists
18287,43,3,1837.28,3.784189633918261,1.3862943611198906,7.516585630812605,2,Loyal Customers,3.33,Potential Loyalists
16102,43,3,1842.14,3.784189633918261,1.3862943611198906,7.519225917888408,2,Loyal Customers,3.33,Potential Loyalists
17873,81,5,1848.96,4.406719247264253,1.791759469228055,7.522919296216998,2,Loyal Customers,3.33,At Risk
14305,72,3,1858.96,4.290459441148391,1.3862943611198906,7.528310261099659,2,Loyal Customers,3.33,At Risk
16986,30,2,1873.2,3.4339872044851463,1.0986122886681098,7.535937180689723,2,Loyal Customers,3.33,Promising
15641,106,4,1887.2,4.672828834461906,1.6094379124341003,7.543379273298417,2,Loyal Customers,3.33,At Risk
14978,73,5,1921.37,4.30406509320417,1.791759469228055,7.561314078807358,2,Loyal Customers,3.33,At Risk
13422,65,1,2626.3,4.189654742026425,0.6931471805599453,7.8737119818711125,2,Loyal Customers,3.33,Potential Loyalists
18087,99,2,4055.72,4.605170185988092,1.0986122886681098,8.308130044310031,2,Loyal Customers,3.33,At Risk
16984,89,2,4459.52,4.499809670330265,1.0986122886681098,8.40302063014605,2,Loyal Customers,3.33,At Risk
18204,72,3,1975.35,4.290459441148391,1.3862943611198906,7.589006988129015,2,Loyal Customers,3.33,At Risk
14758,145,4,1484.06,4.983606621708336,1.6094379124341003,7.303210454460983,2,Loyal Customers,3.33,At Risk
17082,34,2,2003.85,3.5553480614894135,1.0986122886681098,7.603324523974459,2,Loyal Customers,3.33,Potential Loyalists
17002,86,3,1493.73,4.465908118654584,1.3862943611198906,7.309700867507591,2,Loyal Customers,3.33,At Risk
13330,93,3,1140.93,4.543294782270004,1.3862943611198906,7.040475092365302,2,Loyal Customers,3.33,At Risk
15032,257,3,4959.1,5.552959584921617,1.3862943611198906,8.50918118080606,2,Loyal Customers,3.33,At Risk
16053,33,2,1511.95,3.5263605246161616,1.0986122886681098,7.321816666315659,2,Loyal Customers,3.33,Promising
14857,60,2,1173.12,4.110873864173311,1.0986122886681098,7.068274209815247,2,Loyal Customers,3.33,Potential Loyalists
14828,197,3,2139.76,5.288267030694535,1.3862943611198906,7.668916185155464,2,Loyal Customers,3.33,At Risk
14038,79,3,1560.38,4.382026634673881,1.3862943611198906,7.353325324586606,2,Loyal Customers,3.33,At Risk
17085,124,5,1562.4,4.8283137373023015,1.791759469228055,7.35461821578623,2,Loyal Customers,3.33,At Risk
17204,176,4,1564.56,5.176149732573829,1.6094379124341003,7.355998866445309,2,Loyal Customers,3.33,At Risk
13611,90,3,1154.4,4.51085950651685,1.3862943611198906,7.052201883347165,2,Loyal Customers,3.33,At Risk
17406,334,3,2184.42,5.814130531825066,1.3862943611198906,7.689563308737489,2,Loyal Customers,3.33,At Risk
17058,82,3,1179.89,4.418840607796598,1.3862943611198906,7.074023670453844,2,Loyal Customers,3.33,At Risk
18231,193,5,2071.77,5.267858159063328,1.791759469228055,7.636641155966783,2,Loyal Customers,3.33,At Risk
13186,40,3,1575.89,3.713572066704308,1.3862943611198906,7.363209831835215,2,Loyal Customers,3.33,Potential Loyalists
13425,109,3,1624.21,4.700480365792417,1.3862943611198906,7.393392317183492,2,Loyal Customers,3.33,At Risk
17313,32,1,2328.84,3.4965075614664802,0.6931471805599453,7.7535548746739895,2,Loyal Customers,3.33,Promising
14164,71,2,1631.77,4.276666119016055,1.0986122886681098,7.398033237980444,2,Loyal Customers,3.33,Potential Loyalists
15122,115,3,1633.78,4.7535901911063645,1.3862943611198906,7.399263517702882,2,Loyal Customers,3.33,At Risk
14573,180,9,1639.82,5.198497031265826,2.302585092994046,7.402951395859895,2,Loyal Customers,3.33,At Risk
15002,116,4,1641.76,4.762173934797756,1.6094379124341003,7.404133033112973,2,Loyal Customers,3.33,At Risk
14837,90,4,1649.5,4.51085950651685,1.6094379124341003,7.408833551293248,2,Loyal Customers,3.33,At Risk
14267,163,3,1516.24,5.099866427824199,1.3862943611198906,7.3246481738226015,2,Loyal Customers,3.33,At Risk
14567,57,2,1530.36,4.060443010546419,1.0986122886681098,7.3339115084475965,2,Loyal Customers,3.33,Potential Loyalists
14403,131,4,1475.81,4.882801922586371,1.6094379124341003,7.297639635123279,2,Loyal Customers,3.33,At Risk
15088,22,2,1160.07,3.1354942159291497,1.0986122886681098,7.057097272731341,3,At Risk,3.33,Promising
15749,236,3,44534.3,5.4680601411351315,1.3862943611198906,10.70403741211812,2,Loyal Customers,3.33,At Risk
13849,52,2,1537.95,3.970291913552122,1.0986122886681098,7.338855644682132,2,Loyal Customers,3.33,Potential Loyalists
13365,34,2,2225.37,3.5553480614894135,1.0986122886681098,7.708127735453272,2,Loyal Customers,3.33,Potential Loyalists
15808,307,4,3651.27,5.730099782973574,1.6094379124341003,8.20310417107402,2,Loyal Customers,3.33,At Risk
13320,79,4,1532.2,4.382026634673881,1.6094379124341003,7.3351123335064,2,Loyal Customers,3.33,At Risk
16755,115,3,1475.43,4.7535901911063645,1.3862943611198906,7.2973822906459604,2,Loyal Customers,3.33,At Risk
15665,169,2,2222.21,5.135798437050262,1.0986122886681098,7.706707376439049,2,Loyal Customers,3.33,At Risk
12868,186,6,1607.06,5.231108616854587,1.9459101490553132,7.3827837624756185,2,Loyal Customers,3.33,At Risk
13397,73,5,1544.13,4.30406509320417,1.791759469228055,7.342863328186895,2,Loyal Customers,3.33,At Risk
15625,104,4,1534.26,4.653960350157523,1.6094379124341003,7.336455026785429,2,Loyal Customers,3.33,At Risk
18178,129,4,1590.81,4.867534450455582,1.6094379124341003,7.372627012548272,2,Loyal Customers,3.33,At Risk
16800,12,1,1162.65,2.5649493574615367,0.6931471805599453,7.0593168957906745,3,At Risk,3.33,Promising
14261,51,2,1163.45,3.9512437185814275,1.0986122886681098,7.060004151519799,2,Loyal Customers,3.33,Potential Loyalists
16801,164,4,1594.23,5.10594547390058,1.6094379124341003,7.374773205449993,2,Loyal Customers,3.33,At Risk
17084,36,2,2747.99,3.6109179126442243,1.0986122886681098,7.918988850472198,2,Loyal Customers,3.33,Potential Loyalists
13079,5,5,220.1,1.791759469228055,1.791759469228055,5.3986150878634005,3,At Risk,3.33,Potential Loyalists
14853,25,2,475.8,3.258096538021482,1.0986122886681098,6.16709711575114,3,At Risk,3.33,Potential Loyalists
16313,4,2,274.15,1.6094379124341003,1.0986122886681098,5.617316403505768,3,At Risk,3.33,Potential Loyalists
15054,13,2,302.1,2.6390573296152584,1.0986122886681098,5.714062784063757,3,At Risk,3.33,Potential Loyalists
17237,12,2,314.69,2.5649493574615367,1.0986122886681098,5.754760719420831,3,At Risk,3.33,Potential Loyalists
15714,12,2,330.03,2.5649493574615367,1.0986122886681098,5.802209005711098,3,At Risk,3.33,Potential Loyalists
17835,3,3,342.24,1.3862943611198906,1.3862943611198906,5.83842991093892,3,At Risk,3.33,Potential Loyalists
16851,5,3,342.45,1.791759469228055,1.3862943611198906,5.839041540659891,3,At Risk,3.33,Potential Loyalists
18112,13,2,352.69,2.6390573296152584,1.0986122886681098,5.868420823264403,3,At Risk,3.33,Potential Loyalists
13379,27,3,572.56,3.332204510175204,1.3862943611198906,6.351862551846838,3,At Risk,3.33,Potential Loyalists
18123,25,2,574.44,3.258096538021482,1.0986122886681098,6.355134965559101,3,At Risk,3.33,Potential Loyalists
13487,58,3,575.4,4.07753744390572,1.3862943611198906,6.356801864125367,2,Loyal Customers,3.33,Potential Loyalists
14529,61,3,578.61,4.127134385045092,1.3862943611198906,6.362355463575814,2,Loyal Customers,3.33,Potential Loyalists
17232,3,2,417.77,1.3862943611198906,1.0986122886681098,6.037321843192776,3,At Risk,3.33,Potential Loyalists
17540,25,2,578.9,3.258096538021482,1.0986122886681098,6.362855674882395,3,At Risk,3.33,Potential Loyalists
13427,20,3,582.6,3.044522437723423,1.3862943611198906,6.369215816648631,3,At Risk,3.33,Potential Loyalists
14023,8,2,584.07,2.1972245773362196,1.0986122886681098,6.371731498193053,3,At Risk,3.33,Promising
14882,27,2,589.7,3.332204510175204,1.0986122886681098,6.38130827431319,3,At Risk,3.33,Potential Loyalists
16203,59,4,592.9,4.0943445622221,1.6094379124341003,6.386710955021814,2,Loyal Customers,3.33,Potential Loyalists
16325,47,3,594.24,3.871201010907891,1.3862943611198906,6.38896468556185,2,Loyal Customers,3.33,Potential Loyalists
12827,6,3,430.15,1.9459101490553132,1.3862943611198906,6.066456057398334,3,At Risk,3.33,Potential Loyalists
17658,26,2,595.42,3.295836866004329,1.0986122886681098,6.39094511686889,3,At Risk,3.33,Potential Loyalists
18246,24,2,596.1,3.2188758248682006,1.0986122886681098,6.392084603552947,3,At Risk,3.33,Potential Loyalists
16298,23,3,598.2,3.1780538303479458,1.3862943611198906,6.3955954322030095,3,At Risk,3.33,Potential Loyalists
17579,5,3,448.9,1.791759469228055,1.3862943611198906,6.109025335847127,3,At Risk,3.33,Potential Loyalists
13311,5,2,598.57,1.791759469228055,1.0986122886681098,6.396212731621162,3,At Risk,3.33,Promising
17420,51,3,598.83,3.9512437185814275,1.3862943611198906,6.3966462817363405,2,Loyal Customers,3.33,Potential Loyalists
13277,16,4,258.4,2.833213344056216,1.6094379124341003,5.5583712718823435,3,At Risk,3.33,Potential Loyalists
17031,12,2,380.35,2.5649493574615367,1.0986122886681098,5.943717588610248,3,At Risk,3.33,Potential Loyalists
12993,24,4,414.76,3.2188758248682006,1.6094379124341003,6.030108170700187,3,At Risk,3.33,Potential Loyalists
14273,52,4,559.97,3.970291913552122,1.6094379124341003,6.329667428156979,2,Loyal Customers,3.33,Potential Loyalists
16916,24,2,562.41,3.2188758248682006,1.0986122886681098,6.334007604663525,3,At Risk,3.33,Potential Loyalists
14539,16,2,537.48,2.833213344056216,1.0986122886681098,6.288750355702458,3,At Risk,3.33,Potential Loyalists
17235,26,2,550.06,3.295836866004329,1.0986122886681098,6.311843696146471,3,At Risk,3.33,Potential Loyalists
16385,61,3,554.86,4.127134385045092,1.3862943611198906,6.320516463982851,2,Loyal Customers,3.33,Potential Loyalists
14997,47,3,546.2,3.871201010907891,1.3862943611198906,6.3048143663083405,2,Loyal Customers,3.33,Potential Loyalists
17557,15,3,541.46,2.772588722239781,1.3862943611198906,6.29611434997733,3,At Risk,3.33,Potential Loyalists
17295,29,3,547.0,3.4011973816621555,1.3862943611198906,6.306275286948016,3,At Risk,3.33,Potential Loyalists
16804,24,3,536.99,3.2188758248682006,1.3862943611198906,6.287839972628443,3,At Risk,3.33,Potential Loyalists
16206,55,4,537.06,4.02535169073515,1.6094379124341003,6.287970078106996,2,Loyal Customers,3.33,Potential Loyalists
16811,5,2,547.07,1.791759469228055,1.0986122886681098,6.3064030160165885,3,At Risk,3.33,Promising
13171,22,3,468.41,3.1354942159291497,1.3862943611198906,6.151476586982076,3,At Risk,3.33,Potential Loyalists
18149,51,3,612.08,3.9512437185814275,1.3862943611198906,6.418495433130707,2,Loyal Customers,3.33,Potential Loyalists
16999,24,2,484.82,3.2188758248682006,1.0986122886681098,6.185838184926078,3,At Risk,3.33,Potential Loyalists
15287,23,2,486.69,3.1780538303479458,1.0986122886681098,6.189679958097341,3,At Risk,3.33,Potential Loyalists
16734,53,3,646.76,3.9889840465642745,1.3862943611198906,6.473520257377859,2,Loyal Customers,3.33,Potential Loyalists
14593,22,3,617.15,3.1354942159291497,1.3862943611198906,6.426731146452936,3,At Risk,3.33,Potential Loyalists
13145,40,4,618.52,3.713572066704308,1.6094379124341003,6.428944984648157,2,Loyal Customers,3.33,Potential Loyalists
17361,50,3,488.2,3.9318256327243257,1.3862943611198906,6.192771403813017,2,Loyal Customers,3.33,Potential Loyalists
17373,41,4,646.92,3.7376696182833684,1.6094379124341003,6.473767231940735,2,Loyal Customers,3.33,Potential Loyalists
17777,25,3,647.56,3.258096538021482,1.3862943611198906,6.4747545206794515,3,At Risk,3.33,Potential Loyalists
14034,23,3,648.89,3.1780538303479458,1.3862943611198906,6.476803117799309,3,At Risk,3.33,Potential Loyalists
13525,15,2,628.78,2.772588722239781,1.0986122886681098,6.445370552049637,3,At Risk,3.33,Potential Loyalists
13028,23,2,661.32,3.1780538303479458,1.0986122886681098,6.49574882283055,3,At Risk,3.33,Potential Loyalists
16774,68,4,661.52,4.23410650459726,1.6094379124341003,6.496050746083953,2,Loyal Customers,3.33,Potential Loyalists
17736,10,3,377.44,2.3978952727983707,1.3862943611198906,5.936057539836243,3,At Risk,3.33,Potential Loyalists
13596,6,2,664.11,1.9459101490553132,1.0986122886681098,6.499952440510379,3,At Risk,3.33,Promising
13066,25,2,470.8,3.258096538021482,1.0986122886681098,6.1565551669735745,3,At Risk,3.33,Potential Loyalists
13865,59,4,501.56,4.0943445622221,1.6094379124341003,6.219715035790337,2,Loyal Customers,3.33,Potential Loyalists
17266,3,3,296.58,1.3862943611198906,1.3862943611198906,5.695683096399551,3,At Risk,3.33,Potential Loyalists
14504,48,4,673.26,3.8918202981106265,1.6094379124341003,6.513615793203887,2,Loyal Customers,3.33,Potential Loyalists
12991,24,2,503.76,3.2188758248682006,1.0986122886681098,6.22408306878471,3,At Risk,3.33,Potential Loyalists
13643,32,3,519.44,3.4965075614664802,1.3862943611198906,6.254674607635275,3,At Risk,3.33,Potential Loyalists
13417,5,2,640.83,1.791759469228055,1.0986122886681098,6.4643234711171225,3,At Risk,3.33,Promising
13894,24,3,564.62,3.2188758248682006,1.3862943611198906,6.337922474636114,3,At Risk,3.33,Potential Loyalists
16139,19,3,635.41,2.995732273553991,1.3862943611198906,6.455843009727984,3,At Risk,3.33,Potential Loyalists
17250,4,2,381.97,1.6094379124341003,1.0986122886681098,5.947956657131048,3,At Risk,3.33,Potential Loyalists
18150,33,3,566.58,3.5263605246161616,1.3862943611198906,6.341381708583334,3,At Risk,3.33,Potential Loyalists
13822,6,2,632.0,1.9459101490553132,1.0986122886681098,6.450470422144176,3,At Risk,3.33,Promising
16444,47,4,654.67,3.871201010907891,1.6094379124341003,6.485657613592114,2,Loyal Customers,3.33,Potential Loyalists
17360,18,3,568.24,2.9444389791664403,1.3862943611198906,6.344302137815459,3,At Risk,3.33,Potential Loyalists
17329,15,2,523.11,2.772588722239781,1.0986122886681098,6.261701585954275,3,At Risk,3.33,Potential Loyalists
13939,24,3,568.55,3.2188758248682006,1.3862943611198906,6.344846575345921,3,At Risk,3.33,Potential Loyalists
16561,6,2,511.12,1.9459101490553132,1.0986122886681098,6.238558972577978,3,At Risk,3.33,Promising
13092,71,5,477.83,4.276666119016055,1.791759469228055,6.171345628362577,2,Loyal Customers,3.33,Potential Loyalists
18154,4,2,399.19,1.6094379124341003,1.0986122886681098,5.991939434331194,3,At Risk,3.33,Potential Loyalists
14788,8,2,679.44,2.1972245773362196,1.0986122886681098,6.522739647741382,3,At Risk,3.33,Promising
16157,16,3,656.69,2.833213344056216,1.3862943611198906,6.488733695691184,3,At Risk,3.33,Potential Loyalists
16768,48,3,478.09,3.8918202981106265,1.3862943611198906,6.17188847120203,2,Loyal Customers,3.33,Potential Loyalists
14681,72,3,498.95,4.290459441148391,1.3862943611198906,6.214508093421858,2,Loyal Customers,3.33,Potential Loyalists
15883,3,2,396.48,1.3862943611198906,1.0986122886681098,5.9851446183631625,3,At Risk,3.33,Potential Loyalists
14851,24,2,511.35,3.2188758248682006,1.0986122886681098,6.239007985245727,3,At Risk,3.33,Potential Loyalists
17830,2,3,398.7,1.0986122886681098,1.3862943611198906,5.990714265717278,3,At Risk,3.33,Potential Loyalists
12933,25,3,607.53,3.258096538021482,1.3862943611198906,6.411046212773516,3,At Risk,3.33,Potential Loyalists
15756,62,4,528.01,4.143134726391533,1.6094379124341003,6.271007335271311,2,Loyal Customers,3.33,Potential Loyalists
18001,13,2,415.13,2.6390573296152584,1.0986122886681098,6.030997711443308,3,At Risk,3.33,Potential Loyalists
16898,27,3,501.03,3.332204510175204,1.3862943611198906,6.218659878862289,3,At Risk,3.33,Potential Loyalists
14167,40,4,562.59,3.713572066704308,1.6094379124341003,6.334327036786916,2,Loyal Customers,3.33,Potential Loyalists
14470,12,2,461.19,2.5649493574615367,1.0986122886681098,6.135976061950666,3,At Risk,3.33,Potential Loyalists
18043,25,3,529.29,3.258096538021482,1.3862943611198906,6.273424026714671,3,At Risk,3.33,Potential Loyalists
13040,9,2,676.99,2.302585092994046,1.0986122886681098,6.519132538569087,3,At Risk,3.33,Promising
16008,24,3,478.78,3.2188758248682006,1.3862943611198906,6.173327665501776,3,At Risk,3.33,Potential Loyalists
13524,41,5,680.18,3.7376696182833684,1.791759469228055,6.523826588404497,2,Loyal Customers,3.33,Potential Loyalists
16933,2,2,563.23,1.0986122886681098,1.0986122886681098,6.335461969788099,3,At Risk,3.33,Promising
16750,45,5,623.93,3.828641396489095,1.791759469228055,6.437639643463933,2,Loyal Customers,3.33,Potential Loyalists
13496,11,2,653.33,2.4849066497880004,1.0986122886681098,6.483611811351871,3,At Risk,3.33,Promising
15452,30,3,528.48,3.4339872044851463,1.3862943611198906,6.27189539284557,3,At Risk,3.33,Potential Loyalists
15809,37,5,515.77,3.6375861597263857,1.791759469228055,6.247597901247849,2,Loyal Customers,3.33,Potential Loyalists
15582,25,3,682.91,3.258096538021482,1.3862943611198906,6.527826330017913,3,At Risk,3.33,Potential Loyalists
17779,22,3,650.32,3.1354942159291497,1.3862943611198906,6.479001072896019,3,At Risk,3.33,Potential Loyalists
14077,41,5,499.42,3.7376696182833684,1.791759469228055,6.2154477458196355,2,Loyal Customers,3.33,Potential Loyalists
16616,16,2,500.42,2.833213344056216,1.0986122886681098,6.2174440732414,3,At Risk,3.33,Potential Loyalists
17460,95,6,622.43,4.564348191467836,1.9459101490553132,6.435236489370733,2,Loyal Customers,3.33,At Risk
17321,9,2,657.16,2.302585092994046,1.0986122886681098,6.489448062860675,3,At Risk,3.33,Promising
17495,8,2,497.56,2.1972245773362196,1.0986122886681098,6.211723943242329,3,At Risk,3.33,Promising
15877,2,2,490.33,1.0986122886681098,1.0986122886681098,6.197115999797643,3,At Risk,3.33,Promising
17817,5,3,387.68,1.791759469228055,1.3862943611198906,5.9627563829712384,3,At Risk,3.33,Potential Loyalists
17595,13,2,386.69,2.6390573296152584,1.0986122886681098,5.960206051205209,3,At Risk,3.33,Potential Loyalists
17874,186,6,683.46,5.231108616854587,1.9459101490553132,6.528630206205813,2,Loyal Customers,3.0,At Risk
16122,74,4,684.42,4.31748811353631,1.6094379124341003,6.530031789055632,2,Loyal Customers,3.0,At Risk
13023,65,2,689.9,4.189654742026425,1.0986122886681098,6.537995095494749,2,Loyal Customers,3.0,Potential Loyalists
16212,20,2,690.34,3.044522437723423,1.0986122886681098,6.538631743276411,3,At Risk,3.0,Promising
14880,78,3,690.59,4.3694478524670215,1.3862943611198906,6.5389932944796145,2,Loyal Customers,3.0,At Risk
17733,39,2,692.19,3.6888794541139363,1.0986122886681098,6.541304131886272,3,At Risk,3.0,Potential Loyalists
17423,47,2,698.41,3.871201010907891,1.0986122886681098,6.550237122496749,3,At Risk,3.0,Potential Loyalists
14179,41,2,701.57,3.7376696182833684,1.0986122886681098,6.554745040371868,3,At Risk,3.0,Potential Loyalists
15103,32,2,703.36,3.4965075614664802,1.0986122886681098,6.557289589092577,3,At Risk,3.0,Promising
17934,52,2,704.25,3.970291913552122,1.0986122886681098,6.558552349882105,2,Loyal Customers,3.0,Potential Loyalists
14127,123,3,709.71,4.820281565605037,1.3862943611198906,6.566264470368445,2,Loyal Customers,3.0,At Risk
13249,93,3,711.41,4.543294782270004,1.3862943611198906,6.56865358837482,2,Loyal Customers,3.0,At Risk
15855,137,5,712.24,4.927253685157205,1.791759469228055,6.569817969665846,2,Loyal Customers,3.0,At Risk
13169,64,2,712.88,4.174387269895637,1.0986122886681098,6.570714880987815,2,Loyal Customers,3.0,Potential Loyalists
18035,36,3,713.89,3.6109179126442243,1.3862943611198906,6.572128684704628,2,Loyal Customers,3.0,Potential Loyalists
15757,66,2,714.42,4.204692619390966,1.0986122886681098,6.572869782822179,2,Loyal Customers,3.0,Potential Loyalists
15330,33,2,714.96,3.5263605246161616,1.0986122886681098,6.5736242994783,3,At Risk,3.0,Promising
15400,93,5,716.2,4.543294782270004,1.791759469228055,6.575354741730978,2,Loyal Customers,3.0,At Risk
18062,174,3,720.52,5.1647859739235145,1.3862943611198906,6.581360097857453,2,Loyal Customers,3.0,At Risk
15272,58,2,721.94,4.07753744390572,1.0986122886681098,6.58332623116324,2,Loyal Customers,3.0,Potential Loyalists
16140,66,2,725.18,4.204692619390966,1.0986122886681098,6.587797917978567,2,Loyal Customers,3.0,Potential Loyalists
16146,158,3,734.13,5.0689042022202315,1.3862943611198906,6.600047354321349,2,Loyal Customers,3.0,At Risk
17692,128,4,740.94,4.859812404361672,1.6094379124341003,6.6092683773641365,2,Loyal Customers,3.0,At Risk
14050,32,2,746.36,3.4965075614664802,1.0986122886681098,6.616546996753798,3,At Risk,3.0,Promising
17387,20,2,746.81,3.044522437723423,1.0986122886681098,6.617148935013109,3,At Risk,3.0,Promising
17146,106,3,749.78,4.672828834461906,1.3862943611198906,6.621112666105018,2,Loyal Customers,3.0,At Risk
16725,303,7,758.27,5.717027701406222,2.0794415416798357,6.632357445363575,2,Loyal Customers,3.0,At Risk
17425,20,2,759.17,3.044522437723423,1.0986122886681098,6.63354209247732,3,At Risk,3.0,Promising
16806,104,4,762.16,4.653960350157523,1.6094379124341003,6.63746770785911,2,Loyal Customers,3.0,At Risk
17268,108,4,763.64,4.6913478822291435,1.6094379124341003,6.639405134829848,2,Loyal Customers,3.0,At Risk
14412,43,2,770.03,3.784189633918261,1.0986122886681098,6.647727283312172,3,At Risk,3.0,Potential Loyalists
17764,51,2,772.55,3.9512437185814275,1.0986122886681098,6.650990309165078,2,Loyal Customers,3.0,Potential Loyalists
16825,39,2,775.18,3.6888794541139363,1.0986122886681098,6.654384452047831,3,At Risk,3.0,Potential Loyalists
18228,57,2,779.9,4.060443010546419,1.0986122886681098,6.660447100668629,2,Loyal Customers,3.0,Potential Loyalists
15806,47,3,784.58,3.871201010907891,1.3862943611198906,6.666422298467717,2,Loyal Customers,3.0,Potential Loyalists
13109,60,2,786.54,4.110873864173311,1.0986122886681098,6.668914163060628,2,Loyal Customers,3.0,Potential Loyalists
13329,32,2,789.0,3.4965075614664802,1.0986122886681098,6.672032945461067,3,At Risk,3.0,Promising
13016,74,3,789.89,4.31748811353631,1.3862943611198906,6.673158893621945,2,Loyal Customers,3.0,At Risk
13280,123,3,798.46,4.820281565605037,1.3862943611198906,6.68393649975286,2,Loyal Customers,3.0,At Risk
17703,36,3,798.74,3.6109179126442243,1.3862943611198906,6.684286674843982,2,Loyal Customers,3.0,Potential Loyalists
13720,117,4,799.9,4.770684624465665,1.6094379124341003,6.685736095329637,2,Loyal Customers,3.0,At Risk
16367,38,2,800.67,3.6635616461296463,1.0986122886681098,6.686697051867266,3,At Risk,3.0,Potential Loyalists
15644,167,4,803.54,5.123963979403259,1.6094379124341003,6.6902706855196055,2,Loyal Customers,3.0,At Risk
17980,166,3,811.45,5.117993812416755,1.3862943611198906,6.700054373848785,2,Loyal Customers,3.0,At Risk
16284,32,2,812.68,3.4965075614664802,1.0986122886681098,6.70156716831734,3,At Risk,3.0,Promising
14421,58,2,813.11,4.07753744390572,1.0986122886681098,6.702095492007746,2,Loyal Customers,3.0,Potential Loyalists
16092,115,3,817.86,4.7535901911063645,1.3862943611198906,6.707913129070193,2,Loyal Customers,3.0,At Risk
13220,79,4,819.29,4.382026634673881,1.6094379124341003,6.7096579362724444,2,Loyal Customers,3.0,At Risk
14644,68,2,830.76,4.23410650459726,1.0986122886681098,6.723543937669715,2,Loyal Customers,3.0,Potential Loyalists
17169,58,2,835.78,4.07753744390572,1.0986122886681098,6.729561192451421,2,Loyal Customers,3.0,Potential Loyalists
16554,43,3,837.1,3.784189633918261,1.3862943611198906,6.73113742510486,2,Loyal Customers,3.0,Potential Loyalists
17076,37,3,841.08,3.6375861597263857,1.3862943611198906,6.735875021605469,2,Loyal Customers,3.0,Potential Loyalists
16560,27,2,841.41,3.332204510175204,1.0986122886681098,6.736266831594512,3,At Risk,3.0,Promising
14803,163,3,845.55,5.099866427824199,1.3862943611198906,6.741169266574241,2,Loyal Customers,3.0,At Risk
16070,23,2,852.15,3.1780538303479458,1.0986122886681098,6.748935381973274,3,At Risk,3.0,Promising
14193,68,2,853.39,4.23410650459726,1.0986122886681098,6.750387764017586,2,Loyal Customers,3.0,Potential Loyalists
16121,58,2,854.66,4.07753744390572,1.0986122886681098,6.751873100976731,2,Loyal Customers,3.0,Potential Loyalists
17560,95,4,854.95,4.564348191467836,1.6094379124341003,6.7522119632207875,2,Loyal Customers,3.0,At Risk
13566,41,2,856.84,3.7376696182833684,1.0986122886681098,6.75441760191189,2,Loyal Customers,3.0,Potential Loyalists
16221,37,3,860.86,3.6375861597263857,1.3862943611198906,6.759092844480235,2,Loyal Customers,3.0,Potential Loyalists
13037,139,3,881.07,4.941642422609304,1.3862943611198906,6.782271417936915,2,Loyal Customers,3.0,At Risk
13662,86,3,881.26,4.465908118654584,1.3862943611198906,6.782486797146853,2,Loyal Customers,3.0,At Risk
17537,30,2,887.67,3.4339872044851463,1.0986122886681098,6.789725963001244,3,At Risk,3.0,Promising
15255,67,1,890.85,4.219507705176107,0.6931471805599453,6.793297957004312,1,Lost,3.0,Potential Loyalists
15079,213,4,895.61,5.365976015021851,1.6094379124341003,6.798620984904737,2,Loyal Customers,3.0,At Risk
13689,64,1,910.0,4.174387269895637,0.6931471805599453,6.814542897259958,1,Lost,3.0,Potential Loyalists
13192,96,2,911.94,4.574710978503383,1.0986122886681098,6.81667016102037,2,Loyal Customers,3.0,At Risk
15364,96,2,913.19,4.574710978503383,1.0986122886681098,6.818038427312331,2,Loyal Customers,3.0,At Risk
13035,74,2,921.88,4.31748811353631,1.0986122886681098,6.827499215216475,2,Loyal Customers,3.0,At Risk
13122,95,2,922.39,4.564348191467836,1.0986122886681098,6.828051680471256,2,Loyal Customers,3.0,At Risk
14532,237,4,932.85,5.472270673671475,1.6094379124341003,6.839315825759616,2,Loyal Customers,3.0,At Risk
13655,115,2,932.97,4.7535901911063645,1.0986122886681098,6.83944431779864,2,Loyal Customers,3.0,At Risk
16584,81,2,936.08,4.406719247264253,1.0986122886681098,6.842768657462584,2,Loyal Customers,3.0,At Risk
17044,26,1,948.48,3.295836866004329,0.6931471805599453,6.855914466312751,3,At Risk,3.0,Promising
18192,72,1,957.97,4.290459441148391,0.6931471805599453,6.865859791808101,1,Lost,3.0,Potential Loyalists
15071,94,2,982.07,4.553876891600541,1.0986122886681098,6.890680328191671,2,Loyal Customers,3.0,At Risk
17594,86,2,993.18,4.465908118654584,1.0986122886681098,6.901918276781504,2,Loyal Customers,3.0,At Risk
18143,117,2,1000.16,4.770684624465665,1.0986122886681098,6.908914606701983,2,Loyal Customers,3.0,At Risk
17646,220,3,1008.39,5.3981627015177525,1.3862943611198906,6.917101466981717,2,Loyal Customers,3.0,At Risk
16229,88,2,1010.6,4.48863636973214,1.0986122886681098,6.91928851479581,2,Loyal Customers,3.0,At Risk
17197,30,1,1013.01,3.4339872044851463,0.6931471805599453,6.921668046035439,3,At Risk,3.0,Promising
18142,158,2,1019.52,5.0689042022202315,1.0986122886681098,6.928067580294015,1,Lost,3.0,At Risk
14346,121,2,1021.58,4.804021044733257,1.0986122886681098,6.9300841244652,2,Loyal Customers,3.0,At Risk
15658,191,5,1024.1,5.2574953720277815,1.791759469228055,6.932545447789356,2,Loyal Customers,3.0,At Risk
13253,157,2,1030.4,5.062595033026967,1.0986122886681098,6.9386723816168585,1,Lost,3.0,At Risk
16520,187,3,1046.57,5.236441962829949,1.3862943611198906,6.954228475339207,2,Loyal Customers,3.0,At Risk
15777,242,4,1047.11,5.493061443340548,1.6094379124341003,6.954743821204941,2,Loyal Customers,3.0,At Risk
17727,16,1,1060.25,2.833213344056216,0.6931471805599453,6.967202737625557,3,At Risk,3.0,Promising
14488,68,1,1064.28,4.23410650459726,0.6931471805599453,6.97099295438666,1,Lost,3.0,Potential Loyalists
13635,68,1,1071.03,4.23410650459726,0.6931471805599453,6.977309326313799,1,Lost,3.0,Potential Loyalists
13715,282,5,1077.39,5.645446897643238,1.791759469228055,6.983224467118015,2,Loyal Customers,3.0,At Risk
13744,96,2,1080.52,4.574710978503383,1.0986122886681098,6.9861227380561495,2,Loyal Customers,3.0,At Risk
14561,76,3,1080.76,4.343805421853684,1.3862943611198906,6.986344623342368,2,Loyal Customers,3.0,At Risk
13853,58,1,1090.14,4.07753744390572,0.6931471805599453,6.994978300240205,3,At Risk,3.0,Potential Loyalists
18189,78,2,1090.24,4.3694478524670215,1.0986122886681098,6.995069943308846,2,Loyal Customers,3.0,At Risk
14161,216,3,1097.62,5.37989735354046,1.3862943611198906,7.0018101257309775,2,Loyal Customers,3.0,At Risk
17788,74,2,1117.9,4.31748811353631,1.0986122886681098,7.020101338813675,2,Loyal Customers,3.0,At Risk
16714,219,3,1129.06,5.393627546352362,1.3862943611198906,7.030026007641905,2,Loyal Customers,3.0,At Risk
17242,109,2,1135.04,4.700480365792417,1.0986122886681098,7.0353038099288,2,Loyal Customers,3.0,At Risk
13819,302,3,1140.35,5.713732805509369,1.3862943611198906,7.039967051290641,2,Loyal Customers,3.0,At Risk
13931,96,2,1237.53,4.574710978503383,1.0986122886681098,7.121680471486267,2,Loyal Customers,3.0,At Risk
13476,179,2,1238.47,5.19295685089021,1.0986122886681098,7.122439147874555,2,Loyal Customers,3.0,At Risk
14669,242,3,1259.24,5.493061443340548,1.3862943611198906,7.139057457997714,2,Loyal Customers,3.0,At Risk
16101,71,1,1290.7,4.276666119016055,0.6931471805599453,7.16371445923797,2,Loyal Customers,3.0,Potential Loyalists
16083,101,2,1317.62,4.624972813284271,1.0986122886681098,7.184341014166175,2,Loyal Customers,3.0,At Risk
15146,165,2,1327.16,5.111987788356544,1.0986122886681098,7.1915498047067254,2,Loyal Customers,3.0,At Risk
15734,115,2,1339.45,4.7535901911063645,1.0986122886681098,7.200760657465263,2,Loyal Customers,3.0,At Risk
17311,79,2,1384.85,4.382026634673881,1.0986122886681098,7.234068948784864,2,Loyal Customers,3.0,At Risk
18202,200,3,1396.99,5.303304908059076,1.3862943611198906,7.242790769692349,2,Loyal Customers,3.0,At Risk
13475,192,4,1431.78,5.262690188904886,1.6094379124341003,7.2673718919667785,2,Loyal Customers,3.0,At Risk
14740,198,3,1448.21,5.293304824724492,1.3862943611198906,7.278773859355933,2,Loyal Customers,3.0,At Risk
14875,108,2,1465.32,4.6913478822291435,1.0986122886681098,7.290511139663592,2,Loyal Customers,3.0,At Risk
17152,195,3,1689.5,5.278114659230517,1.3862943611198906,7.43277962214794,2,Loyal Customers,3.0,At Risk
16398,155,2,1705.8,5.049856007249537,1.0986122886681098,7.4423755513138445,2,Loyal Customers,3.0,At Risk
13763,64,1,1714.96,4.174387269895637,0.6931471805599453,7.447727969752915,2,Loyal Customers,3.0,Potential Loyalists
17353,130,2,1740.0,4.875197323201151,1.0986122886681098,7.462214939768189,2,Loyal Customers,3.0,At Risk
16380,62,1,1743.15,4.143134726391533,0.6931471805599453,7.46402260994466,2,Loyal Customers,3.0,Potential Loyalists
16751,31,1,1764.72,3.4657359027997265,0.6931471805599453,7.476313818197086,3,At Risk,3.0,Promising
16698,227,2,1998.0,5.429345628954441,1.0986122886681098,7.6004023345004,2,Loyal Customers,3.0,At Risk
15372,138,1,2007.4,4.9344739331306915,0.6931471805599453,7.605093664160551,2,Loyal Customers,3.0,At Risk
15341,81,1,2020.52,4.406719247264253,0.6931471805599453,7.611604982675218,2,Loyal Customers,3.0,At Risk
17846,86,1,2033.1,4.465908118654584,0.6931471805599453,7.617808739608441,2,Loyal Customers,3.0,At Risk
15985,124,2,1142.42,4.8283137373023015,1.0986122886681098,7.04177905036834,2,Loyal Customers,3.0,At Risk
15265,152,2,1506.12,5.030437921392435,1.0986122886681098,7.317955823857119,2,Loyal Customers,3.0,At Risk
15098,183,3,39916.5,5.214935757608986,1.3862943611198906,10.594570103213856,2,Loyal Customers,3.0,At Risk
17770,199,5,1143.27,5.298317366548036,1.791759469228055,7.042522158078838,2,Loyal Customers,3.0,At Risk
17505,162,2,1145.84,5.093750200806762,1.0986122886681098,7.0447656130660885,2,Loyal Customers,3.0,At Risk
18239,219,5,1561.61,5.393627546352362,1.791759469228055,7.354112779132593,2,Loyal Customers,3.0,At Risk
13952,218,2,3251.07,5.389071729816501,1.0986122886681098,8.087046995651288,2,Loyal Customers,3.0,At Risk
13791,128,2,1516.0,4.859812404361672,1.0986122886681098,7.324489979348532,2,Loyal Customers,3.0,At Risk
15630,46,2,1186.35,3.8501476017100584,1.0986122886681098,7.079479212140812,2,Loyal Customers,3.0,Potential Loyalists
16889,195,3,1578.67,5.278114659230517,1.3862943611198906,7.364971243447073,2,Loyal Customers,3.0,At Risk
18251,88,1,4314.72,4.48863636973214,0.6931471805599453,8.370019449389407,2,Loyal Customers,3.0,At Risk
15791,44,2,1612.69,3.8066624897703196,1.0986122886681098,7.386278760989393,2,Loyal Customers,3.0,Potential Loyalists
14918,116,2,1610.15,4.762173934797756,1.0986122886681098,7.384703488712166,2,Loyal Customers,3.0,At Risk
14836,11,3,102.45,2.4849066497880004,1.3862943611198906,4.639088404191552,3,At Risk,3.0,Potential Loyalists
17852,12,2,114.34,2.5649493574615367,1.0986122886681098,4.747884288187267,3,At Risk,3.0,Potential Loyalists
14287,9,3,176.63,2.302585092994046,1.3862943611198906,5.179702735211794,3,At Risk,3.0,Potential Loyalists
16620,4,2,178.96,1.6094379124341003,1.0986122886681098,5.192734603972972,3,At Risk,3.0,Potential Loyalists
14385,10,3,202.11,2.3978952727983707,1.3862943611198906,5.3137477042033945,3,At Risk,3.0,Potential Loyalists
18273,3,3,204.0,1.3862943611198906,1.3862943611198906,5.3230099791384085,3,At Risk,3.0,Potential Loyalists
18101,12,2,222.4,2.5649493574615367,1.0986122886681098,5.4089638866351,3,At Risk,3.0,Potential Loyalists
18005,4,2,226.47,1.6094379124341003,1.0986122886681098,5.42701836156377,3,At Risk,3.0,Potential Loyalists
17892,57,3,244.1,4.060443010546419,1.3862943611198906,5.501666290534067,3,At Risk,3.0,Potential Loyalists
14658,6,2,247.15,1.9459101490553132,1.0986122886681098,5.51403340203345,3,At Risk,3.0,Promising
13592,36,4,247.96,3.6109179126442243,1.6094379124341003,5.5172922409900265,3,At Risk,3.0,Potential Loyalists
16596,16,2,250.15,2.833213344056216,1.0986122886681098,5.526050370196054,3,At Risk,3.0,Potential Loyalists
13207,16,2,250.26,2.833213344056216,1.0986122886681098,5.526488259576272,3,At Risk,3.0,Potential Loyalists
16330,18,3,251.91,2.9444389791664403,1.3862943611198906,5.533033694214862,3,At Risk,3.0,Potential Loyalists
13404,2,2,252.49,1.0986122886681098,1.0986122886681098,5.5353243745214,3,At Risk,3.0,Promising
14765,30,3,254.11,3.4339872044851463,1.3862943611198906,5.541694824693056,3,At Risk,3.0,Potential Loyalists
14452,11,2,259.05,2.4849066497880004,1.0986122886681098,5.560873920219081,3,At Risk,3.0,Promising
12962,8,2,266.39,2.1972245773362196,1.0986122886681098,5.588708266810736,3,At Risk,3.0,Promising
14520,2,2,270.6,1.0986122886681098,1.0986122886681098,5.604330395684541,3,At Risk,3.0,Promising
17254,5,2,271.19,1.791759469228055,1.0986122886681098,5.606500351849647,3,At Risk,3.0,Promising
13058,25,3,271.4,3.258096538021482,1.3862943611198906,5.607271574275357,3,At Risk,3.0,Potential Loyalists
13606,30,3,276.75,3.4339872044851463,1.3862943611198906,5.6267214285197396,3,At Risk,3.0,Potential Loyalists
16149,5,2,280.52,1.791759469228055,1.0986122886681098,5.640203493013329,3,At Risk,3.0,Promising
16557,25,2,281.85,3.258096538021482,1.0986122886681098,5.644916721789165,3,At Risk,3.0,Potential Loyalists
16479,11,2,300.83,2.4849066497880004,1.0986122886681098,5.709863944972069,3,At Risk,3.0,Promising
13083,5,2,303.75,1.791759469228055,1.0986122886681098,5.719491768361381,3,At Risk,3.0,Promising
18059,24,3,306.46,3.2188758248682006,1.3862943611198906,5.728344997484453,3,At Risk,3.0,Potential Loyalists
15872,15,2,316.25,2.772588722239781,1.0986122886681098,5.759690106594497,3,At Risk,3.0,Potential Loyalists
15101,9,2,317.53,2.302585092994046,1.0986122886681098,5.763716662099238,3,At Risk,3.0,Promising
17157,8,2,319.0,2.1972245773362196,1.0986122886681098,5.768320995793772,3,At Risk,3.0,Promising
14987,16,2,326.4,2.833213344056216,1.0986122886681098,5.791182664937034,3,At Risk,3.0,Potential Loyalists
16322,2,2,326.75,1.0986122886681098,1.0986122886681098,5.792251122643809,3,At Risk,3.0,Promising
16855,24,2,328.4,3.2188758248682006,1.0986122886681098,5.79727281774354,3,At Risk,3.0,Potential Loyalists
16593,51,3,330.03,3.9512437185814275,1.3862943611198906,5.802209005711098,3,At Risk,3.0,Potential Loyalists
16478,26,3,331.0,3.295836866004329,1.3862943611198906,5.805134968916488,3,At Risk,3.0,Potential Loyalists
17221,8,2,334.48,2.1972245773362196,1.0986122886681098,5.815562342116211,3,At Risk,3.0,Promising
13068,11,2,344.0,2.4849066497880004,1.0986122886681098,5.84354441703136,3,At Risk,3.0,Promising
15781,26,3,345.46,3.295836866004329,1.3862943611198906,5.847767371850795,3,At Risk,3.0,Potential Loyalists
18127,20,3,347.08,3.044522437723423,1.3862943611198906,5.852432338412425,3,At Risk,3.0,Potential Loyalists
17668,2,2,347.75,1.0986122886681098,1.0986122886681098,5.854355333135575,3,At Risk,3.0,Promising
15901,17,3,351.73,2.8903717578961645,1.3862943611198906,5.86570289174782,3,At Risk,3.0,Potential Loyalists
13173,5,2,353.65,1.791759469228055,1.0986122886681098,5.871131387648096,3,At Risk,3.0,Promising
12879,45,3,573.22,3.828641396489095,1.3862943611198906,6.353012598149689,2,Loyal Customers,3.0,Potential Loyalists
15339,67,2,574.07,4.219507705176107,1.0986122886681098,6.354491772518179,1,Lost,3.0,Potential Loyalists
13292,39,2,578.94,3.6888794541139363,1.0986122886681098,6.362924649913461,3,At Risk,3.0,Potential Loyalists
17371,18,3,418.4,2.9444389791664403,1.3862943611198906,6.03882511846782,3,At Risk,3.0,Potential Loyalists
15762,66,2,583.75,4.204692619390966,1.0986122886681098,6.371184405464288,1,Lost,3.0,Potential Loyalists
13557,29,2,584.06,3.4011973816621555,1.0986122886681098,6.371714406075083,3,At Risk,3.0,Promising
17351,37,3,587.15,3.6375861597263857,1.3862943611198906,6.37698201740645,2,Loyal Customers,3.0,Potential Loyalists
15624,117,4,588.13,4.770684624465665,1.6094379124341003,6.3786468723710446,2,Loyal Customers,3.0,At Risk
13657,11,2,382.14,2.4849066497880004,1.0986122886681098,5.948400457636955,3,At Risk,3.0,Promising
16119,9,2,423.36,2.302585092994046,1.0986122886681098,6.050582151591071,3,At Risk,3.0,Promising
13276,64,2,590.93,4.174387269895637,1.0986122886681098,6.3833883846494786,3,At Risk,3.0,Potential Loyalists
15573,32,2,591.19,3.4965075614664802,1.0986122886681098,6.383827529337819,3,At Risk,3.0,Promising
14692,138,4,591.55,4.9344739331306915,1.6094379124341003,6.384435257634458,2,Loyal Customers,3.0,At Risk
18232,82,4,592.97,4.418840607796598,1.6094379124341003,6.386828813036717,2,Loyal Customers,3.0,At Risk
16535,6,1,593.75,1.9459101490553132,0.6931471805599453,6.388141149183067,3,At Risk,3.0,Promising
13959,80,3,594.04,4.394449154672439,1.3862943611198906,6.388628630176759,2,Loyal Customers,3.0,At Risk
17357,25,2,384.39,3.258096538021482,1.0986122886681098,5.954255808575653,3,At Risk,3.0,Potential Loyalists
14284,31,2,595.25,3.4657359027997265,1.0986122886681098,6.390660042202551,3,At Risk,3.0,Promising
17711,11,2,385.1,2.4849066497880004,1.0986122886681098,5.956096403270191,3,At Risk,3.0,Promising
16968,5,2,439.43,1.791759469228055,1.0986122886681098,6.087751522419478,3,At Risk,3.0,Promising
13954,2,2,439.92,1.0986122886681098,1.0986122886681098,6.088863453095115,3,At Risk,3.0,Promising
14108,31,2,597.91,3.4657359027997265,1.0986122886681098,6.395111336409363,3,At Risk,3.0,Promising
16885,16,3,450.41,2.833213344056216,1.3862943611198906,6.112376017438897,3,At Risk,3.0,Potential Loyalists
18158,10,2,453.4,2.3978952727983707,1.0986122886681098,6.118977867406942,3,At Risk,3.0,Promising
17564,25,3,454.01,3.258096538021482,1.3862943611198906,6.120319396731415,3,At Risk,3.0,Potential Loyalists
15754,52,3,458.57,3.970291913552122,1.3862943611198906,6.130291269692714,2,Loyal Customers,3.0,Potential Loyalists
16654,142,4,601.27,4.962844630259907,1.6094379124341003,6.400705849743913,2,Loyal Customers,3.0,At Risk
16589,72,3,459.24,4.290459441148391,1.3862943611198906,6.131748092555038,2,Loyal Customers,3.0,Potential Loyalists
14609,73,4,601.56,4.30406509320417,1.6094379124341003,6.401187245468788,2,Loyal Customers,3.0,At Risk
16824,16,2,460.64,2.833213344056216,1.0986122886681098,6.134785366552204,3,At Risk,3.0,Potential Loyalists
15651,37,3,646.3,3.6375861597263857,1.3862943611198906,6.472809865551464,2,Loyal Customers,3.0,Potential Loyalists
17483,66,3,414.04,4.204692619390966,1.3862943611198906,6.028374901128079,2,Loyal Customers,3.0,Potential Loyalists
13946,80,3,561.57,4.394449154672439,1.3862943611198906,6.332515570780452,2,Loyal Customers,3.0,At Risk
15048,66,4,381.0,4.204692619390966,1.6094379124341003,5.945420608606575,2,Loyal Customers,3.0,Potential Loyalists
12990,32,3,409.5,3.4965075614664802,1.3862943611198906,6.017375928892483,3,At Risk,3.0,Potential Loyalists
14592,36,3,557.94,3.6109179126442243,1.3862943611198906,6.326042132868397,3,At Risk,3.0,Potential Loyalists
13827,58,3,409.8,4.07753744390572,1.3862943611198906,6.018106478054404,3,At Risk,3.0,Potential Loyalists
17806,12,1,546.04,2.5649493574615367,0.6931471805599453,6.304521925890991,3,At Risk,3.0,Promising
15539,8,1,538.46,2.1972245773362196,0.6931471805599453,6.290568639224737,3,At Risk,3.0,Promising
16927,116,3,543.05,4.762173934797756,1.3862943611198906,6.299041154397021,1,Lost,3.0,At Risk
14177,87,4,549.46,4.477336814478207,1.6094379124341003,6.310754292305705,2,Loyal Customers,3.0,At Risk
17897,173,3,541.81,5.159055299214529,1.3862943611198906,6.2967593507829065,1,Lost,3.0,At Risk
15068,47,2,553.36,3.871201010907891,1.0986122886681098,6.317814295200602,3,At Risk,3.0,Potential Loyalists
13617,41,3,544.18,3.7376696182833684,1.3862943611198906,6.301116015363744,2,Loyal Customers,3.0,Potential Loyalists
16233,72,3,536.68,4.290459441148391,1.3862943611198906,6.287263587661711,2,Loyal Customers,3.0,At Risk
15186,15,2,411.41,2.772588722239781,1.0986122886681098,6.022018000151438,3,At Risk,3.0,Potential Loyalists
15469,51,2,538.55,3.9512437185814275,1.0986122886681098,6.290735458809743,3,At Risk,3.0,Potential Loyalists
16906,82,4,559.59,4.418840607796598,1.6094379124341003,6.328989800540907,2,Loyal Customers,3.0,At Risk
17637,32,2,547.06,3.4965075614664802,1.0986122886681098,6.3063847700056215,3,At Risk,3.0,Promising
16475,89,4,544.3,4.499809670330265,1.6094379124341003,6.301336101932016,2,Loyal Customers,3.0,At Risk
17573,30,3,380.6,3.4339872044851463,1.3862943611198906,5.944372939574132,3,At Risk,3.0,Potential Loyalists
17447,41,2,541.53,3.7376696182833684,1.0986122886681098,6.296243383424822,3,At Risk,3.0,Potential Loyalists
14205,17,2,466.7,2.8903717578961645,1.0986122886681098,6.147827064731841,3,At Risk,3.0,Promising
17664,19,2,604.64,2.995732273553991,1.0986122886681098,6.406285750140171,3,At Risk,3.0,Promising
16374,67,2,466.73,4.219507705176107,1.0986122886681098,6.14789120635657,1,Lost,3.0,Potential Loyalists
13579,15,2,467.04,2.772588722239781,1.0986122886681098,6.148553762350757,3,At Risk,3.0,Promising
15468,52,2,467.51,3.970291913552122,1.0986122886681098,6.149557446167864,3,At Risk,3.0,Potential Loyalists
14029,64,2,467.66,4.174387269895637,1.0986122886681098,6.149877558850261,1,Lost,3.0,Potential Loyalists
15026,81,3,469.0,4.406719247264253,1.3862943611198906,6.152732694704104,2,Loyal Customers,3.0,At Risk
14133,130,3,605.64,4.875197323201151,1.3862943611198906,6.4079355343926805,2,Loyal Customers,3.0,At Risk
17950,73,3,482.2,4.30406509320417,1.3862943611198906,6.180430646620605,2,Loyal Customers,3.0,At Risk
14958,148,3,483.73,5.003946305945459,1.3862943611198906,6.183592034891002,1,Lost,3.0,At Risk
16518,62,2,484.32,4.143134726391533,1.0986122886681098,6.1848084671836725,3,At Risk,3.0,Potential Loyalists
13153,6,1,486.22,1.9459101490553132,0.6931471805599453,6.188715766456242,3,At Risk,3.0,Promising
17330,23,2,363.9,3.1780538303479458,1.0986122886681098,5.899623343442402,3,At Risk,3.0,Potential Loyalists
16311,18,2,616.26,2.9444389791664403,1.0986122886681098,6.425290328985104,3,At Risk,3.0,Promising
17453,18,2,486.72,2.9444389791664403,1.0986122886681098,6.189741470692064,3,At Risk,3.0,Promising
16014,38,3,646.83,3.6635616461296463,1.3862943611198906,6.473628316254615,2,Loyal Customers,3.0,Potential Loyalists
13301,104,4,618.09,4.653960350157523,1.6094379124341003,6.428250657915328,2,Loyal Customers,3.0,At Risk
14396,66,2,487.99,4.204692619390966,1.0986122886681098,6.192342039368019,1,Lost,3.0,Potential Loyalists
16134,22,2,618.09,3.1354942159291497,1.0986122886681098,6.428250657915328,3,At Risk,3.0,Promising
13502,17,3,292.0,2.8903717578961645,1.3862943611198906,5.680172609017068,3,At Risk,3.0,Potential Loyalists
17081,26,2,288.91,3.295836866004329,1.0986122886681098,5.669570529986012,3,At Risk,3.0,Potential Loyalists
13240,97,4,663.65,4.584967478670572,1.6094379124341003,6.499260586313608,2,Loyal Customers,3.0,At Risk
13046,31,2,629.31,3.4657359027997265,1.0986122886681098,6.446211761854101,3,At Risk,3.0,Promising
16418,45,3,631.12,3.828641396489095,1.3862943611198906,6.449079249540903,2,Loyal Customers,3.0,Potential Loyalists
13539,86,3,631.34,4.465908118654584,1.3862943611198906,6.449427224173901,2,Loyal Customers,3.0,At Risk
16268,72,2,667.65,4.290459441148391,1.0986122886681098,6.5052607543188055,2,Loyal Customers,3.0,Potential Loyalists
16863,32,2,502.8,3.4965075614664802,1.0986122886681098,6.22217936391851,3,At Risk,3.0,Promising
13741,72,3,668.43,4.290459441148391,1.3862943611198906,6.506426604026369,2,Loyal Customers,3.0,At Risk
18217,30,2,621.75,3.4339872044851463,1.0986122886681098,6.43414515414229,3,At Risk,3.0,Promising
15244,66,2,631.57,4.204692619390966,1.0986122886681098,6.449790886414747,2,Loyal Customers,3.0,Potential Loyalists
15535,174,4,502.9,5.1647859739235145,1.6094379124341003,6.222377835686553,2,Loyal Customers,3.0,At Risk
15721,12,1,471.4,2.5649493574615367,0.6931471805599453,6.157826084323207,3,At Risk,3.0,Promising
15429,27,2,397.35,3.332204510175204,1.0986122886681098,5.987331015826375,3,At Risk,3.0,Potential Loyalists
15768,116,3,621.83,4.762173934797756,1.3862943611198906,6.434273608356568,2,Loyal Customers,3.0,At Risk
15967,24,2,397.68,3.2188758248682006,1.0986122886681098,5.988159090099256,3,At Risk,3.0,Potential Loyalists
14021,156,3,631.9,5.056245805348308,1.3862943611198906,6.45031243178126,1,Lost,3.0,At Risk
13951,177,3,674.45,5.181783550292085,1.3862943611198906,6.5153791354156905,1,Lost,3.0,At Risk
14651,68,2,653.75,4.23410650459726,1.0986122886681098,6.484253483387821,2,Loyal Customers,3.0,Potential Loyalists
17994,122,4,674.89,4.812184355372417,1.6094379124341003,6.516030340908829,2,Loyal Customers,3.0,At Risk
17545,44,3,642.32,3.8066624897703196,1.3862943611198906,6.466642267627447,2,Loyal Customers,3.0,Potential Loyalists
16667,69,2,567.18,4.248495242049359,1.0986122886681098,6.342438269926957,1,Lost,3.0,Potential Loyalists
18017,82,3,523.0,4.418840607796598,1.3862943611198906,6.261491684321042,2,Loyal Customers,3.0,At Risk
13034,55,2,642.77,4.02535169073515,1.0986122886681098,6.467341519456512,3,At Risk,3.0,Potential Loyalists
17429,129,3,524.92,4.867534450455582,1.3862943611198906,6.265149109915909,1,Lost,3.0,At Risk
15315,65,2,570.5,4.189654742026425,1.0986122886681098,6.348264483234865,1,Lost,3.0,Potential Loyalists
15773,6,1,635.68,1.9459101490553132,0.6931471805599453,6.4562671745616536,3,At Risk,3.0,Promising
17616,174,3,571.2,5.1647859739235145,1.3862943611198906,6.34948858061601,1,Lost,3.0,At Risk
14451,61,2,643.9,4.127134385045092,1.0986122886681098,6.469095266016332,2,Loyal Customers,3.0,Potential Loyalists
13925,93,4,678.25,4.543294782270004,1.6094379124341003,6.520989248306457,2,Loyal Customers,3.0,At Risk
16706,38,3,531.35,3.6635616461296463,1.3862943611198906,6.277301167760616,3,At Risk,3.0,Potential Loyalists
13255,10,2,399.51,2.3978952727983707,1.0986122886681098,5.992738734985712,3,At Risk,3.0,Promising
14731,48,3,380.02,3.8918202981106265,1.3862943611198906,5.942851867187289,3,At Risk,3.0,Potential Loyalists
16693,69,2,477.86,4.248495242049359,1.0986122886681098,6.171408279115973,1,Lost,3.0,Potential Loyalists
12942,132,3,675.6,4.890349128221754,1.3862943611198906,6.517080256346608,2,Loyal Customers,3.0,At Risk
17312,139,3,644.3,4.941642422609304,1.3862943611198906,6.469715324941794,2,Loyal Customers,3.0,At Risk
14128,61,2,637.5,4.127134385045092,1.0986122886681098,6.459121675472594,2,Loyal Customers,3.0,Potential Loyalists
13217,123,3,533.98,4.820281565605037,1.3862943611198906,6.282229363019668,1,Lost,3.0,At Risk
12904,19,2,496.06,2.995732273553991,1.0986122886681098,6.208710743156108,3,At Risk,3.0,Promising
13049,65,2,656.68,4.189654742026425,1.0986122886681098,6.488718490843878,2,Loyal Customers,3.0,Potential Loyalists
13430,19,2,679.45,2.995732273553991,1.0986122886681098,6.5227543440063265,3,At Risk,3.0,Promising
16488,34,3,498.8,3.5553480614894135,1.3862943611198906,6.214208018400852,3,At Risk,3.0,Potential Loyalists
17555,20,2,480.31,3.044522437723423,1.0986122886681098,6.176511553155347,3,At Risk,3.0,Promising
17025,61,3,357.77,4.127134385045092,1.3862943611198906,5.882681514648826,3,At Risk,3.0,Potential Loyalists
16357,34,3,658.88,3.5553480614894135,1.3862943611198906,6.492058000307724,2,Loyal Customers,3.0,Potential Loyalists
13759,34,2,659.41,3.5553480614894135,1.0986122886681098,6.492860854269306,3,At Risk,3.0,Potential Loyalists
16930,27,3,378.89,3.332204510175204,1.3862943611198906,5.9398817371306265,3,At Risk,3.0,Potential Loyalists
16306,214,6,632.27,5.3706380281276624,1.9459101490553132,6.450896871486089,2,Loyal Customers,3.0,At Risk
13589,15,2,379.65,2.772588722239781,1.0986122886681098,5.941880317752221,3,At Risk,3.0,Potential Loyalists
15492,29,2,659.46,3.4011973816621555,1.0986122886681098,6.492936561946857,3,At Risk,3.0,Promising
15030,72,2,518.28,4.290459441148391,1.0986122886681098,6.252443236725213,1,Lost,3.0,Potential Loyalists
17341,157,3,682.29,5.062595033026967,1.3862943611198906,6.5269193668194045,2,Loyal Customers,3.0,At Risk
15963,20,2,470.76,3.044522437723423,1.0986122886681098,6.156470381692249,3,At Risk,3.0,Promising
15018,39,3,496.21,3.6888794541139363,1.3862943611198906,6.209012472065032,3,At Risk,3.0,Potential Loyalists
16696,136,4,657.9,4.919980925828125,1.6094379124341003,6.490571777919774,2,Loyal Customers,3.0,At Risk
14664,20,2,636.24,3.044522437723423,1.0986122886681098,6.4571463507046944,3,At Risk,3.0,Promising
16185,17,2,529.41,2.8903717578961645,1.0986122886681098,6.273650292389248,3,At Risk,3.0,Promising
14013,111,3,473.02,4.718498871295094,1.3862943611198906,6.161249514897758,1,Lost,3.0,At Risk
14784,27,2,289.99,3.332204510175204,1.0986122886681098,5.673288902319859,3,At Risk,3.0,Potential Loyalists
14463,99,3,529.62,4.605170185988092,1.3862943611198906,6.2740461341708045,2,Loyal Customers,3.0,At Risk
14416,23,2,490.22,3.1780538303479458,1.0986122886681098,6.1968920926164115,3,At Risk,3.0,Promising
17397,23,2,681.41,3.1780538303479458,1.0986122886681098,6.52563065023188,3,At Risk,3.0,Promising
18160,58,2,638.06,4.07753744390572,1.0986122886681098,6.459998346683129,3,At Risk,3.0,Potential Loyalists
16872,78,3,680.02,4.3694478524670215,1.3862943611198906,6.523591674293888,2,Loyal Customers,3.0,At Risk
16960,39,3,507.05,3.6888794541139363,1.3862943611198906,6.2305798679318904,3,At Risk,3.0,Potential Loyalists
14448,10,2,375.35,2.3978952727983707,1.0986122886681098,5.930519561480541,3,At Risk,3.0,Promising
15919,20,2,525.69,3.044522437723423,1.0986122886681098,6.266612140168987,3,At Risk,3.0,Promising
16969,40,3,650.41,3.713572066704308,1.3862943611198906,6.479139244274806,2,Loyal Customers,3.0,Potential Loyalists
14020,17,2,642.8,2.8903717578961645,1.0986122886681098,6.467388118864708,3,At Risk,3.0,Promising
13780,8,2,360.01,2.1972245773362196,1.0986122886681098,5.888905658780245,3,At Risk,3.0,Promising
14594,8,2,363.33,2.1972245773362196,1.0986122886681098,5.898060050335743,3,At Risk,3.0,Promising
15574,178,4,675.64,5.187385805840755,1.6094379124341003,6.517139373724178,2,Loyal Customers,3.0,At Risk
14818,74,3,657.8,4.31748811353631,1.3862943611198906,6.490419998303485,2,Loyal Customers,3.0,At Risk
18252,51,2,518.27,3.9512437185814275,1.0986122886681098,6.252423979106417,3,At Risk,3.0,Potential Loyalists
15406,32,2,510.71,3.4965075614664802,1.0986122886681098,6.237758058320892,3,At Risk,3.0,Promising
16352,18,2,494.44,2.9444389791664403,1.0986122886681098,6.205446256629806,3,At Risk,3.0,Promising
17398,115,3,653.38,4.7535901911063645,1.3862943611198906,6.483688222474311,2,Loyal Customers,3.0,At Risk
17462,61,2,675.69,4.127134385045092,1.0986122886681098,6.517213265531828,2,Loyal Customers,3.0,Potential Loyalists
18036,33,3,403.12,3.5263605246161616,1.3862943611198906,6.001711863559532,3,At Risk,3.0,Potential Loyalists
18196,96,2,686.63,4.574710978503383,1.0986122886681098,6.533250902574385,1,Lost,2.67,Need Attention
15004,148,1,1220.77,5.003946305945459,0.6931471805599453,7.108055905977399,1,Lost,2.67,Need Attention
13601,46,2,693.32,3.8501476017100584,1.0986122886681098,6.54293294933599,3,At Risk,2.67,Need Attention
14643,171,2,693.81,5.147494476813453,1.0986122886681098,6.54363842689435,1,Lost,2.67,Need Attention
15700,173,2,696.68,5.159055299214529,1.0986122886681098,6.54776054491873,1,Lost,2.67,Need Attention
15800,108,2,696.89,4.6913478822291435,1.0986122886681098,6.548061497220062,1,Lost,2.67,Need Attention
17472,192,3,697.54,5.262690188904886,1.3862943611198906,6.548992442626483,1,Lost,2.67,Need Attention
14356,80,2,701.23,4.394449154672439,1.0986122886681098,6.5542609856927125,2,Loyal Customers,2.67,Need Attention
16309,107,2,706.57,4.68213122712422,1.0986122886681098,6.56183656455249,1,Lost,2.67,Need Attention
14867,186,3,710.28,5.231108616854587,1.3862943611198906,6.567066163812884,1,Lost,2.67,Need Attention
17179,179,3,711.79,5.19295685089021,1.3862943611198906,6.569186846877494,1,Lost,2.67,Need Attention
17642,120,2,712.29,4.795790545596741,1.0986122886681098,6.569888069839022,1,Lost,2.67,Need Attention
13587,64,1,712.4,4.174387269895637,0.6931471805599453,6.570042272924791,1,Lost,2.67,Need Attention
13416,44,2,712.5,3.8066624897703196,1.0986122886681098,6.570182436916891,3,At Risk,2.67,Need Attention
17029,111,2,716.0,4.718498871295094,1.0986122886681098,6.57507584059962,1,Lost,2.67,Need Attention
15636,90,2,724.76,4.51085950651685,1.0986122886681098,6.587219381659278,1,Lost,2.67,Need Attention
14778,128,2,730.86,4.859812404361672,1.0986122886681098,6.595589238838791,1,Lost,2.67,Need Attention
15045,152,2,735.66,5.030437921392435,1.0986122886681098,6.602126456028984,1,Lost,2.67,Need Attention
14756,16,1,738.96,2.833213344056216,0.6931471805599453,6.606596130683188,3,At Risk,2.67,Promising
15252,37,2,740.78,3.6375861597263857,1.0986122886681098,6.60905270324689,3,At Risk,2.67,Need Attention
13354,72,1,743.53,4.290459441148391,0.6931471805599453,6.612753146812557,1,Lost,2.67,Need Attention
16859,145,2,747.81,4.983606621708336,1.0986122886681098,6.618485279775063,1,Lost,2.67,Need Attention
12908,177,2,750.0,5.181783550292085,1.0986122886681098,6.621405651764134,1,Lost,2.67,Need Attention
13730,136,2,752.6,4.919980925828125,1.0986122886681098,6.624861723262153,1,Lost,2.67,Need Attention
13799,117,2,688.86,4.770684624465665,1.0986122886681098,6.5364886784538845,1,Lost,2.67,Need Attention
17695,132,2,765.34,4.890349128221754,1.0986122886681098,6.641625935491769,1,Lost,2.67,Need Attention
13563,85,2,777.53,4.454347296253507,1.0986122886681098,6.657407526177046,2,Loyal Customers,2.67,Need Attention
16505,32,1,777.6,3.4965075614664802,0.6931471805599453,6.657497435176356,3,At Risk,2.67,Promising
17414,44,2,778.0,3.8066624897703196,1.0986122886681098,6.658011045870748,3,At Risk,2.67,Need Attention
14815,37,2,778.5,3.6375861597263857,1.0986122886681098,6.658652688497831,3,At Risk,2.67,Need Attention
15990,45,2,792.11,3.828641396489095,1.0986122886681098,6.675961925760257,2,Loyal Customers,2.67,Need Attention
18265,73,2,801.51,4.30406509320417,1.0986122886681098,6.687744315985722,2,Loyal Customers,2.67,Need Attention
18248,123,2,804.02,4.820281565605037,1.0986122886681098,6.690867121830435,1,Lost,2.67,Need Attention
16624,81,2,810.57,4.406719247264253,1.0986122886681098,6.6989706432467875,2,Loyal Customers,2.67,Need Attention
18064,134,2,814.0,4.90527477843843,1.0986122886681098,6.703188113240863,1,Lost,2.67,Need Attention
16943,212,3,816.73,5.3612921657094255,1.3862943611198906,6.706532208766916,2,Loyal Customers,2.67,Need Attention
16644,178,2,833.78,5.187385805840755,1.0986122886681098,6.72716821708184,1,Lost,2.67,Need Attention
16747,38,2,836.06,3.6635616461296463,1.0986122886681098,6.729895752508072,3,At Risk,2.67,Need Attention
13929,170,2,842.65,5.14166355650266,1.0986122886681098,6.737737716644347,1,Lost,2.67,Need Attention
12847,23,1,843.64,3.1780538303479458,0.6931471805599453,6.738910501075306,3,At Risk,2.67,Promising
16037,270,3,855.02,5.602118820879701,1.3862943611198906,6.752293740354778,1,Lost,2.67,Need Attention
15100,334,3,876.0,5.814130531825066,1.3862943611198906,6.776506992372183,1,Lost,2.67,Need Attention
15653,93,2,877.44,4.543294782270004,1.0986122886681098,6.7781476070590925,2,Loyal Customers,2.67,Need Attention
15799,76,3,884.14,4.343805421853684,1.3862943611198906,6.785745824587275,2,Loyal Customers,2.67,Need Attention
17704,169,2,885.19,5.135798437050262,1.0986122886681098,6.786931374567216,1,Lost,2.67,Need Attention
15066,54,1,893.59,4.007333185232471,0.6931471805599453,6.796365512756079,3,At Risk,2.67,Need Attention
14625,197,2,899.63,5.288267030694535,1.0986122886681098,6.803094518438584,1,Lost,2.67,Need Attention
16716,267,2,901.2,5.5909869805108565,1.0986122886681098,6.804836224974296,1,Lost,2.67,Need Attention
14015,53,1,917.34,3.9889840465642745,0.6931471805599453,6.8225676924206855,3,At Risk,2.67,Need Attention
13075,130,1,919.61,4.875197323201151,0.6931471805599453,6.825036493805135,1,Lost,2.67,Need Attention
15576,38,1,921.37,3.6635616461296463,0.6931471805599453,6.826946444575113,3,At Risk,2.67,Need Attention
14081,303,2,921.62,5.717027701406222,1.0986122886681098,6.827217448755657,1,Lost,2.67,Need Attention
14231,184,3,925.71,5.220355825078324,1.3862943611198906,6.831640679513165,2,Loyal Customers,2.67,Need Attention
13261,269,2,944.1,5.598421958998375,1.0986122886681098,6.8512907420010105,1,Lost,2.67,Need Attention
17244,54,1,954.9,4.007333185232471,0.6931471805599453,6.862653305069717,3,At Risk,2.67,Need Attention
14256,261,2,969.06,5.568344503761097,1.0986122886681098,6.8773579252545485,1,Lost,2.67,Need Attention
18194,83,1,973.84,4.430816798843313,0.6931471805599453,6.882273354967445,1,Lost,2.67,Need Attention
14920,213,2,977.77,5.365976015021851,1.0986122886681098,6.886296681323568,1,Lost,2.67,Need Attention
15104,197,2,993.54,5.288267030694535,1.0986122886681098,6.902280318701867,1,Lost,2.67,Need Attention
14195,202,2,1012.0,5.313205979041787,1.0986122886681098,6.920671504248683,1,Lost,2.67,Need Attention
16980,256,2,1028.46,5.54907608489522,1.0986122886681098,6.936789671900485,1,Lost,2.67,Need Attention
13639,75,1,1033.34,4.330733340286331,0.6931471805599453,6.941518821134943,1,Lost,2.67,Need Attention
16260,51,1,1035.45,3.9512437185814275,0.6931471805599453,6.9435566914455205,3,At Risk,2.67,Need Attention
14465,247,3,1038.44,5.5134287461649825,1.3862943611198906,6.946437385574481,2,Loyal Customers,2.67,Need Attention
17277,228,2,1065.35,5.43372200355424,1.0986122886681098,6.9719968810436015,1,Lost,2.67,Need Attention
14212,90,1,1070.48,4.51085950651685,0.6931471805599453,6.976796149317125,1,Lost,2.67,Need Attention
16563,54,1,1077.74,4.007333185232471,0.6931471805599453,6.9835489723662585,3,At Risk,2.67,Need Attention
15978,78,1,1098.78,4.3694478524670215,0.6931471805599453,7.002865438783795,1,Lost,2.67,Need Attention
12857,211,2,1106.4,5.356586274672012,1.0986122886681098,7.009770204388867,1,Lost,2.67,Need Attention
14817,201,2,1110.34,5.308267697401205,1.0986122886681098,7.0133217734248765,1,Lost,2.67,Need Attention
13135,197,1,3096.0,5.288267030694535,0.6931471805599453,8.038189179973203,2,Loyal Customers,2.67,Need Attention
17037,88,1,1267.32,4.48863636973214,0.6931471805599453,7.145448469088846,1,Lost,2.67,Need Attention
13878,55,1,1271.57,4.02535169073515,0.6931471805599453,7.148793756734876,2,Loyal Customers,2.67,Need Attention
16692,257,2,1276.0,5.552959584921617,1.0986122886681098,7.152268856032539,1,Lost,2.67,Need Attention
15813,208,2,1303.91,5.342334251964811,1.0986122886681098,7.173889351861322,2,Loyal Customers,2.67,Need Attention
17919,89,1,1304.04,4.499809670330265,0.6931471805599453,7.173988970628047,1,Lost,2.67,Need Attention
14154,240,2,1345.62,5.484796933490655,1.0986122886681098,7.205353028221294,1,Lost,2.67,Need Attention
17354,51,1,1393.06,3.9512437185814275,0.6931471805599453,7.239975632001093,2,Loyal Customers,2.67,Need Attention
12967,359,2,1660.9,5.886104031450156,1.0986122886681098,7.415716805133478,1,Lost,2.67,Need Attention
14245,220,2,1693.45,5.3981627015177525,1.0986122886681098,7.435113483382488,2,Loyal Customers,2.67,Need Attention
16902,117,1,1706.88,4.770684624465665,0.6931471805599453,7.443008114269093,2,Loyal Customers,2.67,Need Attention
15947,83,1,1708.24,4.430816798843313,0.6931471805599453,7.443804106257556,2,Loyal Customers,2.67,Need Attention
14459,156,1,1837.92,5.056245805348308,0.6931471805599453,7.516933721754878,1,Lost,2.67,Need Attention
14887,80,1,1862.0,4.394449154672439,0.6931471805599453,7.529943370601589,2,Loyal Customers,2.67,Need Attention
17553,130,1,1487.6,4.875197323201151,0.6931471805599453,7.305591359925811,1,Lost,2.67,Need Attention
15057,276,2,1489.5,5.6240175061873385,1.0986122886681098,7.306866913118126,1,Lost,2.67,Need Attention
17597,214,1,2044.37,5.3706380281276624,0.6931471805599453,7.623333981206562,1,Lost,2.67,Need Attention
16766,274,2,1145.6,5.616771097666572,1.0986122886681098,7.044556320474283,1,Lost,2.67,Need Attention
16281,73,1,2062.06,4.30406509320417,0.6931471805599453,7.6319455965067835,2,Loyal Customers,2.67,Need Attention
13659,206,2,1563.0,5.332718793265369,1.0986122886681098,7.355001921105257,2,Loyal Customers,2.67,Need Attention
13850,130,1,1595.48,4.875197323201151,0.6931471805599453,7.375556484672672,1,Lost,2.67,Need Attention
16244,212,2,1522.75,5.3612921657094255,1.0986122886681098,7.328929680795481,2,Loyal Customers,2.67,Need Attention
16036,88,2,758.92,4.48863636973214,1.0986122886681098,6.633213164581927,2,Loyal Customers,2.67,Need Attention
17816,37,4,36.56,3.6375861597263857,1.6094379124341003,3.6259396543400624,3,At Risk,2.67,Need Attention
14865,8,2,52.2,2.1972245773362196,1.0986122886681098,3.9740583963475986,3,At Risk,2.67,Promising
15863,26,2,68.84,3.295836866004329,1.0986122886681098,4.246206911531347,3,At Risk,2.67,Need Attention
18037,155,6,70.02,5.049856007249537,1.9459101490553132,4.262961527514942,1,Lost,2.67,Need Attention
14785,11,2,77.4,2.4849066497880004,1.0986122886681098,4.361823927356363,3,At Risk,2.67,Promising
17468,11,2,137.0,2.4849066497880004,1.0986122886681098,4.927253685157205,3,At Risk,2.67,Promising
16852,11,2,144.91,2.4849066497880004,1.0986122886681098,4.982989993275931,3,At Risk,2.67,Promising
17549,24,2,148.86,3.2188758248682006,1.0986122886681098,5.0097015249361645,3,At Risk,2.67,Need Attention
14354,6,2,163.62,1.9459101490553132,1.0986122886681098,5.103639787544498,3,At Risk,2.67,Promising
17737,10,2,168.24,2.3978952727983707,1.0986122886681098,5.131317825851867,3,At Risk,2.67,Promising
17772,11,2,173.45,2.4849066497880004,1.0986122886681098,5.161638167632783,3,At Risk,2.67,Promising
14798,53,3,173.74,3.9889840465642745,1.3862943611198906,5.163299154869948,3,At Risk,2.67,Need Attention
18282,8,2,178.05,2.1972245773362196,1.0986122886681098,5.187665096444442,3,At Risk,2.67,Promising
13978,15,2,196.79,2.772588722239781,1.0986122886681098,5.287205861793318,3,At Risk,2.67,Need Attention
16519,26,2,215.08,3.295836866004329,1.0986122886681098,5.37564870948436,3,At Risk,2.67,Need Attention
16189,16,2,215.48,2.833213344056216,1.0986122886681098,5.3774981644224775,3,At Risk,2.67,Need Attention
17436,2,2,216.3,1.0986122886681098,1.0986122886681098,5.381278887262384,3,At Risk,2.67,Promising
14960,9,2,221.27,2.302585092994046,1.0986122886681098,5.4038928590966755,3,At Risk,2.67,Promising
18030,5,2,230.65,1.791759469228055,1.0986122886681098,5.4452276118626575,3,At Risk,2.67,Promising
15690,5,2,239.76,1.791759469228055,1.0986122886681098,5.48380058667957,3,At Risk,2.67,Promising
17181,58,2,239.92,4.07753744390572,1.0986122886681098,5.4844649281755204,1,Lost,2.67,Need Attention
13565,20,2,240.22,3.044522437723423,1.0986122886681098,5.485709380155097,3,At Risk,2.67,Promising
16528,4,1,244.41,1.6094379124341003,0.6931471805599453,5.502930281242811,3,At Risk,2.67,Promising
17771,57,2,245.81,4.060443010546419,1.0986122886681098,5.508618809848949,1,Lost,2.67,Need Attention
15783,11,1,246.3,2.4849066497880004,0.6931471805599453,5.510602174527371,3,At Risk,2.67,Promising
13349,11,1,247.32,2.4849066497880004,0.6931471805599453,5.514718236994854,3,At Risk,2.67,Promising
15097,5,1,248.08,1.791759469228055,0.6931471805599453,5.517774130004251,3,At Risk,2.67,Promising
16024,13,1,251.03,2.6390573296152584,0.6931471805599453,5.5295481280448655,3,At Risk,2.67,Promising
17155,18,2,251.7,2.9444389791664403,1.0986122886681098,5.532203014394148,3,At Risk,2.67,Promising
16836,40,2,251.87,3.713572066704308,1.0986122886681098,5.5328755226775,3,At Risk,2.67,Need Attention
14761,59,2,255.9,4.0943445622221,1.0986122886681098,5.548686904115838,1,Lost,2.67,Need Attention
15014,44,2,257.67,3.8066624897703196,1.0986122886681098,5.555553118030016,3,At Risk,2.67,Need Attention
15577,152,3,258.88,5.030437921392435,1.3862943611198906,5.5602199860123305,1,Lost,2.67,Need Attention
13189,19,2,260.68,2.995732273553991,1.0986122886681098,5.567122383230129,3,At Risk,2.67,Promising
14508,23,2,268.05,3.1780538303479458,1.0986122886681098,5.594897235935429,3,At Risk,2.67,Promising
13242,113,3,270.4,4.736198448394496,1.3862943611198906,5.603593747400769,1,Lost,2.67,Need Attention
13917,50,2,272.04,3.9318256327243257,1.0986122886681098,5.609618304598452,3,At Risk,2.67,Need Attention
14819,65,2,272.07,4.189654742026425,1.0986122886681098,5.609728172573878,1,Lost,2.67,Need Attention
13544,40,2,276.06,3.713572066704308,1.0986122886681098,5.624234089229733,3,At Risk,2.67,Need Attention
13272,32,2,276.56,3.4965075614664802,1.0986122886681098,5.626037126031348,3,At Risk,2.67,Promising
15355,30,2,277.05,3.4339872044851463,1.0986122886681098,5.627800953633573,3,At Risk,2.67,Promising
14480,12,1,279.05,2.5649493574615367,0.6931471805599453,5.634968158655841,3,At Risk,2.67,Promising
18270,39,2,283.15,3.6888794541139363,1.0986122886681098,5.649502267743131,3,At Risk,2.67,Need Attention
15148,11,1,301.29,2.4849066497880004,0.6931471805599453,5.711386821516136,3,At Risk,2.67,Promising
16386,29,2,302.57,3.4011973816621555,1.0986122886681098,5.715612226409778,3,At Risk,2.67,Promising
16674,55,2,304.24,4.02535169073515,1.0986122886681098,5.721098352421432,3,At Risk,2.67,Need Attention
15163,19,2,304.47,2.995732273553991,1.0986122886681098,5.721851574117079,3,At Risk,2.67,Promising
14555,58,2,312.54,4.07753744390572,1.0986122886681098,5.747926943640385,1,Lost,2.67,Need Attention
15318,4,1,312.62,1.6094379124341003,0.6931471805599453,5.748182061952885,3,At Risk,2.67,Promising
16473,165,3,316.11,5.111987788356544,1.3862943611198906,5.759248716840184,1,Lost,2.67,Need Attention
15107,312,6,319.5,5.746203190540153,1.9459101490553132,5.7698822763607245,1,Lost,2.67,Need Attention
16342,76,4,322.41,4.343805421853684,1.6094379124341003,5.778920868124441,2,Loyal Customers,2.67,Need Attention
15675,82,3,323.69,4.418840607796598,1.3862943611198906,5.782870880975165,1,Lost,2.67,Need Attention
16685,62,2,324.24,4.143134726391533,1.0986122886681098,5.784563371339637,1,Lost,2.67,Need Attention
12844,30,2,325.96,3.4339872044851463,1.0986122886681098,5.7898378392560215,3,At Risk,2.67,Promising
15579,69,2,327.6,4.248495242049359,1.0986122886681098,5.794841205603168,1,Lost,2.67,Need Attention
16343,17,2,328.58,2.8903717578961645,1.0986122886681098,5.797819116582584,3,At Risk,2.67,Promising
17914,4,1,329.36,1.6094379124341003,0.6931471805599453,5.800182968942516,3,At Risk,2.67,Promising
12953,10,1,329.85,2.3978952727983707,0.6931471805599453,5.801665100458068,3,At Risk,2.67,Promising
13727,29,2,333.48,3.4011973816621555,1.0986122886681098,5.81257708704831,3,At Risk,2.67,Promising
17917,46,3,335.03,3.8501476017100584,1.3862943611198906,5.8172004416917575,3,At Risk,2.67,Need Attention
15619,11,1,336.4,2.4849066497880004,0.6931471805599453,5.821269170111868,3,At Risk,2.67,Promising
17384,20,2,336.4,3.044522437723423,1.0986122886681098,5.821269170111868,3,At Risk,2.67,Promising
13930,58,2,337.34,4.07753744390572,1.0986122886681098,5.824051307047146,3,At Risk,2.67,Need Attention
13569,18,2,338.62,2.9444389791664403,1.0986122886681098,5.8278273455181555,3,At Risk,2.67,Promising
17045,114,3,339.44,4.74493212836325,1.3862943611198906,5.83023889860876,1,Lost,2.67,Need Attention
18081,37,3,343.45,3.6375861597263857,1.3862943611198906,5.841948942039205,3,At Risk,2.67,Need Attention
15520,2,1,343.5,1.0986122886681098,0.6931471805599453,5.842094090453713,3,At Risk,2.67,Promising
13790,5,1,348.8,1.791759469228055,0.6931471805599453,5.857361562584502,3,At Risk,2.67,Promising
15334,157,3,350.82,5.062595033026967,1.3862943611198906,5.863119681170759,1,Lost,2.67,Need Attention
14804,9,1,353.27,2.302585092994046,0.6931471805599453,5.8700593342813,3,At Risk,2.67,Promising
15840,59,2,355.56,4.0943445622221,1.0986122886681098,5.876502528638301,3,At Risk,2.67,Need Attention
13405,75,3,572.45,4.330733340286331,1.3862943611198906,6.351670748810531,2,Loyal Customers,2.67,Need Attention
16816,104,4,417.06,4.653960350157523,1.6094379124341003,6.035624962893636,2,Loyal Customers,2.67,Need Attention
16723,92,2,576.4,4.532599493153256,1.0986122886681098,6.358535267228834,1,Lost,2.67,Need Attention
14176,298,4,576.9,5.700443573390687,1.6094379124341003,6.359400843323733,1,Lost,2.67,Need Attention
17259,149,2,581.23,5.0106352940962555,1.0986122886681098,6.366865558668267,1,Lost,2.67,Need Attention
18034,22,2,418.68,3.1354942159291497,1.0986122886681098,6.039492516118564,3,At Risk,2.67,Promising
16384,90,2,584.5,4.51085950651685,1.0986122886681098,6.372466183037772,1,Lost,2.67,Need Attention
14338,162,2,588.22,5.093750200806762,1.0986122886681098,6.3787996283436765,1,Lost,2.67,Need Attention
13140,109,3,422.47,4.700480365792417,1.3862943611198906,6.048482673330305,1,Lost,2.67,Need Attention
13473,61,2,422.64,4.127134385045092,1.0986122886681098,6.048884037975468,3,At Risk,2.67,Need Attention
14157,20,2,424.89,3.044522437723423,1.0986122886681098,6.054181096963448,3,At Risk,2.67,Promising
15440,55,3,383.68,4.02535169073515,1.3862943611198906,5.952411819844281,3,At Risk,2.67,Need Attention
17869,108,5,428.18,4.6913478822291435,1.791759469228055,6.061876411348347,2,Loyal Customers,2.67,Need Attention
15036,73,3,429.56,4.30406509320417,1.3862943611198906,6.065086686978596,2,Loyal Customers,2.67,Need Attention
16884,38,2,429.84,3.6635616461296463,1.0986122886681098,6.0657367914825695,3,At Risk,2.67,Need Attention
17432,19,2,365.76,2.995732273553991,1.0986122886681098,5.9047076831817,3,At Risk,2.67,Promising
14093,13,1,433.86,2.6390573296152584,0.6931471805599453,6.075024140206913,3,At Risk,2.67,Promising
14460,111,3,434.34,4.718498871295094,1.3862943611198906,6.076127334986691,1,Lost,2.67,Need Attention
16788,124,2,594.39,4.8283137373023015,1.0986122886681098,6.3892166530089884,1,Lost,2.67,Need Attention
16948,139,3,435.02,4.941642422609304,1.3862943611198906,6.0776881138566,1,Lost,2.67,Need Attention
13888,120,2,595.67,4.795790545596741,1.0986122886681098,6.391364196743265,1,Lost,2.67,Need Attention
14965,97,2,596.09,4.584967478670572,1.0986122886681098,6.3920678557992385,1,Lost,2.67,Need Attention
14675,17,1,596.36,2.8903717578961645,0.6931471805599453,6.392519946727447,3,At Risk,2.67,Promising
17190,59,2,444.74,4.0943445622221,1.0986122886681098,6.09973582239177,3,At Risk,2.67,Need Attention
17370,73,4,446.18,4.30406509320417,1.6094379124341003,6.102961198121657,2,Loyal Customers,2.67,Need Attention
14645,157,2,597.09,5.062595033026967,1.0986122886681098,6.393741244298632,1,Lost,2.67,Need Attention
15646,158,3,447.64,5.0689042022202315,1.3862943611198906,6.106220784406171,1,Lost,2.67,Need Attention
14780,55,2,447.68,4.02535169073515,1.0986122886681098,6.106309938777023,3,At Risk,2.67,Need Attention
15720,25,1,598.73,3.258096538021482,0.6931471805599453,6.3964795539357615,3,At Risk,2.67,Promising
13489,106,4,449.52,4.672828834461906,1.6094379124341003,6.110402471179496,2,Loyal Customers,2.67,Need Attention
13673,19,2,387.44,2.995732273553991,1.0986122886681098,5.962138717726154,3,At Risk,2.67,Promising
15471,3,1,454.48,1.3862943611198906,0.6931471805599453,6.121351807942404,3,At Risk,2.67,Promising
14513,101,3,455.59,4.624972813284271,1.3862943611198906,6.1237858328484185,1,Lost,2.67,Need Attention
15121,51,2,457.72,3.9512437185814275,1.0986122886681098,6.12844000213506,3,At Risk,2.67,Need Attention
18155,76,3,371.62,4.343805421853684,1.3862943611198906,5.920559133592207,1,Lost,2.67,Need Attention
16239,57,2,414.2,4.060443010546419,1.0986122886681098,6.028760331851679,3,At Risk,2.67,Need Attention
14474,47,1,547.66,3.871201010907891,0.6931471805599453,6.3074789418267985,3,At Risk,2.67,Need Attention
16031,93,2,547.9,4.543294782270004,1.0986122886681098,6.3079162755558436,1,Lost,2.67,Need Attention
15043,32,1,537.0,3.4965075614664802,0.6931471805599453,6.2878585601617845,3,At Risk,2.67,Promising
17999,38,2,380.39,3.6635616461296463,1.0986122886681098,5.94382247363014,3,At Risk,2.67,Need Attention
17913,59,2,408.65,4.0943445622221,1.0986122886681098,6.015303136587824,3,At Risk,2.67,Need Attention
16018,40,2,408.9,3.713572066704308,1.0986122886681098,6.015913227510292,3,At Risk,2.67,Need Attention
17674,75,2,551.04,4.330733340286331,1.0986122886681098,6.313620507419839,1,Lost,2.67,Need Attention
17955,199,4,557.3,5.298317366548036,1.6094379124341003,6.324896452316315,2,Loyal Customers,2.67,Need Attention
13000,107,3,534.85,4.68213122712422,1.3862943611198906,6.283854271159006,2,Loyal Customers,2.67,Need Attention
17265,139,2,550.01,4.941642422609304,1.0986122886681098,6.311752957808554,1,Lost,2.67,Need Attention
12987,74,2,558.7,4.31748811353631,1.0986122886681098,6.327400925897314,1,Lost,2.67,Need Attention
13260,62,1,557.62,4.143134726391533,0.6931471805599453,6.325469456665338,1,Lost,2.67,Need Attention
14891,149,2,554.38,5.0106352940962555,1.0986122886681098,6.319652564141498,1,Lost,2.67,Need Attention
14538,65,2,388.25,4.189654742026425,1.0986122886681098,5.964221810714108,1,Lost,2.67,Need Attention
17964,32,2,463.21,3.4965075614664802,1.0986122886681098,6.140337036046906,3,At Risk,2.67,Promising
13856,169,3,388.5,5.135798437050262,1.3862943611198906,5.964863865310803,1,Lost,2.67,Need Attention
13899,17,2,388.52,2.8903717578961645,1.0986122886681098,5.9649152118744455,3,At Risk,2.67,Promising
17911,10,1,366.23,2.3978952727983707,0.6931471805599453,5.9059883547555305,3,At Risk,2.67,Promising
12944,36,2,604.51,3.6109179126442243,1.0986122886681098,6.406071078133402,3,At Risk,2.67,Need Attention
12981,30,2,372.22,3.4339872044851463,1.0986122886681098,5.922168058105326,3,At Risk,2.67,Promising
15847,39,2,389.27,3.6888794541139363,1.0986122886681098,5.966838807281578,3,At Risk,2.67,Need Attention
13248,125,2,465.68,4.836281906951478,1.0986122886681098,6.145643797955656,1,Lost,2.67,Need Attention
16504,26,1,465.88,3.295836866004329,0.6931471805599453,6.14607226533442,3,At Risk,2.67,Promising
12895,43,2,372.8,3.784189633918261,1.0986122886681098,5.923720895021463,3,At Risk,2.67,Need Attention
14323,115,2,605.06,4.7535901911063645,1.0986122886681098,6.406978991069148,1,Lost,2.67,Need Attention
13298,2,1,360.0,1.0986122886681098,0.6931471805599453,5.8888779583328805,3,At Risk,2.67,Promising
15557,29,1,468.91,3.4011973816621555,0.6931471805599453,6.152541187005974,3,At Risk,2.67,Promising
13233,75,2,605.12,4.330733340286331,1.0986122886681098,6.407077986267962,1,Lost,2.67,Need Attention
13873,120,3,389.6,4.795790545596741,1.3862943611198906,5.967684018442578,1,Lost,2.67,Need Attention
17849,219,4,605.8,5.393627546352362,1.6094379124341003,6.408199247474377,2,Loyal Customers,2.67,Need Attention
14427,51,2,363.34,3.9512437185814275,1.0986122886681098,5.898087497602683,3,At Risk,2.67,Need Attention
18216,32,1,481.75,3.4965075614664802,0.6931471805599453,6.179498921308624,3,At Risk,2.67,Promising
16603,75,2,482.47,4.330733340286331,1.0986122886681098,6.180989265398516,1,Lost,2.67,Need Attention
15645,19,1,612.01,2.995732273553991,0.6931471805599453,6.418381249016855,3,At Risk,2.67,Promising
15232,114,2,612.06,4.74493212836325,1.0986122886681098,6.418462810428566,1,Lost,2.67,Need Attention
14147,79,2,483.4,4.382026634673881,1.0986122886681098,6.182911011678937,1,Lost,2.67,Need Attention
17080,23,2,287.62,3.1780538303479458,1.0986122886681098,5.665110944007932,3,At Risk,2.67,Promising
14382,27,1,615.49,3.332204510175204,0.6931471805599453,6.424042101872682,3,At Risk,2.67,Promising
14905,158,2,616.15,5.0689042022202315,1.0986122886681098,6.425112106189937,1,Lost,2.67,Need Attention
15949,17,2,364.72,2.8903717578961645,1.0986122886681098,5.901868013296226,3,At Risk,2.67,Promising
13675,152,2,486.82,5.030437921392435,1.0986122886681098,6.18994648535133,1,Lost,2.67,Need Attention
16613,71,1,618.59,4.276666119016055,0.6931471805599453,6.429057968967668,1,Lost,2.67,Need Attention
14067,64,2,374.7,4.174387269895637,1.0986122886681098,5.928790952579924,1,Lost,2.67,Need Attention
13402,128,2,621.23,4.859812404361672,1.0986122886681098,6.433309799308897,1,Lost,2.67,Need Attention
14548,151,2,652.8,5.0238805208462765,1.0986122886681098,6.48280149429011,1,Lost,2.67,Need Attention
16573,85,2,663.61,4.454347296253507,1.0986122886681098,6.499200402451892,1,Lost,2.67,Need Attention
15643,192,3,664.0,5.262690188904886,1.3862943611198906,6.499787040655854,1,Lost,2.67,Need Attention
17163,22,2,293.1,3.1354942159291497,1.0986122886681098,5.68391984555995,3,At Risk,2.67,Promising
16208,45,2,664.26,3.828641396489095,1.0986122886681098,6.500177941687698,3,At Risk,2.67,Need Attention
13963,309,4,664.54,5.736572297479192,1.6094379124341003,6.500598741212994,1,Lost,2.67,Need Attention
17105,160,2,665.78,5.081404364984463,1.0986122886681098,6.50246015642561,1,Lost,2.67,Need Attention
15881,313,5,501.39,5.749392985908253,1.791759469228055,6.2193767104972935,1,Lost,2.67,Need Attention
17985,23,1,631.35,3.1780538303479458,0.6931471805599453,6.4494430383259855,3,At Risk,2.67,Promising
14954,13,1,294.85,2.6390573296152584,0.6931471805599453,5.689852569122703,3,At Risk,2.67,Promising
12838,34,2,671.95,3.5553480614894135,1.0986122886681098,6.5116710326797245,3,At Risk,2.67,Need Attention
14236,81,2,490.86,4.406719247264253,1.0986122886681098,6.198194123153937,1,Lost,2.67,Need Attention
14628,92,2,671.96,4.532599493153256,1.0986122886681098,6.511685892514335,1,Lost,2.67,Need Attention
16998,150,4,295.0,5.017279836814924,1.6094379124341003,5.69035945432406,1,Lost,2.67,Need Attention
15366,76,2,602.51,4.343805421853684,1.0986122886681098,6.40276261040859,1,Lost,2.67,Need Attention
17630,170,2,503.6,5.14166355650266,1.0986122886681098,6.223766036206958,1,Lost,2.67,Need Attention
17749,179,2,674.52,5.19295685089021,1.0986122886681098,6.515482764659955,1,Lost,2.67,Need Attention
13464,59,1,674.68,4.0943445622221,0.6931471805599453,6.515719591185634,1,Lost,2.67,Need Attention
15522,33,2,397.99,3.5263605246161616,1.0986122886681098,5.988936353919148,3,At Risk,2.67,Promising
13732,29,1,491.86,3.4011973816621555,0.6931471805599453,6.200225158054739,3,At Risk,2.67,Promising
15384,170,2,642.41,5.14166355650266,1.0986122886681098,6.46678215711498,1,Lost,2.67,Need Attention
13321,73,2,567.36,4.30406509320417,1.0986122886681098,6.342755020769874,1,Lost,2.67,Need Attention
15885,93,3,379.35,4.543294782270004,1.3862943611198906,5.9410918814433105,1,Lost,2.67,Need Attention
14317,65,1,508.58,4.189654742026425,0.6931471805599453,6.233586857019973,1,Lost,2.67,Need Attention
17391,164,2,508.8,5.10594547390058,1.0986122886681098,6.234018491942015,1,Lost,2.67,Need Attention
15938,113,5,404.58,4.736198448394496,1.791759469228055,6.0053181413965175,2,Loyal Customers,2.67,Need Attention
14725,25,1,655.58,3.258096538021482,0.6931471805599453,6.487044544658406,3,At Risk,2.67,Promising
15821,45,2,570.96,3.828641396489095,1.0986122886681098,6.349069058864647,3,At Risk,2.67,Need Attention
13548,97,2,678.16,4.584967478670572,1.0986122886681098,6.520856740447811,1,Lost,2.67,Need Attention
15829,100,2,636.14,4.61512051684126,1.0986122886681098,6.456989411643809,1,Lost,2.67,Need Attention
14481,165,2,636.51,5.111987788356544,1.0986122886681098,6.457569963184063,1,Lost,2.67,Need Attention
13005,174,2,513.7,5.1647859739235145,1.0986122886681098,6.243584206658709,1,Lost,2.67,Need Attention
17298,102,2,498.42,4.634728988229636,1.0986122886681098,6.21344742510144,1,Lost,2.67,Need Attention
14500,89,3,356.85,4.499809670330265,1.3862943611198906,5.880113904184607,1,Lost,2.67,Need Attention
16399,20,2,408.02,3.044522437723423,1.0986122886681098,6.013764054602749,3,At Risk,2.67,Promising
17062,314,4,533.33,5.752572638825633,1.6094379124341003,6.281013625618804,1,Lost,2.67,Need Attention
16354,64,2,395.8,4.174387269895637,1.0986122886681098,5.983432375410718,1,Lost,2.67,Need Attention
13760,55,2,286.79,4.02535169073515,1.0986122886681098,5.662231047497966,3,At Risk,2.67,Need Attention
17936,6,1,380.13,1.9459101490553132,0.6931471805599453,5.943140524277792,3,At Risk,2.67,Promising
16431,214,3,623.28,5.3706380281276624,1.3862943611198906,6.436598985674353,1,Lost,2.67,Need Attention
14855,120,2,645.65,4.795790545596741,1.0986122886681098,6.471805189861254,1,Lost,2.67,Need Attention
13434,75,2,534.24,4.330733340286331,1.0986122886681098,6.282715244436788,1,Lost,2.67,Need Attention
16732,32,1,603.75,3.4965075614664802,0.6931471805599453,6.404815149490137,3,At Risk,2.67,Promising
18121,150,2,653.3,5.017279836814924,1.0986122886681098,6.483565961875693,1,Lost,2.67,Need Attention
15882,199,4,516.36,5.298317366548036,1.6094379124341003,6.248738957138337,1,Lost,2.67,Need Attention
15091,68,1,480.71,4.23410650459726,0.6931471805599453,6.177342273229703,1,Lost,2.67,Need Attention
17489,59,2,376.64,4.0943445622221,1.0986122886681098,5.933941360864316,3,At Risk,2.67,Need Attention
15193,61,1,499.32,4.127134385045092,0.6931471805599453,6.215247893709531,1,Lost,2.67,Need Attention
17765,159,3,367.63,5.075173815233827,1.3862943611198906,5.909793430963424,1,Lost,2.67,Need Attention
18205,37,2,517.36,3.6375861597263857,1.0986122886681098,6.2506699815672135,3,At Risk,2.67,Need Attention
17760,22,2,287.59,3.1354942159291497,1.0986122886681098,5.665006995704794,3,At Risk,2.67,Promising
15012,54,2,405.04,4.007333185232471,1.0986122886681098,6.00645167691623,3,At Risk,2.67,Need Attention
16383,75,2,643.76,4.330733340286331,1.0986122886681098,6.46887815452873,1,Lost,2.67,Need Attention
15626,75,2,675.8,4.330733340286331,1.0986122886681098,6.517375808292013,2,Loyal Customers,2.67,Need Attention
18151,135,2,653.35,4.912654885736052,1.0986122886681098,6.483642376501489,1,Lost,2.67,Need Attention
16955,185,4,518.67,5.225746673713202,1.6094379124341003,6.25319399473728,1,Lost,2.67,Need Attention
14636,37,2,609.85,3.6375861597263857,1.0986122886681098,6.414851429850069,3,At Risk,2.67,Need Attention
15545,55,2,288.97,4.02535169073515,1.0986122886681098,5.669777469353516,3,At Risk,2.67,Need Attention
14754,45,2,638.05,3.828641396489095,1.0986122886681098,6.459982698577723,3,At Risk,2.67,Need Attention
16441,68,2,381.2,4.23410650459726,1.0986122886681098,5.945944031806173,1,Lost,2.67,Need Attention
17459,44,2,657.3,3.8066624897703196,1.0986122886681098,6.489660754473831,3,At Risk,2.67,Need Attention
15205,86,2,653.24,4.465908118654584,1.0986122886681098,6.483474256616332,1,Lost,2.67,Need Attention
13573,51,2,290.25,3.9512437185814275,1.0986122886681098,5.674182004879911,3,At Risk,2.67,Need Attention
14150,36,2,658.64,3.6109179126442243,1.0986122886681098,6.49169423166057,3,At Risk,2.67,Need Attention
15589,256,3,478.53,5.54907608489522,1.3862943611198906,6.172806457538428,1,Lost,2.67,Need Attention
15300,65,1,496.44,4.189654742026425,0.6931471805599453,6.2094749463104435,1,Lost,2.67,Need Attention
13388,132,2,677.1,4.890349128221754,1.0986122886681098,6.519294769689797,1,Lost,2.67,Need Attention
17255,41,2,291.48,3.7376696182833684,1.0986122886681098,5.678396288265786,3,At Risk,2.67,Need Attention
17623,33,1,527.05,3.5263605246161616,0.6931471805599453,6.269190976192483,3,At Risk,2.67,Promising
17379,12,1,389.72,2.5649493574615367,0.6931471805599453,5.96799119092234,3,At Risk,2.67,Promising
13933,110,2,608.79,4.709530201312334,1.0986122886681098,6.413114635600407,1,Lost,2.67,Need Attention
15402,149,2,626.77,5.0106352940962555,1.0986122886681098,6.4421738573469876,1,Lost,2.67,Need Attention
14002,135,2,529.73,4.912654885736052,1.0986122886681098,6.274253417348632,1,Lost,2.67,Need Attention
15182,155,2,622.85,5.049856007249537,1.0986122886681098,6.43590995485703,1,Lost,2.67,Need Attention
15349,159,2,463.91,5.075173815233827,1.0986122886681098,6.141843838467353,1,Lost,2.67,Need Attention
14152,76,2,621.29,4.343805421853684,1.0986122886681098,6.433406222026163,1,Lost,2.67,Need Attention
13844,12,1,361.62,2.5649493574615367,0.6931471805599453,5.893355453997663,3,At Risk,2.67,Promising
17454,193,4,517.53,5.267858159063328,1.6094379124341003,6.25099788520506,1,Lost,2.67,Need Attention
18082,26,1,680.84,3.295836866004329,0.6931471805599453,6.524795026214043,3,At Risk,2.67,Promising
18040,20,2,357.2,3.044522437723423,1.0986122886681098,5.881091489626612,3,At Risk,2.67,Promising
15258,169,2,623.16,5.135798437050262,1.0986122886681098,6.4364067457583465,1,Lost,2.67,Need Attention
15184,30,2,402.2,3.4339872044851463,1.0986122886681098,5.999432716757159,3,At Risk,2.67,Promising
18085,331,2,689.95,5.805134968916488,1.0986122886681098,6.538067462249494,1,Lost,2.33,Lost
13294,190,2,873.74,5.25227342804663,1.0986122886681098,6.773926699344786,1,Lost,2.33,Lost
16997,289,3,702.0,5.66988092298052,1.3862943611198906,6.555356891810665,1,Lost,2.33,Lost
16449,198,2,707.69,5.293304824724492,1.0986122886681098,6.563418195373777,1,Lost,2.33,Lost
17761,33,1,712.78,3.5263605246161616,0.6931471805599453,6.570574791610563,3,At Risk,2.33,Need Attention
14055,107,1,725.64,4.68213122712422,0.6931471805599453,6.588431169193958,1,Lost,2.33,Lost
16491,47,1,731.5,3.871201010907891,0.6931471805599453,6.596463340891223,3,At Risk,2.33,Need Attention
15074,106,1,735.67,4.672828834461906,0.6931471805599453,6.60214003072033,1,Lost,2.33,Lost
13900,184,3,740.95,5.220355825078324,1.3862943611198906,6.609281855452135,2,Loyal Customers,2.33,Lost
14923,51,1,749.1,3.9512437185814275,0.6931471805599453,6.620206530975591,3,At Risk,2.33,Need Attention
18104,38,1,754.64,3.6635616461296463,0.6931471805599453,6.627565072288651,3,At Risk,2.33,Need Attention
15223,226,2,755.75,5.424950017481403,1.0986122886681098,6.629032947901828,1,Lost,2.33,Lost
14009,199,2,695.61,5.298317366548036,1.0986122886681098,6.546225713269575,1,Lost,2.33,Lost
14672,235,2,765.55,5.4638318050256105,1.0986122886681098,6.641899927756463,1,Lost,2.33,Lost
13356,81,1,768.24,4.406719247264253,0.6931471805599453,6.645403014442647,1,Lost,2.33,Lost
16480,76,1,769.29,4.343805421853684,0.6931471805599453,6.646767067319571,1,Lost,2.33,Lost
12965,90,1,769.81,4.51085950651685,0.6931471805599453,6.647441909990047,1,Lost,2.33,Lost
15353,255,2,770.12,5.545177444479562,1.0986122886681098,6.647844003475713,1,Lost,2.33,Lost
17409,185,2,771.85,5.225746673713202,1.0986122886681098,6.6500849805983275,1,Lost,2.33,Lost
15075,78,1,773.03,4.3694478524670215,0.6931471805599453,6.651610632528512,1,Lost,2.33,Lost
13375,89,1,778.65,4.499809670330265,0.6931471805599453,6.658845101030894,1,Lost,2.33,Lost
13583,156,1,781.03,5.056245805348308,0.6931471805599453,6.661893102980819,1,Lost,2.33,Lost
16054,146,1,783.9,4.990432586778736,0.6931471805599453,6.665556321132768,1,Lost,2.33,Lost
16546,291,2,787.15,5.676753802268282,1.0986122886681098,6.669688427072551,1,Lost,2.33,Lost
14557,86,1,788.38,4.465908118654584,0.6931471805599453,6.671247827209794,1,Lost,2.33,Lost
13336,78,1,795.12,4.3694478524670215,0.6931471805599453,6.679749928251019,1,Lost,2.33,Lost
13707,268,2,806.41,5.594711379601839,1.0986122886681098,6.693831593776871,1,Lost,2.33,Lost
16276,177,1,810.6,5.181783550292085,0.6931471805599453,6.69900760795166,1,Lost,2.33,Lost
15649,337,2,816.0,5.823045895483019,1.0986122886681098,6.705639094860003,1,Lost,2.33,Lost
16108,85,1,842.5,4.454347296253507,0.6931471805599453,6.737559901986023,1,Lost,2.33,Lost
13221,241,2,847.41,5.488937726156687,1.0986122886681098,6.743364009514037,1,Lost,2.33,Lost
12878,237,2,854.99,5.472270673671475,1.0986122886681098,6.752258693830513,1,Lost,2.33,Lost
16163,233,2,856.6,5.455321115357702,1.0986122886681098,6.754137790316538,1,Lost,2.33,Lost
16567,195,2,865.6,5.278114659230517,1.0986122886681098,6.764577509305809,1,Lost,2.33,Lost
17649,139,1,868.49,4.941642422609304,0.6931471805599453,6.767906832865638,1,Lost,2.33,Lost
13979,74,1,869.87,4.31748811353631,0.6931471805599453,6.769492711981713,1,Lost,2.33,Lost
12346,326,1,77183.6,5.7899601708972535,0.6931471805599453,11.253955234248428,2,Loyal Customers,2.33,Lost
14770,233,2,876.42,5.455321115357702,1.0986122886681098,6.7769857830927895,1,Lost,2.33,Lost
15076,173,1,880.85,5.159055299214529,0.6931471805599453,6.782021973516374,1,Lost,2.33,Lost
18133,213,1,931.5,5.365976015021851,0.6931471805599453,6.837869151517971,1,Lost,2.33,Lost
15333,209,1,1028.56,5.3471075307174685,0.6931471805599453,6.936886805488385,1,Lost,2.33,Lost
13235,213,1,1031.07,5.365976015021851,0.6931471805599453,6.939321773198559,1,Lost,2.33,Lost
15069,180,1,1109.53,5.198497031265826,0.6931471805599453,7.012592657827759,1,Lost,2.33,Lost
14105,240,1,1266.23,5.484796933490655,0.6931471805599453,7.144588695022355,1,Lost,2.33,Lost
13572,206,1,1384.25,5.332718793265369,0.6931471805599453,7.233635907747459,1,Lost,2.33,Lost
16754,373,1,2002.4,5.924255797414532,0.6931471805599453,7.602601016177664,1,Lost,2.33,Lost
14885,132,1,765.32,4.890349128221754,0.6931471805599453,6.6415998370746365,1,Lost,2.33,Lost
15992,4,1,41.99,1.6094379124341003,0.6931471805599453,3.76096753050819,3,At Risk,2.33,Promising
15516,45,3,62.43,3.828641396489095,1.3862943611198906,4.149936935645806,3,At Risk,2.33,Need Attention
17942,8,1,77.5,2.1972245773362196,0.6931471805599453,4.363098624788363,3,At Risk,2.33,Promising
16789,9,1,80.8,2.302585092994046,0.6931471805599453,4.404277243608702,3,At Risk,2.33,Promising
13666,61,3,84.65,4.127134385045092,1.3862943611198906,4.450269224770129,1,Lost,2.33,Need Attention
14219,5,1,89.94,1.791759469228055,0.6931471805599453,4.510199948396864,3,At Risk,2.33,Promising
16597,5,1,90.04,1.791759469228055,0.6931471805599453,4.511298970378021,3,At Risk,2.33,Promising
16506,20,2,90.3,3.044522437723423,1.0986122886681098,4.514150787600923,3,At Risk,2.33,Promising
13283,60,2,93.66,4.110873864173311,1.0986122886681098,4.5502915244781015,1,Lost,2.33,Need Attention
17024,46,3,95.85,3.8501476017100584,1.3862943611198906,4.573163389853005,3,At Risk,2.33,Need Attention
18174,8,1,104.0,2.1972245773362196,0.6931471805599453,4.653960350157523,3,At Risk,2.33,Promising
13188,12,1,114.6,2.5649493574615367,0.6931471805599453,4.750135956238277,3,At Risk,2.33,Promising
18015,5,1,120.03,1.791759469228055,0.6931471805599453,4.7960384487505126,3,At Risk,2.33,Promising
14495,51,2,123.8,3.9512437185814275,1.0986122886681098,4.826712455935327,1,Lost,2.33,Need Attention
16569,4,1,124.2,1.6094379124341003,0.6931471805599453,4.829912458665998,3,At Risk,2.33,Promising
16988,6,1,126.12,1.9459101490553132,0.6931471805599453,4.845131522228461,3,At Risk,2.33,Promising
16414,22,2,126.25,3.1354942159291497,1.0986122886681098,4.846153655430632,3,At Risk,2.33,Promising
17359,12,1,127.86,2.5649493574615367,0.6931471805599453,4.858726543710496,3,At Risk,2.33,Promising
14349,11,1,133.5,2.4849066497880004,0.6931471805599453,4.901564199041894,3,At Risk,2.33,Promising
16462,74,3,136.0,4.31748811353631,1.3862943611198906,4.919980925828125,1,Lost,2.33,Lost
17186,47,2,144.0,3.871201010907891,1.0986122886681098,4.976733742420574,3,At Risk,2.33,Need Attention
13003,106,3,149.05,4.672828834461906,1.3862943611198906,5.010968571886377,1,Lost,2.33,Lost
14204,3,1,150.61,1.3862943611198906,0.6931471805599453,5.021311434093491,3,At Risk,2.33,Promising
17885,13,1,156.34,2.6390573296152584,0.6931471805599453,5.0584090689010965,3,At Risk,2.33,Promising
12966,10,1,160.18,2.3978952727983707,0.6931471805599453,5.0825217528963655,3,At Risk,2.33,Promising
15904,9,1,164.68,2.302585092994046,0.6931471805599453,5.110058217087329,3,At Risk,2.33,Promising
15920,155,4,167.5,5.049856007249537,1.6094379124341003,5.126935749792416,1,Lost,2.33,Lost
14578,4,1,168.63,1.6094379124341003,0.6931471805599453,5.133619594507631,3,At Risk,2.33,Promising
13962,22,2,169.55,3.1354942159291497,1.0986122886681098,5.139028508864655,3,At Risk,2.33,Promising
18058,10,1,170.16,2.3978952727983707,0.6931471805599453,5.142598791548616,3,At Risk,2.33,Promising
13560,8,1,171.42,2.1972245773362196,0.6931471805599453,5.1499333607817785,3,At Risk,2.33,Promising
15565,51,2,173.16,3.9512437185814275,1.0986122886681098,5.159974416926292,3,At Risk,2.33,Need Attention
16861,60,2,173.76,4.110873864173311,1.0986122886681098,5.163413604083235,1,Lost,2.33,Need Attention
13460,30,2,183.44,3.4339872044851463,1.0986122886681098,5.217324207338505,3,At Risk,2.33,Promising
15124,23,2,184.19,3.1780538303479458,1.0986122886681098,5.221382325073914,3,At Risk,2.33,Promising
14551,19,2,186.23,2.995732273553991,1.0986122886681098,5.232337807614061,3,At Risk,2.33,Promising
17440,157,3,186.42,5.062595033026967,1.3862943611198906,5.233352087695677,1,Lost,2.33,Lost
14087,3,1,191.47,1.3862943611198906,0.6931471805599453,5.259940297427033,3,At Risk,2.33,Promising
14768,18,2,192.6,2.9444389791664403,1.0986122886681098,5.265794174842477,3,At Risk,2.33,Promising
17383,5,1,193.39,1.791759469228055,0.6931471805599453,5.269866450374021,3,At Risk,2.33,Promising
13792,67,2,195.55,4.219507705176107,1.0986122886681098,5.280916851867869,1,Lost,2.33,Need Attention
16112,144,4,195.74,4.976733742420574,1.6094379124341003,5.281883060084612,1,Lost,2.33,Lost
13436,2,1,196.89,1.0986122886681098,0.6931471805599453,5.287711320760812,3,At Risk,2.33,Promising
13428,11,1,201.78,2.4849066497880004,0.6931471805599453,5.3121216475244335,3,At Risk,2.33,Promising
14984,20,2,202.37,3.044522437723423,1.0986122886681098,5.315026980110984,3,At Risk,2.33,Promising
17376,71,2,203.2,4.276666119016055,1.0986122886681098,5.319099905730565,1,Lost,2.33,Need Attention
13017,8,1,204.0,2.1972245773362196,0.6931471805599453,5.3230099791384085,3,At Risk,2.33,Promising
17166,39,2,206.34,3.6888794541139363,1.0986122886681098,5.334359957894966,3,At Risk,2.33,Need Attention
16866,141,3,207.74,4.955827057601261,1.3862943611198906,5.341089458391906,1,Lost,2.33,Lost
16411,20,2,211.7,3.044522437723423,1.0986122886681098,5.3598827222061916,3,At Risk,2.33,Promising
15540,12,1,213.3,2.5649493574615367,0.6931471805599453,5.367376902479531,3,At Risk,2.33,Promising
14601,11,1,213.96,2.4849066497880004,0.6931471805599453,5.370451964307236,3,At Risk,2.33,Promising
13669,51,2,218.55,3.9512437185814275,1.0986122886681098,5.391579997007726,3,At Risk,2.33,Need Attention
15790,11,1,218.75,2.4849066497880004,0.6931471805599453,5.392490536565286,3,At Risk,2.33,Promising
15483,162,4,225.26,5.093750200806762,1.6094379124341003,5.421684780498321,1,Lost,2.33,Lost
14624,58,2,225.85,4.07753744390572,1.0986122886681098,5.424289006109973,1,Lost,2.33,Need Attention
17572,72,4,226.75,4.290459441148391,1.6094379124341003,5.428248536140067,1,Lost,2.33,Lost
14569,2,1,227.39,1.0986122886681098,0.6931471805599453,5.431054693986231,3,At Risk,2.33,Promising
13960,22,2,230.22,3.1354942159291497,1.0986122886681098,5.443369638247176,3,At Risk,2.33,Promising
15393,17,2,231.86,2.8903717578961645,1.0986122886681098,5.45043741460887,3,At Risk,2.33,Promising
14995,39,2,231.98,3.6888794541139363,1.0986122886681098,5.450952612971631,3,At Risk,2.33,Need Attention
15462,95,3,234.6,4.564348191467836,1.3862943611198906,5.462135451777431,1,Lost,2.33,Lost
15850,20,2,234.88,3.044522437723423,1.0986122886681098,5.463323201132304,3,At Risk,2.33,Promising
17256,108,2,240.0,4.6913478822291435,1.0986122886681098,5.484796933490655,1,Lost,2.33,Lost
17339,95,2,243.36,4.564348191467836,1.0986122886681098,5.498642547781566,1,Lost,2.33,Lost
15634,18,1,243.55,2.9444389791664403,0.6931471805599453,5.499419786985366,3,At Risk,2.33,Promising
16778,75,2,245.94,4.330733340286331,1.0986122886681098,5.509145392139597,1,Lost,2.33,Lost
15759,219,3,253.04,5.393627546352362,1.3862943611198906,5.537491734934774,1,Lost,2.33,Lost
15689,120,2,254.1,4.795790545596741,1.0986122886681098,5.541655625147766,1,Lost,2.33,Lost
16226,204,3,255.12,5.3230099791384085,1.3862943611198906,5.545646084650602,1,Lost,2.33,Lost
14881,20,1,255.4,3.044522437723423,0.6931471805599453,5.546738725046515,3,At Risk,2.33,Promising
17385,15,1,256.11,2.772588722239781,0.6931471805599453,5.549504008886889,3,At Risk,2.33,Promising
17896,24,1,256.32,3.2188758248682006,0.6931471805599453,5.550320446542799,3,At Risk,2.33,Promising
13806,64,1,256.38,4.174387269895637,0.6931471805599453,5.550553592065519,1,Lost,2.33,Need Attention
14053,125,2,260.25,4.836281906951478,1.0986122886681098,5.565477803279021,1,Lost,2.33,Lost
16936,26,1,261.9,3.295836866004329,0.6931471805599453,5.571773731735836,3,At Risk,2.33,Promising
15912,179,2,264.62,5.19295685089021,1.0986122886681098,5.582066715972105,1,Lost,2.33,Lost
17430,33,2,265.76,3.5263605246161616,1.0986122886681098,5.586349377764106,3,At Risk,2.33,Need Attention
14863,30,1,266.76,3.4339872044851463,0.6931471805599453,5.590091056903071,3,At Risk,2.33,Promising
17786,86,2,266.85,4.465908118654584,1.0986122886681098,5.590427122326969,1,Lost,2.33,Lost
17550,198,3,267.16,5.293304824724492,1.3862943611198906,5.591583817293718,1,Lost,2.33,Lost
15774,69,1,270.8,4.248495242049359,0.6931471805599453,5.605066501717044,1,Lost,2.33,Need Attention
17011,31,1,270.9,3.4657359027997265,0.6931471805599453,5.605434351638425,3,At Risk,2.33,Promising
17767,16,1,271.2,2.833213344056216,0.6931471805599453,5.6065370902173655,3,At Risk,2.33,Promising
15556,25,1,279.77,3.258096538021482,0.6931471805599453,5.637535828837275,3,At Risk,2.33,Promising
14975,58,1,279.94,4.07753744390572,0.6931471805599453,5.638141123402764,1,Lost,2.33,Need Attention
17247,16,1,280.09,2.833213344056216,0.6931471805599453,5.63867490275106,3,At Risk,2.33,Promising
13177,65,1,282.45,4.189654742026425,0.6931471805599453,5.6470357407703125,1,Lost,2.33,Need Attention
13754,152,2,282.6,5.030437921392435,1.0986122886681098,5.647564794657972,1,Lost,2.33,Lost
13259,62,1,283.18,4.143134726391533,0.6931471805599453,5.64960784020993,1,Lost,2.33,Need Attention
17783,73,2,283.47,4.30406509320417,1.0986122886681098,5.650627799851681,1,Lost,2.33,Lost
18053,71,1,300.02,4.276666119016055,0.6931471805599453,5.707176707724217,1,Lost,2.33,Need Attention
17793,26,1,300.34,3.295836866004329,0.6931471805599453,5.708239195373142,3,At Risk,2.33,Promising
13142,20,1,307.09,3.044522437723423,0.6931471805599453,5.7303919480814,3,At Risk,2.33,Promising
14915,92,2,307.48,4.532599493153256,1.0986122886681098,5.731657011422181,1,Lost,2.33,Lost
14716,44,2,307.51,3.8066624897703196,1.0986122886681098,5.73175425773095,3,At Risk,2.33,Need Attention
13529,79,2,307.76,4.382026634673881,1.0986122886681098,5.732564276081653,1,Lost,2.33,Lost
17510,25,1,308.48,3.258096538021482,0.6931471805599453,5.7348934696812535,3,At Risk,2.33,Promising
16956,18,1,308.74,2.9444389791664403,0.6931471805599453,5.735733235888028,3,At Risk,2.33,Promising
13787,76,2,309.04,4.343805421853684,1.0986122886681098,5.736701321413311,1,Lost,2.33,Lost
15699,18,1,309.65,2.9444389791664403,0.6931471805599453,5.738666876509702,3,At Risk,2.33,Promising
17912,311,5,310.06,5.7430031878094825,1.791759469228055,5.739985819616414,1,Lost,2.33,Lost
15185,71,1,310.62,4.276666119016055,0.6931471805599453,5.741784496789209,1,Lost,2.33,Need Attention
13845,65,1,312.98,4.189654742026425,0.6931471805599453,5.749329289612172,1,Lost,2.33,Need Attention
16091,155,2,315.06,5.049856007249537,1.0986122886681098,5.755932068980957,1,Lost,2.33,Lost
15766,65,1,315.06,4.189654742026425,0.6931471805599453,5.755932068980957,1,Lost,2.33,Need Attention
18117,26,1,315.65,3.295836866004329,0.6931471805599453,5.757797062962439,3,At Risk,2.33,Promising
17458,16,1,316.5,2.833213344056216,0.6931471805599453,5.760477818332746,3,At Risk,2.33,Promising
17267,128,2,317.2,4.859812404361672,1.0986122886681098,5.762680115903686,1,Lost,2.33,Lost
14703,15,1,318.17,2.772588722239781,0.6931471805599453,5.765723876196384,3,At Risk,2.33,Promising
17229,97,2,318.76,4.584967478670572,1.0986122886681098,5.767570714403068,1,Lost,2.33,Lost
13986,18,1,320.46,2.9444389791664403,0.6931471805599453,5.7728731191409945,3,At Risk,2.33,Promising
14424,18,1,322.08,2.9444389791664403,0.6931471805599453,5.777899970574095,3,At Risk,2.33,Promising
13955,155,2,322.96,5.049856007249537,1.0986122886681098,5.780620051380789,1,Lost,2.33,Lost
18261,44,2,324.24,3.8066624897703196,1.0986122886681098,5.784563371339637,3,At Risk,2.33,Need Attention
13801,67,1,324.8,4.219507705176107,0.6931471805599453,5.786283696167945,1,Lost,2.33,Need Attention
16366,19,1,327.3,2.995732273553991,0.6931471805599453,5.793927824507547,3,At Risk,2.33,Promising
14024,122,2,327.7,4.812184355372417,1.0986122886681098,5.795145480670174,1,Lost,2.33,Lost
17222,66,1,328.65,4.204692619390966,0.6931471805599453,5.798031485559308,1,Lost,2.33,Need Attention
15153,32,1,329.25,3.4965075614664802,0.6931471805599453,5.799849943402434,3,At Risk,2.33,Promising
17615,131,3,329.6,4.882801922586371,1.3862943611198906,5.8009091853869235,1,Lost,2.33,Lost
14517,34,2,330.45,3.5553480614894135,1.0986122886681098,5.8034769686874,3,At Risk,2.33,Need Attention
16803,66,1,332.3,4.204692619390966,0.6931471805599453,5.8090429853136945,1,Lost,2.33,Need Attention
13904,38,2,332.64,3.6635616461296463,1.0986122886681098,5.810062567373411,3,At Risk,2.33,Need Attention
14902,26,1,332.66,3.295836866004329,0.6931471805599453,5.810122510427528,3,At Risk,2.33,Promising
14264,155,2,333.97,5.049856007249537,1.0986122886681098,5.814040975576219,1,Lost,2.33,Lost
15900,24,1,337.28,3.2188758248682006,0.6931471805599453,5.8238739549140215,3,At Risk,2.33,Promising
16183,68,1,338.71,4.23410650459726,0.6931471805599453,5.828092312472438,1,Lost,2.33,Need Attention
15115,19,1,340.11,2.995732273553991,0.6931471805599453,5.832205005910728,3,At Risk,2.33,Promising
14491,176,2,340.93,5.176149732573829,1.0986122886681098,5.834606037750557,1,Lost,2.33,Lost
13347,71,1,341.36,4.276666119016055,0.6931471805599453,5.835862815013409,1,Lost,2.33,Need Attention
12875,144,2,343.23,4.976733742420574,1.0986122886681098,5.841310038608051,1,Lost,2.33,Lost
13091,29,1,345.82,3.4011973816621555,0.6931471805599453,5.848805913370403,3,At Risk,2.33,Promising
16423,25,1,346.12,3.258096538021482,0.6931471805599453,5.849670541490095,3,At Risk,2.33,Promising
14379,45,2,348.1,3.828641396489095,1.0986122886681098,5.855358414110991,3,At Risk,2.33,Need Attention
17252,117,2,348.91,4.770684624465665,1.0986122886681098,5.857675978559423,1,Lost,2.33,Lost
13332,15,1,350.9,2.772588722239781,0.6931471805599453,5.863347044327539,3,At Risk,2.33,Promising
15870,33,1,351.44,3.5263605246161616,0.6931471805599453,5.864880394998529,3,At Risk,2.33,Promising
12845,268,4,354.09,5.594711379601839,1.6094379124341003,5.8723712784711255,1,Lost,2.33,Lost
14690,45,2,355.05,3.828641396489095,1.0986122886681098,5.875071170428134,3,At Risk,2.33,Need Attention
17742,114,2,355.11,4.74493212836325,1.0986122886681098,5.875239671888878,1,Lost,2.33,Lost
14537,58,1,355.56,4.07753744390572,0.6931471805599453,5.876502528638301,1,Lost,2.33,Need Attention
16372,34,2,355.73,3.5553480614894135,1.0986122886681098,5.876979193117597,3,At Risk,2.33,Need Attention
14400,150,1,574.7,5.017279836814924,0.6931471805599453,6.355586691681764,1,Lost,2.33,Lost
15830,38,1,576.0,3.6635616461296463,0.6931471805599453,6.3578422665081,3,At Risk,2.33,Need Attention
18095,313,2,580.05,5.749392985908253,1.0986122886681098,6.364836811668883,1,Lost,2.33,Lost
17890,323,2,586.89,5.780743515792329,1.0986122886681098,6.376539855568017,1,Lost,2.33,Lost
15889,157,2,420.07,5.062595033026967,1.0986122886681098,6.042799090644775,1,Lost,2.33,Lost
16780,101,2,422.24,4.624972813284271,1.0986122886681098,6.047939394035961,1,Lost,2.33,Lost
16838,198,2,588.85,5.293304824724492,1.0986122886681098,6.3798682672878515,1,Lost,2.33,Lost
16689,76,2,422.6,4.343805421853684,1.0986122886681098,6.048789613727251,1,Lost,2.33,Lost
12832,33,2,383.03,3.5263605246161616,1.0986122886681098,5.950720674536128,3,At Risk,2.33,Need Attention
15930,68,1,426.63,4.23410650459726,0.6931471805599453,6.058258335716989,1,Lost,2.33,Need Attention
13452,260,2,590.0,5.564520407322694,1.0986122886681098,6.3818160174060985,1,Lost,2.33,Lost
15976,166,2,427.64,5.117993812416755,1.0986122886681098,6.0606174057962985,1,Lost,2.33,Lost
15957,32,1,428.89,3.4965075614664802,0.6931471805599453,6.063529362008149,3,At Risk,2.33,Promising
13602,65,1,428.89,4.189654742026425,0.6931471805599453,6.063529362008149,1,Lost,2.33,Need Attention
15553,61,1,428.93,4.127134385045092,0.6931471805599453,6.06362240473809,1,Lost,2.33,Need Attention
14950,20,1,371.2,3.044522437723423,0.6931471805599453,5.91943134420815,3,At Risk,2.33,Promising
17189,107,2,383.75,4.68213122712422,1.0986122886681098,5.952593772718989,1,Lost,2.33,Lost
12917,129,1,594.0,4.867534450455582,0.6931471805599453,6.38856140554563,1,Lost,2.33,Lost
16982,61,1,384.06,4.127134385045092,0.6931471805599453,5.95339916630119,1,Lost,2.33,Need Attention
15450,31,1,429.84,3.4657359027997265,0.6931471805599453,6.0657367914825695,3,At Risk,2.33,Promising
16776,61,1,371.54,4.127134385045092,0.6931471805599453,5.920344414604856,1,Lost,2.33,Need Attention
16204,24,1,384.18,3.2188758248682006,0.6931471805599453,5.953710757496066,3,At Risk,2.33,Promising
16881,67,1,432.0,4.219507705176107,0.6931471805599453,6.07073772800249,1,Lost,2.33,Need Attention
15456,284,3,434.59,5.652489180268651,1.3862943611198906,6.076701433954154,1,Lost,2.33,Lost
16034,197,3,437.7,5.288267030694535,1.3862943611198906,6.083815808172168,1,Lost,2.33,Lost
14272,74,2,437.96,4.31748811353631,1.0986122886681098,6.0844082927507195,1,Lost,2.33,Lost
13359,64,1,439.56,4.174387269895637,0.6931471805599453,6.088046644954226,1,Lost,2.33,Need Attention
16025,30,1,439.66,3.4339872044851463,0.6931471805599453,6.0882736030360425,3,At Risk,2.33,Promising
15524,25,1,440.0,3.258096538021482,0.6931471805599453,6.089044875446846,3,At Risk,2.33,Promising
16404,71,1,443.05,4.276666119016055,0.6931471805599453,6.095937168704513,1,Lost,2.33,Need Attention
13821,145,2,385.64,4.983606621708336,1.0986122886681098,5.957494027536828,1,Lost,2.33,Lost
18006,24,1,444.68,3.2188758248682006,0.6931471805599453,6.09960120571256,3,At Risk,2.33,Promising
15381,214,2,596.85,5.3706380281276624,1.0986122886681098,6.393339886365589,1,Lost,2.33,Lost
14779,281,3,386.15,5.641907070938114,1.3862943611198906,5.958812214832733,1,Lost,2.33,Lost
15368,22,1,446.94,3.1354942159291497,0.6931471805599453,6.104659294874325,3,At Risk,2.33,Promising
15739,67,1,449.12,4.219507705176107,0.6931471805599453,6.109514213881797,1,Lost,2.33,Need Attention
16574,72,1,451.44,4.290459441148391,0.6931471805599453,6.11465515766318,1,Lost,2.33,Need Attention
14184,67,1,452.89,4.219507705176107,0.6931471805599453,6.1178548779353035,1,Lost,2.33,Need Attention
12999,197,3,455.88,5.288267030694535,1.3862943611198906,6.124420774356607,1,Lost,2.33,Lost
12872,327,2,599.97,5.793013608384144,1.0986122886681098,6.398545016483998,1,Lost,2.33,Lost
16805,174,2,460.59,5.1647859739235145,1.0986122886681098,6.134677051181064,1,Lost,2.33,Lost
16324,129,3,408.59,4.867534450455582,1.3862943611198906,6.01515665936477,1,Lost,2.33,Lost
12871,85,2,380.64,4.454347296253507,1.0986122886681098,5.9444777558836455,1,Lost,2.33,Lost
16629,74,2,408.63,4.31748811353631,1.0986122886681098,6.01525431323072,1,Lost,2.33,Lost
13278,41,1,542.73,3.7376696182833684,0.6931471805599453,6.298452800117238,3,At Risk,2.33,Need Attention
16536,111,1,548.12,4.718498871295094,0.6931471805599453,6.308316996859543,1,Lost,2.33,Lost
16211,89,1,547.02,4.499809670330265,0.6931471805599453,6.306311782632405,1,Lost,2.33,Lost
13390,75,1,544.08,4.330733340286331,0.6931471805599453,6.30093257288162,1,Lost,2.33,Lost
16230,190,2,542.03,5.25227342804663,1.0986122886681098,6.297164567026571,1,Lost,2.33,Lost
17520,54,1,546.81,4.007333185232471,0.6931471805599453,6.305928511499892,3,At Risk,2.33,Need Attention
16758,66,1,369.34,4.204692619390966,0.6931471805599453,5.914421502609669,1,Lost,2.33,Need Attention
16243,34,2,409.1,3.5553480614894135,1.0986122886681098,6.016401032398013,3,At Risk,2.33,Need Attention
17134,107,2,413.2,4.68213122712422,1.0986122886681098,6.026348948961484,1,Lost,2.33,Lost
14496,312,2,538.81,5.746203190540153,1.0986122886681098,6.2912172257920815,1,Lost,2.33,Lost
15269,24,1,408.8,3.2188758248682006,0.6931471805599453,6.0156692358048,3,At Risk,2.33,Promising
17636,20,1,285.56,3.044522437723423,0.6931471805599453,5.657947938312402,3,At Risk,2.33,Promising
15713,144,2,356.7,4.976733742420574,1.0986122886681098,5.879694646264972,1,Lost,2.33,Lost
14953,26,1,285.67,3.295836866004329,0.6931471805599453,5.658331728418817,3,At Risk,2.33,Promising
14660,87,2,285.74,4.477336814478207,1.0986122886681098,5.6585758818181215,1,Lost,2.33,Lost
16742,47,1,464.9,3.871201010907891,0.6931471805599453,6.143971018822751,3,At Risk,2.33,Need Attention
14896,205,2,468.77,5.327876168789581,1.0986122886681098,6.152243213225462,1,Lost,2.33,Lost
17507,262,2,605.58,5.572154032177765,1.0986122886681098,6.407836624054821,1,Lost,2.33,Lost
13176,47,1,481.49,3.871201010907891,0.6931471805599453,6.178960195175666,3,At Risk,2.33,Need Attention
16109,219,2,611.88,5.393627546352362,1.0986122886681098,6.418169158208565,1,Lost,2.33,Lost
14450,181,3,483.25,5.204006687076795,1.3862943611198906,6.182601302287106,1,Lost,2.33,Lost
12915,149,2,363.65,5.0106352940962555,1.0986122886681098,5.898937989430242,1,Lost,2.33,Lost
13531,206,2,483.8,5.332718793265369,1.0986122886681098,6.1837364347551045,1,Lost,2.33,Lost
18022,36,1,612.72,3.6109179126442243,0.6931471805599453,6.419538798077005,3,At Risk,2.33,Need Attention
15837,65,1,391.98,4.189654742026425,0.6931471805599453,5.97375871998905,1,Lost,2.33,Need Attention
15275,38,1,615.14,3.6635616461296463,0.6931471805599453,6.4234742104382585,3,At Risk,2.33,Need Attention
16010,246,3,392.4,5.5093883366279774,1.3862943611198906,5.974826905954958,1,Lost,2.33,Lost
17977,30,1,288.14,3.4339872044851463,0.6931471805599453,5.6669109998802965,3,At Risk,2.33,Promising
14377,192,2,617.05,5.262690188904886,1.0986122886681098,6.426569360333832,1,Lost,2.33,Lost
13351,67,1,373.94,4.219507705176107,0.6931471805599453,5.926766013169045,1,Lost,2.33,Need Attention
16808,100,2,288.42,4.61512051684126,1.0986122886681098,5.667878920309847,1,Lost,2.33,Lost
13338,158,1,487.02,5.0689042022202315,0.6931471805599453,6.190356388619899,1,Lost,2.33,Lost
13972,71,2,190.25,4.276666119016055,1.0986122886681098,5.253581472706645,1,Lost,2.33,Need Attention
16141,89,1,620.4,4.499809670330265,0.6931471805599453,6.431974996958947,1,Lost,2.33,Lost
14687,107,1,628.38,4.68213122712422,0.6931471805599453,6.444735207830545,1,Lost,2.33,Lost
12824,60,1,397.12,4.110873864173311,0.6931471805599453,5.986753467377863,1,Lost,2.33,Need Attention
17926,134,2,397.29,4.90527477843843,1.0986122886681098,5.98718038316893,1,Lost,2.33,Lost
13116,139,1,501.14,4.941642422609304,0.6931471805599453,6.218878965272838,1,Lost,2.33,Lost
15000,48,1,490.52,3.8918202981106265,0.6931471805599453,6.197502630519253,3,At Risk,2.33,Need Attention
17990,237,3,630.84,5.472270673671475,1.3862943611198906,6.448636197538339,1,Lost,2.33,Lost
17078,37,2,378.2,3.6375861597263857,1.0986122886681098,5.938063770380866,3,At Risk,2.33,Need Attention
13504,65,1,295.93,4.189654742026425,0.6931471805599453,5.693496420787701,1,Lost,2.33,Need Attention
15857,19,1,297.0,2.995732273553991,0.6931471805599453,5.697093486505405,3,At Risk,2.33,Promising
16104,62,1,298.21,4.143134726391533,0.6931471805599453,5.701145668001697,1,Lost,2.33,Need Attention
13352,61,1,397.98,4.127134385045092,0.6931471805599453,5.988911290320265,1,Lost,2.33,Need Attention
13355,123,1,674.7,4.820281565605037,0.6931471805599453,6.515749190558129,1,Lost,2.33,Lost
18218,212,2,641.92,5.3612921657094255,1.0986122886681098,6.46602029970094,1,Lost,2.33,Lost
14158,41,1,507.66,3.7376696182833684,0.6931471805599453,6.231779816930511,3,At Risk,2.33,Need Attention
17046,158,1,642.02,5.0689042022202315,0.6931471805599453,6.466175827952961,1,Lost,2.33,Lost
16345,45,1,565.46,3.828641396489095,0.6931471805599453,6.33940646897248,3,At Risk,2.33,Need Attention
17415,80,1,507.84,4.394449154672439,0.6931471805599453,6.23213362528801,1,Lost,2.33,Lost
16278,101,1,566.38,4.624972813284271,0.6931471805599453,6.34102927325157,1,Lost,2.33,Lost
15149,134,1,520.8,4.90527477843843,0.6931471805599453,6.257284372702628,1,Lost,2.33,Lost
18024,153,2,389.78,5.0369526024136295,1.0986122886681098,5.968144741786365,1,Lost,2.33,Lost
16595,62,1,360.16,4.143134726391533,0.6931471805599453,5.8893210734392785,1,Lost,2.33,Need Attention
16484,174,2,404.3,5.1647859739235145,1.0986122886681098,6.004627533634263,1,Lost,2.33,Lost
18181,25,1,366.85,3.258096538021482,0.6931471805599453,5.907675246378274,3,At Risk,2.33,Promising
12863,53,1,521.2,3.9889840465642745,0.6931471805599453,6.258050656265029,3,At Risk,2.33,Need Attention
17712,45,1,522.91,3.828641396489095,0.6931471805599453,6.261319913844147,3,At Risk,2.33,Need Attention
15264,65,1,393.74,4.189654742026425,0.6931471805599453,5.978227320325962,1,Lost,2.33,Need Attention
17333,86,1,494.25,4.465908118654584,0.6931471805599453,6.20506268557866,1,Lost,2.33,Lost
17958,117,1,508.46,4.770684624465665,0.6931471805599453,6.233351341239327,1,Lost,2.33,Lost
13085,158,2,416.08,5.0689042022202315,1.0986122886681098,6.0332780499213925,1,Lost,2.33,Lost
13721,37,1,524.14,3.6375861597263857,0.6931471805599453,6.263664893709055,3,At Risk,2.33,Need Attention
16207,26,1,394.38,3.295836866004329,0.6931471805599453,5.979847327767791,3,At Risk,2.33,Promising
17805,74,1,512.31,4.31748811353631,0.6931471805599453,6.240879951161022,1,Lost,2.33,Lost
16602,37,1,528.08,3.6375861597263857,0.6931471805599453,6.271139649157846,3,At Risk,2.33,Need Attention
16555,36,2,285.89,3.6109179126442243,1.0986122886681098,5.659098867029561,3,At Risk,2.33,Need Attention
13607,41,1,675.51,3.7376696182833684,0.6931471805599453,6.516947229467592,3,At Risk,2.33,Need Attention
17513,73,1,513.2,4.30406509320417,0.6931471805599453,6.2426122948317895,1,Lost,2.33,Lost
13325,82,1,675.3,4.418840607796598,0.6931471805599453,6.516636764580894,1,Lost,2.33,Lost
15825,173,1,532.94,5.159055299214529,0.6931471805599453,6.2802834730968256,1,Lost,2.33,Lost
17931,135,2,408.36,4.912654885736052,1.0986122886681098,6.014594964496837,1,Lost,2.33,Lost
17374,219,2,495.77,5.393627546352362,1.0986122886681098,6.208127142322502,1,Lost,2.33,Lost
15433,214,2,533.3,5.3706380281276624,1.0986122886681098,6.2809574789637255,1,Lost,2.33,Lost
16708,46,1,656.63,3.8501476017100584,0.6931471805599453,6.488642463139346,3,At Risk,2.33,Need Attention
13453,166,2,356.98,5.117993812416755,1.0986122886681098,5.880477118918354,1,Lost,2.33,Lost
18183,228,2,632.07,5.43372200355424,1.0986122886681098,6.450581000548326,1,Lost,2.33,Lost
16340,108,1,534.31,4.6913478822291435,0.6931471805599453,6.28284601833824,1,Lost,2.33,Lost
15322,86,1,679.68,4.465908118654584,0.6931471805599453,6.523092298503236,1,Lost,2.33,Lost
15006,52,1,480.38,3.970291913552122,0.6931471805599453,6.17665697899362,3,At Risk,2.33,Need Attention
17053,131,1,498.48,4.882801922586371,0.6931471805599453,6.213567557246944,1,Lost,2.33,Lost
14616,243,3,406.08,5.497168225293202,1.3862943611198906,6.009009726323731,1,Lost,2.33,Lost
13518,86,1,627.16,4.465908118654584,0.6931471805599453,6.442794911088096,1,Lost,2.33,Lost
14014,78,1,505.18,4.3694478524670215,0.6931471805599453,6.226892337255411,1,Lost,2.33,Lost
16903,30,1,363.2,3.4339872044851463,0.6931471805599453,5.897703167293508,3,At Risk,2.33,Promising
15795,150,1,610.01,5.017279836814924,0.6931471805599453,6.415113325649775,1,Lost,2.33,Lost
16127,40,1,656.25,3.713572066704308,0.6931471805599453,6.488064463609991,3,At Risk,2.33,Need Attention
15142,47,1,498.74,3.871201010907891,0.6931471805599453,6.214087963175304,3,At Risk,2.33,Need Attention
16056,46,1,650.75,3.8501476017100584,0.6931471805599453,6.479661052813611,3,At Risk,2.33,Need Attention
13449,24,1,291.88,3.2188758248682006,0.6931471805599453,5.679762968811981,3,At Risk,2.33,Promising
14220,248,2,632.4,5.517452896464707,1.0986122886681098,6.45110213410454,1,Lost,2.33,Lost
14753,88,1,563.15,4.48863636973214,0.6931471805599453,6.335320173584455,1,Lost,2.33,Lost
14998,171,2,414.87,5.147494476813453,1.0986122886681098,6.030372711422963,1,Lost,2.33,Lost
14301,118,1,640.14,4.77912349311153,0.6931471805599453,6.463247841809304,1,Lost,2.33,Lost
17418,43,2,463.46,3.784189633918261,1.0986122886681098,6.140875440444677,3,At Risk,2.33,Need Attention
12890,25,1,376.72,3.258096538021482,0.6931471805599453,5.934153180394868,3,At Risk,2.33,Promising
13368,257,2,623.4,5.552959584921617,1.0986122886681098,6.436791188641277,1,Lost,2.33,Lost
15246,239,2,514.15,5.480638923341991,1.0986122886681098,6.244458120391077,1,Lost,2.33,Lost
15127,66,1,406.53,4.204692619390966,0.6931471805599453,6.010114549603027,1,Lost,2.33,Need Attention
13731,220,2,610.59,5.3981627015177525,1.0986122886681098,6.416062123365316,1,Lost,2.33,Lost
15507,172,1,475.86,5.153291594497779,0.6931471805599453,6.167222946760261,1,Lost,2.33,Lost
13656,165,2,379.65,5.111987788356544,1.0986122886681098,5.941880317752221,1,Lost,2.33,Lost
14222,178,1,683.17,5.187385805840755,0.6931471805599453,6.528206424753791,1,Lost,2.33,Lost
13885,190,2,506.8,5.25227342804663,1.0986122886681098,6.230087669270578,1,Lost,2.33,Lost
16650,72,1,518.42,4.290459441148391,0.6931471805599453,6.252712804455737,1,Lost,2.33,Lost
17052,29,1,399.09,3.4011973816621555,0.6931471805599453,5.9916895217992785,3,At Risk,2.33,Promising
14894,86,1,655.75,4.465908118654584,0.6931471805599453,6.4873034285656495,1,Lost,2.33,Lost
15780,184,3,475.28,5.220355825078324,1.3862943611198906,6.166005916582974,1,Lost,2.33,Lost
15389,173,1,500.0,5.159055299214529,0.6931471805599453,6.2166061010848646,1,Lost,2.33,Lost
14656,170,2,291.05,5.14166355650266,1.0986122886681098,5.676925020486318,1,Lost,2.33,Lost
17375,200,3,400.1,5.303304908059076,1.3862943611198906,5.9942107727760074,1,Lost,2.33,Lost
14333,68,1,415.2,4.23410650459726,0.6931471805599453,6.031165913959534,1,Lost,2.33,Need Attention
15648,205,2,639.5,5.327876168789581,1.0986122886681098,6.4622491213367885,1,Lost,2.33,Lost
14162,174,2,289.36,5.1647859739235145,1.0986122886681098,5.67112153241664,1,Lost,2.33,Lost
15725,16,1,415.25,2.833213344056216,0.6931471805599453,6.031286041294654,3,At Risk,2.33,Promising
14331,125,2,462.66,4.836281906951478,1.0986122886681098,6.139151525006747,1,Lost,2.33,Lost
15417,86,1,508.8,4.465908118654584,0.6931471805599453,6.234018491942015,1,Lost,2.33,Lost
14947,73,2,290.82,4.30406509320417,1.0986122886681098,5.676137173835876,1,Lost,2.33,Lost
12930,79,2,415.8,4.382026634673881,1.0986122886681098,6.032606490439157,1,Lost,2.33,Lost
17480,78,1,511.82,4.3694478524670215,0.6931471805599453,6.239924906405982,1,Lost,2.33,Lost
16432,65,1,287.4,4.189654742026425,0.6931471805599453,5.664348405410794,1,Lost,2.33,Need Attention
17640,87,1,621.66,4.477336814478207,0.6931471805599453,6.434000623425246,1,Lost,2.33,Lost
14320,207,2,477.79,5.337538079701318,1.0986122886681098,6.17126208791851,1,Lost,2.33,Lost
16820,96,1,497.61,4.574710978503383,0.6931471805599453,6.211824227045576,1,Lost,2.33,Lost
15677,50,1,657.23,3.9318256327243257,0.6931471805599453,6.489554414321968,3,At Risk,2.33,Need Attention
12976,212,1,738.6,5.3612921657094255,0.6931471805599453,6.60610949951297,1,Lost,2.0,Lost
13339,201,1,860.12,5.308267697401205,0.6931471805599453,6.758233867538541,1,Lost,2.0,Lost
16216,268,1,914.93,5.594711379601839,0.6931471805599453,6.819939942540059,1,Lost,2.0,Lost
13934,264,1,922.1,5.579729825986222,0.6931471805599453,6.8277375709961055,1,Lost,2.0,Lost
15464,339,1,1044.65,5.8289456176102075,0.6931471805599453,6.952393980600518,1,Lost,2.0,Lost
14411,311,1,1063.0,5.7430031878094825,0.6931471805599453,6.96979066990159,1,Lost,2.0,Lost
13151,296,1,1257.87,5.6937321388027,0.6931471805599453,7.1379697721602025,1,Lost,2.0,Lost
15171,332,1,1289.5,5.808142489980444,0.6931471805599453,7.162785019158669,1,Lost,2.0,Lost
13328,317,1,1308.48,5.762051382780177,0.6931471805599453,7.17738539082617,1,Lost,2.0,Lost
16152,269,1,1829.04,5.598421958998375,0.6931471805599453,7.512093103520083,1,Lost,2.0,Lost
16270,354,1,1141.24,5.872117789475416,0.6931471805599453,7.040746525754151,1,Lost,2.0,Lost
14792,64,1,6.2,4.174387269895637,0.6931471805599453,1.9740810260220096,1,Lost,2.0,Need Attention
16454,45,2,6.9,3.828641396489095,1.0986122886681098,2.066862759472976,1,Lost,2.0,Need Attention
16953,31,1,20.8,3.4657359027997265,0.6931471805599453,3.0819099697950434,1,Lost,2.0,Promising
15657,23,1,30.0,3.1780538303479458,0.6931471805599453,3.4339872044851463,3,At Risk,2.0,Promising
16856,15,1,35.4,2.772588722239781,0.6931471805599453,3.594568774642695,3,At Risk,2.0,Promising
14300,19,1,43.2,2.995732273553991,0.6931471805599453,3.7887247890836524,3,At Risk,2.0,Promising
18184,16,1,49.8,2.833213344056216,0.6931471805599453,3.927896354584436,3,At Risk,2.0,Promising
13832,20,1,52.2,3.044522437723423,0.6931471805599453,3.9740583963475986,3,At Risk,2.0,Promising
17382,66,1,65.4,4.204692619390966,0.6931471805599453,4.1956970564823886,1,Lost,2.0,Need Attention
17022,32,1,71.0,3.4965075614664802,0.6931471805599453,4.276666119016055,3,At Risk,2.0,Promising
16171,60,1,73.2,4.110873864173311,0.6931471805599453,4.3067641501733345,1,Lost,2.0,Need Attention
13095,71,1,74.4,4.276666119016055,0.6931471805599453,4.32280727501391,1,Lost,2.0,Need Attention
13403,18,1,75.0,2.9444389791664403,0.6931471805599453,4.330733340286331,3,At Risk,2.0,Promising
13992,31,1,76.8,3.4657359027997265,0.6931471805599453,4.354141431184346,3,At Risk,2.0,Promising
17620,60,1,81.44,4.110873864173311,0.6931471805599453,4.412070756022258,1,Lost,2.0,Need Attention
18084,17,1,90.48,2.8903717578961645,0.6931471805599453,4.516120369154581,3,At Risk,2.0,Promising
13947,66,1,90.6,4.204692619390966,0.6931471805599453,4.517431271680085,1,Lost,2.0,Need Attention
13160,23,1,91.8,3.1780538303479458,0.6931471805599453,4.530446639792155,3,At Risk,2.0,Promising
14054,66,1,92.46,4.204692619390966,0.6931471805599453,4.53753353727228,1,Lost,2.0,Need Attention
15428,16,1,93.78,2.833213344056216,0.6931471805599453,4.551558416539442,3,At Risk,2.0,Promising
18033,66,1,93.82,4.204692619390966,0.6931471805599453,4.551980357473973,1,Lost,2.0,Need Attention
13651,36,2,94.2,3.6109179126442243,1.0986122886681098,4.55597994179732,3,At Risk,2.0,Need Attention
18249,18,1,95.34,2.9444389791664403,0.6931471805599453,4.567883601202075,3,At Risk,2.0,Promising
14642,59,1,96.12,4.0943445622221,0.6931471805599453,4.575947327311188,1,Lost,2.0,Need Attention
12984,19,1,97.5,2.995732273553991,0.6931471805599453,4.590056548178043,3,At Risk,2.0,Promising
17538,26,1,98.42,3.295836866004329,0.6931471805599453,4.599353300666526,3,At Risk,2.0,Promising
17427,72,1,100.8,4.290459441148391,0.6931471805599453,4.623010104116422,1,Lost,2.0,Need Attention
14946,15,1,100.9,2.772588722239781,0.6931471805599453,4.623991940228679,3,At Risk,2.0,Promising
16498,162,2,100.97,5.093750200806762,1.0986122886681098,4.624678652376135,1,Lost,2.0,Lost
16516,31,1,101.7,3.4657359027997265,0.6931471805599453,4.631812116934513,3,At Risk,2.0,Promising
14027,61,1,104.82,4.127134385045092,0.6931471805599453,4.661739537475985,1,Lost,2.0,Need Attention
17791,30,1,106.1,3.4339872044851463,0.6931471805599453,4.673762977453703,3,At Risk,2.0,Promising
15168,26,1,106.56,3.295836866004329,0.6931471805599453,4.678048831400664,3,At Risk,2.0,Promising
16784,20,1,107.6,3.044522437723423,0.6931471805599453,4.687671407499835,3,At Risk,2.0,Promising
14661,27,1,107.95,3.332204510175204,0.6931471805599453,4.690889061390629,3,At Risk,2.0,Promising
16106,66,1,108.38,4.204692619390966,0.6931471805599453,4.694828057918627,1,Lost,2.0,Need Attention
13170,27,1,108.81,3.332204510175204,0.6931471805599453,4.698751599609622,3,At Risk,2.0,Promising
17901,30,1,110.38,3.4339872044851463,0.6931471805599453,4.7129477781615225,3,At Risk,2.0,Promising
18277,59,1,110.38,4.0943445622221,0.6931471805599453,4.7129477781615225,1,Lost,2.0,Need Attention
14641,22,1,110.46,3.1354942159291497,0.6931471805599453,4.7136657821413905,3,At Risk,2.0,Promising
17957,67,1,111.68,4.219507705176107,0.6931471805599453,4.724551943008172,1,Lost,2.0,Need Attention
13193,62,1,112.08,4.143134726391533,0.6931471805599453,4.72809553282539,1,Lost,2.0,Need Attention
17038,31,1,112.4,3.4657359027997265,0.6931471805599453,4.730921391293652,3,At Risk,2.0,Promising
12938,26,1,114.14,3.295836866004329,0.6931471805599453,4.7461487792476635,3,At Risk,2.0,Promising
17219,32,1,114.23,3.4965075614664802,0.6931471805599453,4.746930131025923,3,At Risk,2.0,Promising
16666,20,1,118.98,3.044522437723423,0.6931471805599453,4.787325062224947,3,At Risk,2.0,Promising
17446,177,2,120.9,5.181783550292085,1.0986122886681098,4.803201036487226,1,Lost,2.0,Lost
15512,156,2,121.0,5.056245805348308,1.0986122886681098,4.804021044733257,1,Lost,2.0,Lost
18018,109,2,122.14,4.700480365792417,1.0986122886681098,4.813321919483064,1,Lost,2.0,Lost
13638,16,1,122.64,2.833213344056216,0.6931471805599453,4.817374117263916,3,At Risk,2.0,Promising
13876,64,1,122.7,4.174387269895637,0.6931471805599453,4.8178592793984425,1,Lost,2.0,Need Attention
13522,31,1,125.8,3.4657359027997265,0.6931471805599453,4.842611042003125,3,At Risk,2.0,Promising
15463,30,1,126.14,3.4339872044851463,0.6931471805599453,4.845288841508263,3,At Risk,2.0,Promising
17297,18,1,128.18,2.9444389791664403,0.6931471805599453,4.861206780604327,3,At Risk,2.0,Promising
16828,94,2,128.5,4.553876891600541,1.0986122886681098,4.863680881139593,1,Lost,2.0,Lost
15276,67,1,128.63,4.219507705176107,0.6931471805599453,4.864684238611951,1,Lost,2.0,Need Attention
17647,66,1,133.06,4.204692619390966,0.6931471805599453,4.8982874609298115,1,Lost,2.0,Need Attention
15419,25,1,135.86,3.258096538021482,0.6931471805599453,4.918958505524352,3,At Risk,2.0,Promising
14581,17,1,138.6,2.8903717578961645,0.6931471805599453,4.938781190328272,3,At Risk,2.0,Promising
18209,29,1,139.1,3.4011973816621555,0.6931471805599453,4.942356453342962,3,At Risk,2.0,Promising
14494,26,1,139.56,3.295836866004329,0.6931471805599453,4.945634443878841,3,At Risk,2.0,Promising
13483,66,1,140.34,4.204692619390966,0.6931471805599453,4.951168335262708,1,Lost,2.0,Need Attention
15937,65,1,145.35,4.189654742026425,0.6931471805599453,4.986001013137895,1,Lost,2.0,Need Attention
17935,139,2,145.79,4.941642422609304,1.0986122886681098,4.989002993969142,1,Lost,2.0,Lost
17030,64,1,146.87,4.174387269895637,0.6931471805599453,4.996333509385396,1,Lost,2.0,Need Attention
14037,177,2,147.2,5.181783550292085,1.0986122886681098,4.998562712861986,1,Lost,2.0,Lost
14968,31,1,147.59,3.4657359027997265,0.6931471805599453,5.001190835268256,3,At Risk,2.0,Promising
15526,34,2,148.44,3.5553480614894135,1.0986122886681098,5.006894974480533,3,At Risk,2.0,Need Attention
15435,23,1,149.29,3.1780538303479458,0.6931471805599453,5.012566760946003,3,At Risk,2.0,Promising
14073,33,1,151.04,3.5263605246161616,0.6931471805599453,5.024143644121048,3,At Risk,2.0,Promising
17286,22,1,151.37,3.1354942159291497,0.6931471805599453,5.026311773481264,3,At Risk,2.0,Promising
14362,23,1,151.5,3.1780538303479458,0.6931471805599453,5.0271645960474665,3,At Risk,2.0,Promising
17898,86,2,152.06,4.465908118654584,1.0986122886681098,5.030830001381775,1,Lost,2.0,Lost
16248,62,1,152.94,4.143134726391533,0.6931471805599453,5.036562916106171,1,Lost,2.0,Need Attention
16720,27,1,152.95,3.332204510175204,0.6931471805599453,5.0366278743705095,3,At Risk,2.0,Promising
16921,62,1,154.18,4.143134726391533,0.6931471805599453,5.044585733465803,1,Lost,2.0,Need Attention
16406,19,1,154.35,2.995732273553991,0.6931471805599453,5.045680635839056,3,At Risk,2.0,Promising
15988,20,1,156.78,3.044522437723423,0.6931471805599453,5.061201657666944,3,At Risk,2.0,Promising
13420,150,2,159.85,5.017279836814924,1.0986122886681098,5.080472253685035,1,Lost,2.0,Lost
14714,25,1,160.19,3.258096538021482,0.6931471805599453,5.08258379340884,3,At Risk,2.0,Promising
18146,141,2,160.35,4.955827057601261,1.0986122886681098,5.083575918497971,1,Lost,2.0,Lost
15458,26,1,161.64,3.295836866004329,0.6931471805599453,5.091539169320091,3,At Risk,2.0,Promising
17600,18,1,161.67,2.9444389791664403,0.6931471805599453,5.091723608778362,3,At Risk,2.0,Promising
18014,29,1,162.22,3.4011973816621555,0.6931471805599453,5.095098984041097,3,At Risk,2.0,Promising
12920,18,1,162.78,2.9444389791664403,0.6931471805599453,5.098524063842042,3,At Risk,2.0,Promising
17301,22,1,163.24,3.1354942159291497,0.6931471805599453,5.101328772710678,3,At Risk,2.0,Promising
13603,27,1,164.34,3.332204510175204,0.6931471805599453,5.108003959824529,3,At Risk,2.0,Promising
13470,100,2,165.0,4.61512051684126,1.0986122886681098,5.111987788356544,1,Lost,2.0,Lost
17561,20,1,165.12,3.044522437723423,0.6931471805599453,5.1127104187625525,3,At Risk,2.0,Promising
18088,62,1,166.03,4.143134726391533,0.6931471805599453,5.118173437001857,1,Lost,2.0,Need Attention
17650,22,1,166.08,3.1354942159291497,0.6931471805599453,5.118472739628975,3,At Risk,2.0,Promising
16952,110,2,167.61,4.709530201312334,1.0986122886681098,5.127588355789889,1,Lost,2.0,Lost
15986,31,1,168.12,3.4657359027997265,0.6931471805599453,5.1306085221219275,3,At Risk,2.0,Promising
14860,20,1,170.32,3.044522437723423,0.6931471805599453,5.14353315274717,3,At Risk,2.0,Promising
15432,24,1,171.19,3.2188758248682006,0.6931471805599453,5.148598518298095,3,At Risk,2.0,Promising
16773,58,1,171.59,4.07753744390572,0.6931471805599453,5.150918839543312,1,Lost,2.0,Need Attention
13690,60,1,172.25,4.110873864173311,0.6931471805599453,5.1547356380700124,1,Lost,2.0,Need Attention
12923,65,1,172.82,4.189654742026425,0.6931471805599453,5.158020281009314,1,Lost,2.0,Need Attention
14518,65,1,174.37,4.189654742026425,0.6931471805599453,5.166898027681201,1,Lost,2.0,Need Attention
18274,31,1,175.92,3.4657359027997265,0.6931471805599453,5.1756976530001255,3,At Risk,2.0,Promising
12893,31,1,176.55,3.4657359027997265,0.6931471805599453,5.179252259389097,3,At Risk,2.0,Promising
17253,19,1,178.26,2.995732273553991,0.6931471805599453,5.188837265929216,3,At Risk,2.0,Promising
18147,46,2,179.34,3.8501476017100584,1.0986122886681098,5.19484395807176,3,At Risk,2.0,Need Attention
13710,32,1,180.48,3.4965075614664802,0.6931471805599453,5.201145454795763,3,At Risk,2.0,Promising
16835,129,2,180.85,4.867534450455582,1.0986122886681098,5.203182171432998,1,Lost,2.0,Lost
17904,22,1,181.07,3.1354942159291497,0.6931471805599453,5.204391228515873,3,At Risk,2.0,Promising
15886,61,1,181.09,4.127134385045092,0.6931471805599453,5.204501070343752,1,Lost,2.0,Need Attention
14966,15,1,183.02,2.772588722239781,0.6931471805599453,5.215044447354215,3,At Risk,2.0,Promising
16433,29,1,184.26,3.4011973816621555,0.6931471805599453,5.221760243825881,3,At Risk,2.0,Promising
17680,24,1,184.4,3.2188758248682006,0.6931471805599453,5.2225156531317545,3,At Risk,2.0,Promising
15567,19,1,186.01,2.995732273553991,0.6931471805599453,5.231162091360629,3,At Risk,2.0,Promising
18013,156,2,187.29,5.056245805348308,1.0986122886681098,5.237983327508337,1,Lost,2.0,Lost
17608,34,2,191.99,3.5553480614894135,1.0986122886681098,5.2626383740910185,3,At Risk,2.0,Need Attention
15198,93,2,193.64,4.543294782270004,1.0986122886681098,5.2711516984752675,1,Lost,2.0,Lost
15612,37,2,195.15,3.6375861597263857,1.0986122886681098,5.278879672655561,3,At Risk,2.0,Need Attention
14666,25,1,195.25,3.258096538021482,0.6931471805599453,5.279389356662517,3,At Risk,2.0,Promising
17010,19,1,195.36,2.995732273553991,0.6931471805599453,5.279949709189852,3,At Risk,2.0,Promising
14789,29,1,197.64,3.4011973816621555,0.6931471805599453,5.2914941411999115,3,At Risk,2.0,Promising
18110,20,1,198.8,3.044522437723423,0.6931471805599453,5.297316866214453,3,At Risk,2.0,Promising
13322,18,1,199.48,2.9444389791664403,0.6931471805599453,5.300714491147758,3,At Risk,2.0,Promising
15593,71,1,199.8,4.276666119016055,0.6931471805599453,5.302309387817574,1,Lost,2.0,Need Attention
13980,61,1,200.14,4.127134385045092,0.6931471805599453,5.304001183016334,1,Lost,2.0,Need Attention
18126,61,1,200.92,4.127134385045092,0.6931471805599453,5.307871579352848,1,Lost,2.0,Need Attention
16895,65,1,202.27,4.189654742026425,0.6931471805599453,5.31453514457087,1,Lost,2.0,Need Attention
18169,61,1,202.65,4.127134385045092,0.6931471805599453,5.316402834094422,1,Lost,2.0,Need Attention
15758,25,1,205.25,3.258096538021482,0.6931471805599453,5.32908902521479,3,At Risk,2.0,Promising
13828,23,1,209.49,3.1780538303479458,0.6931471805599453,5.349438146055751,3,At Risk,2.0,Promising
16356,198,3,211.77,5.293304824724492,1.3862943611198906,5.360211770085627,1,Lost,2.0,Lost
17928,46,2,212.54,3.8501476017100584,1.0986122886681098,5.363824168750156,3,At Risk,2.0,Need Attention
16591,69,1,213.5,4.248495242049359,0.6931471805599453,5.368309738368072,1,Lost,2.0,Need Attention
17153,25,1,213.78,3.258096538021482,0.6931471805599453,5.369614248430071,3,At Risk,2.0,Promising
16647,170,2,214.06,5.14166355650266,1.0986122886681098,5.37091705896238,1,Lost,2.0,Lost
17580,253,3,215.72,5.537334267018537,1.3862943611198906,5.37860619777684,1,Lost,2.0,Lost
16179,61,1,215.83,4.127134385045092,0.6931471805599453,5.379113636376126,1,Lost,2.0,Need Attention
14104,155,2,216.21,5.049856007249537,1.0986122886681098,5.380864627515602,1,Lost,2.0,Lost
13503,72,1,216.85,4.290459441148391,0.6931471805599453,5.383806752563451,1,Lost,2.0,Need Attention
13739,19,1,216.9,2.995732273553991,0.6931471805599453,5.384036241950574,3,At Risk,2.0,Promising
16080,82,2,217.16,4.418840607796598,1.0986122886681098,5.385228738537333,1,Lost,2.0,Lost
16482,16,1,220.62,2.833213344056216,0.6931471805599453,5.400964203508179,3,At Risk,2.0,Promising
13419,64,1,221.06,4.174387269895637,0.6931471805599453,5.40294761562612,1,Lost,2.0,Need Attention
16777,81,2,222.62,4.406719247264253,1.0986122886681098,5.409948182719222,1,Lost,2.0,Lost
13926,24,1,223.85,3.2188758248682006,0.6931471805599453,5.415433513216716,3,At Risk,2.0,Promising
14929,33,1,223.88,3.5263605246161616,0.6931471805599453,5.415566926598276,3,At Risk,2.0,Promising
16753,59,1,223.92,4.0943445622221,0.6931471805599453,5.415744783424001,1,Lost,2.0,Need Attention
14052,20,1,225.36,3.044522437723423,0.6931471805599453,5.422126652274323,3,At Risk,2.0,Promising
16690,73,2,225.58,4.30406509320417,1.0986122886681098,5.423098083445343,1,Lost,2.0,Lost
17969,167,2,228.2,5.123963979403259,1.0986122886681098,5.434594984840585,1,Lost,2.0,Lost
13146,27,1,228.91,3.332204510175204,0.6931471805599453,5.437687927995845,3,At Risk,2.0,Promising
14793,22,1,228.99,3.1354942159291497,0.6931471805599453,5.438035829717119,3,At Risk,2.0,Promising
13348,65,1,233.76,4.189654742026425,0.6931471805599453,5.458563715690134,1,Lost,2.0,Need Attention
14473,75,2,234.34,4.330733340286331,1.0986122886681098,5.461031277035783,1,Lost,2.0,Lost
15286,50,1,240.55,3.9318256327243257,0.6931471805599453,5.4870764910004155,1,Lost,2.0,Need Attention
15598,54,1,240.68,4.007333185232471,0.6931471805599453,5.487614537078416,1,Lost,2.0,Need Attention
16427,264,2,241.06,5.579729825986222,1.0986122886681098,5.489185629310458,1,Lost,2.0,Lost
14523,109,1,241.09,4.700480365792417,0.6931471805599453,5.489309557845162,1,Lost,2.0,Lost
15776,134,1,241.62,4.90527477843843,0.6931471805599453,5.491496433342773,1,Lost,2.0,Lost
16215,81,1,242.35,4.406719247264253,0.6931471805599453,5.494500736279464,1,Lost,2.0,Lost
16601,41,1,242.7,3.7376696182833684,0.6931471805599453,5.495937960631161,3,At Risk,2.0,Need Attention
13886,72,1,243.56,4.290459441148391,0.6931471805599453,5.499460677582579,1,Lost,2.0,Lost
18193,166,1,243.76,5.117993812416755,0.6931471805599453,5.500278138594339,1,Lost,2.0,Lost
16793,58,1,243.84,4.07753744390572,0.6931471805599453,5.500604935982869,1,Lost,2.0,Need Attention
13103,40,1,243.94,3.713572066704308,0.6931471805599453,5.501013282593141,3,At Risk,2.0,Need Attention
15118,135,1,244.8,4.912654885736052,0.6931471805599453,5.504518197131935,1,Lost,2.0,Lost
13061,73,1,248.61,4.30406509320417,0.6931471805599453,5.519899699795292,1,Lost,2.0,Lost
14501,184,2,251.21,5.220355825078324,1.0986122886681098,5.530262073815315,1,Lost,2.0,Lost
13711,219,2,252.06,5.393627546352362,1.0986122886681098,5.5336266147611175,1,Lost,2.0,Lost
13645,121,1,252.1,4.804021044733257,0.6931471805599453,5.533784667551078,1,Lost,2.0,Lost
15035,90,1,252.73,4.51085950651685,0.6931471805599453,5.536270709515726,1,Lost,2.0,Lost
15154,76,1,254.28,4.343805421853684,0.6931471805599453,5.542360981969988,1,Lost,2.0,Lost
15261,136,1,254.82,4.919980925828125,0.6931471805599453,5.544474072171247,1,Lost,2.0,Lost
15277,47,1,255.9,3.871201010907891,0.6931471805599453,5.548686904115838,3,At Risk,2.0,Need Attention
16447,136,1,255.91,4.919980925828125,0.6931471805599453,5.548725829010259,1,Lost,2.0,Lost
16048,374,2,256.44,5.926926025970411,1.0986122886681098,5.550786683244073,1,Lost,2.0,Lost
15894,254,2,258.25,5.541263545158426,1.0986122886681098,5.557792847109637,1,Lost,2.0,Lost
13127,78,1,259.17,4.3694478524670215,0.6931471805599453,5.561335263505108,1,Lost,2.0,Lost
16413,57,1,262.2,4.060443010546419,0.6931471805599453,5.572914199451162,1,Lost,2.0,Need Attention
17194,274,2,262.62,5.616771097666572,1.0986122886681098,5.57450867228432,1,Lost,2.0,Lost
17708,188,2,263.33,5.241747015059643,1.0986122886681098,5.577198322546748,1,Lost,2.0,Lost
17403,37,1,263.92,3.6375861597263857,0.6931471805599453,5.579427893616779,3,At Risk,2.0,Need Attention
13837,212,2,266.59,5.3612921657094255,1.0986122886681098,5.589455958348054,1,Lost,2.0,Lost
16451,88,1,266.97,4.48863636973214,0.6931471805599453,5.590875033946567,1,Lost,2.0,Lost
15320,45,1,267.13,3.828641396489095,0.6931471805599453,5.591471937527057,3,At Risk,2.0,Need Attention
13533,183,3,269.09,5.214935757608986,1.3862943611198906,5.598755236788495,1,Lost,2.0,Lost
17498,76,1,272.22,4.343805421853684,0.6931471805599453,5.610277331459341,1,Lost,2.0,Lost
16883,188,2,272.48,5.241747015059643,1.0986122886681098,5.611228493045593,1,Lost,2.0,Lost
14512,188,2,275.28,5.241747015059643,1.0986122886681098,5.621414844220772,1,Lost,2.0,Lost
14908,75,1,277.8,4.330733340286331,0.6931471805599453,5.630494678886369,1,Lost,2.0,Lost
14764,47,1,278.3,3.871201010907891,0.6931471805599453,5.632286472951131,3,At Risk,2.0,Need Attention
14242,235,2,280.55,5.4638318050256105,1.0986122886681098,5.640310051700627,1,Lost,2.0,Lost
16848,53,1,281.42,3.9889840465642745,0.6931471805599453,5.643395324641106,1,Lost,2.0,Need Attention
17694,142,1,283.12,4.962844630259907,0.6931471805599453,5.649396684129609,1,Lost,2.0,Lost
18190,193,2,284.46,5.267858159063328,1.0986122886681098,5.654101914201623,1,Lost,2.0,Lost
13667,150,1,299.05,5.017279836814924,0.6931471805599453,5.703949127435522,1,Lost,2.0,Lost
18215,90,1,299.34,4.51085950651685,0.6931471805599453,5.7049151662521345,1,Lost,2.0,Lost
13745,163,1,300.04,5.099866427824199,0.6931471805599453,5.707243146285182,1,Lost,2.0,Lost
15254,128,1,300.36,4.859812404361672,0.6931471805599453,5.708305563383786,1,Lost,2.0,Lost
16430,58,1,300.85,4.07753744390572,0.6931471805599453,5.709930205242435,1,Lost,2.0,Need Attention
13479,201,2,300.95,5.308267697401205,1.0986122886681098,5.71026144075391,1,Lost,2.0,Lost
15623,142,1,301.03,4.962844630259907,0.6931471805599453,5.7105263501895465,1,Lost,2.0,Lost
15667,40,1,301.32,3.713572066704308,0.6931471805599453,5.711486059041233,3,At Risk,2.0,Need Attention
16715,79,1,301.72,4.382026634673881,0.6931471805599453,5.712808285863513,1,Lost,2.0,Lost
17506,76,1,302.2,4.343805421853684,0.6931471805599453,5.714392653768217,1,Lost,2.0,Lost
16292,122,1,302.25,4.812184355372417,0.6931471805599453,5.7145575478241595,1,Lost,2.0,Lost
18165,178,1,302.46,5.187385805840755,0.6931471805599453,5.715249806097095,1,Lost,2.0,Lost
17433,89,1,303.16,4.499809670330265,0.6931471805599453,5.717553878740119,1,Lost,2.0,Lost
16400,95,1,303.93,4.564348191467836,0.6931471805599453,5.720082242069654,1,Lost,2.0,Lost
17070,115,1,304.24,4.7535901911063645,0.6931471805599453,5.721098352421432,1,Lost,2.0,Lost
16217,236,2,304.25,5.4680601411351315,1.0986122886681098,5.721131112990814,1,Lost,2.0,Lost
17941,131,1,304.56,4.882801922586371,0.6931471805599453,5.722146158673159,1,Lost,2.0,Lost
13045,100,1,305.28,4.61512051684126,0.6931471805599453,5.724499716244923,1,Lost,2.0,Lost
16181,74,1,305.54,4.31748811353631,0.6931471805599453,5.725348252570762,1,Lost,2.0,Lost
16796,90,1,305.62,4.51085950651685,0.6931471805599453,5.725609195882308,1,Lost,2.0,Lost
15219,177,1,305.75,5.181783550292085,0.6931471805599453,5.7260330835910205,1,Lost,2.0,Lost
15659,44,1,306.45,3.8066624897703196,0.6931471805599453,5.7283124723994785,3,At Risk,2.0,Need Attention
13718,247,2,306.55,5.5134287461649825,1.0986122886681098,5.728637675654378,1,Lost,2.0,Lost
17334,303,2,307.02,5.717027701406222,1.0986122886681098,5.73016471593032,1,Lost,2.0,Lost
16123,52,1,307.78,3.970291913552122,0.6931471805599453,5.732629049213781,1,Lost,2.0,Need Attention
13699,156,1,308.58,5.056245805348308,0.6931471805599453,5.735216540145731,1,Lost,2.0,Lost
15010,36,1,308.94,3.6109179126442243,0.6931471805599453,5.736378730359189,3,At Risk,2.0,Need Attention
12884,89,1,309.05,4.499809670330265,0.6931471805599453,5.736733574795887,1,Lost,2.0,Lost
17604,218,2,309.36,5.389071729816501,1.0986122886681098,5.737732914025749,1,Lost,2.0,Lost
14847,149,1,309.4,5.0106352940962555,0.6931471805599453,5.737861788309064,1,Lost,2.0,Lost
15661,318,2,309.8,5.765191102784844,1.0986122886681098,5.739149618493492,1,Lost,2.0,Lost
13897,51,1,311.16,3.9512437185814275,0.6931471805599453,5.743515876874802,1,Lost,2.0,Need Attention
17854,186,2,311.26,5.231108616854587,1.0986122886681098,5.743836174113374,1,Lost,2.0,Lost
14327,164,1,311.65,5.10594547390058,0.6931471805599453,5.745084354013307,1,Lost,2.0,Lost
14951,80,1,311.69,4.394449154672439,0.6931471805599453,5.745212284419341,1,Lost,2.0,Lost
16450,150,1,311.92,5.017279836814924,0.6931471805599453,5.74594756681688,1,Lost,2.0,Lost
17362,240,2,312.23,5.484796933490655,1.0986122886681098,5.746937744970129,1,Lost,2.0,Lost
16582,114,1,313.62,4.74493212836325,0.6931471805599453,5.751365561394358,1,Lost,2.0,Lost
14479,254,2,316.25,5.541263545158426,1.0986122886681098,5.759690106594497,1,Lost,2.0,Lost
16761,97,1,316.62,4.584967478670572,0.6931471805599453,5.760855699682501,1,Lost,2.0,Lost
15243,75,1,316.68,4.330733340286331,0.6931471805599453,5.7610445868229965,1,Lost,2.0,Lost
15385,41,1,316.88,3.7376696182833684,0.6931471805599453,5.761673953071979,3,At Risk,2.0,Need Attention
17172,79,1,317.76,4.382026634673881,0.6931471805599453,5.764438468529548,1,Lost,2.0,Lost
18066,76,1,318.0,4.343805421853684,0.6931471805599453,5.765191102784844,1,Lost,2.0,Lost
17839,43,1,318.15,3.784189633918261,0.6931471805599453,5.765661211702066,3,At Risk,2.0,Need Attention
17248,121,1,318.65,4.804021044733257,0.6931471805599453,5.767226647212736,1,Lost,2.0,Lost
14823,181,3,321.43,5.204006687076795,1.3862943611198906,5.775886058412575,1,Lost,2.0,Lost
14484,51,1,321.92,3.9512437185814275,0.6931471805599453,5.777404614526815,1,Lost,2.0,Need Attention
15224,359,2,322.08,5.886104031450156,1.0986122886681098,5.777899970574095,1,Lost,2.0,Lost
16627,80,1,322.8,4.394449154672439,0.6931471805599453,5.780126041243535,1,Lost,2.0,Lost
16739,177,1,323.0,5.181783550292085,0.6931471805599453,5.780743515792329,1,Lost,2.0,Lost
15921,173,1,323.03,5.159055299214529,0.6931471805599453,5.780836104098492,1,Lost,2.0,Lost
15597,36,1,324.57,3.6109179126442243,0.6931471805599453,5.785577492291319,3,At Risk,2.0,Need Attention
16830,39,1,325.91,3.6888794541139363,0.6931471805599453,5.789684903656904,3,At Risk,2.0,Need Attention
16071,45,1,326.24,3.828641396489095,0.6931471805599453,5.790693846645498,3,At Risk,2.0,Need Attention
16318,36,1,328.15,3.6109179126442243,0.6931471805599453,5.796513573913885,3,At Risk,2.0,Need Attention
15213,319,2,328.35,5.768320995793772,1.0986122886681098,5.797121015086702,1,Lost,2.0,Lost
17154,76,1,329.34,4.343805421853684,0.6931471805599453,5.800122427092944,1,Lost,2.0,Lost
17866,143,1,329.65,4.969813299576001,0.6931471805599453,5.801060414120672,1,Lost,2.0,Lost
15130,170,1,330.11,5.14166355650266,0.6931471805599453,5.802450646452902,1,Lost,2.0,Lost
12891,186,3,331.0,5.231108616854587,1.3862943611198906,5.805134968916488,1,Lost,2.0,Lost
16177,51,1,331.95,3.9512437185814275,0.6931471805599453,5.807992328556631,1,Lost,2.0,Need Attention
15918,191,2,334.23,5.2574953720277815,1.0986122886681098,5.814816863409831,1,Lost,2.0,Lost
15466,86,1,334.53,4.465908118654584,0.6931471805599453,5.815711371192059,1,Lost,2.0,Lost
14196,107,1,335.52,4.68213122712422,0.6931471805599453,5.818657582682612,1,Lost,2.0,Lost
18276,44,1,335.86,3.8066624897703196,0.6931471805599453,5.81966741377024,3,At Risk,2.0,Need Attention
18078,218,2,336.13,5.389071729816501,1.0986122886681098,5.820468612643942,1,Lost,2.0,Lost
17973,52,1,337.04,3.970291913552122,0.6931471805599453,5.823164231676282,1,Lost,2.0,Need Attention
15942,134,1,337.44,4.90527477843843,0.6931471805599453,5.8243468240563,1,Lost,2.0,Lost
15652,92,1,337.74,4.532599493153256,0.6931471805599453,5.825232851462975,1,Lost,2.0,Lost
16545,165,1,339.3,5.111987788356544,0.6931471805599453,5.82982758150686,1,Lost,2.0,Lost
16826,52,1,341.7,3.970291913552122,0.6931471805599453,5.836855428880563,1,Lost,2.0,Need Attention
17795,180,2,342.83,5.198497031265826,1.0986122886681098,5.840147349176718,1,Lost,2.0,Lost
16978,78,1,344.33,4.3694478524670215,0.6931471805599453,5.84450048159508,1,Lost,2.0,Lost
13774,82,1,345.0,4.418840607796598,0.6931471805599453,5.846438775057725,1,Lost,2.0,Lost
17123,162,1,345.3,5.093750200806762,0.6931471805599453,5.847305451408376,1,Lost,2.0,Lost
13649,257,2,346.6,5.552959584921617,1.0986122886681098,5.851052393391237,1,Lost,2.0,Lost
13497,283,2,348.05,5.648974238161206,1.0986122886681098,5.855215178416411,1,Lost,2.0,Lost
13927,75,1,348.99,4.330733340286331,0.6931471805599453,5.857904582646717,1,Lost,2.0,Lost
13670,76,1,349.7,4.343805421853684,0.6931471805599453,5.859931157146132,1,Lost,2.0,Lost
13923,54,1,351.13,4.007333185232471,0.6931471805599453,5.864000425598742,1,Lost,2.0,Need Attention
15678,53,1,352.7,3.9889840465642745,0.6931471805599453,5.868449096211435,1,Lost,2.0,Need Attention
13343,178,1,353.43,5.187385805840755,0.6931471805599453,5.870510865261174,1,Lost,2.0,Lost
13210,94,1,353.48,4.553876891600541,0.6931471805599453,5.8706519268912345,1,Lost,2.0,Lost
12888,215,2,354.12,5.375278407684165,1.0986122886681098,5.87245576052578,1,Lost,2.0,Lost
13889,93,1,416.9,4.543294782270004,0.6931471805599453,6.03524216945387,1,Lost,2.0,Lost
17392,307,2,417.27,5.730099782973574,1.0986122886681098,6.036127157014171,1,Lost,2.0,Lost
12833,146,1,417.38,4.990432586778736,0.6931471805599453,6.0363901104609745,1,Lost,2.0,Lost
16737,54,1,417.6,4.007333185232471,0.6931471805599453,6.0369158100119,1,Lost,2.0,Need Attention
17142,240,1,579.0,5.484796933490655,0.6931471805599453,6.363028103540465,1,Lost,2.0,Lost
14124,85,1,419.58,4.454347296253507,0.6931471805599453,6.041634711020558,1,Lost,2.0,Lost
13243,204,1,585.12,5.3230099791384085,0.6931471805599453,6.373524546769825,1,Lost,2.0,Lost
14757,76,1,420.5,4.343805421853684,0.6931471805599453,6.04381977744191,1,Lost,2.0,Lost
16499,361,2,365.45,5.8916442118257715,1.0986122886681098,5.903862086371859,1,Lost,2.0,Lost
18240,47,1,422.58,3.871201010907891,0.6931471805599453,6.0487423982594555,3,At Risk,2.0,Need Attention
15975,85,1,371.01,4.454347296253507,0.6931471805599453,5.91892073563227,1,Lost,2.0,Lost
15639,135,1,425.32,4.912654885736052,0.6931471805599453,6.055190237988527,1,Lost,2.0,Lost
15424,255,2,383.34,5.545177444479562,1.0986122886681098,5.951527577504281,1,Lost,2.0,Lost
15360,40,1,427.93,3.713572066704308,0.6931471805599453,6.061293735451147,3,At Risk,2.0,Need Attention
13833,160,1,383.85,5.081404364984463,0.6931471805599453,5.9528536479803265,1,Lost,2.0,Lost
15230,240,2,429.6,5.484796933490655,1.0986122886681098,6.065179584930263,1,Lost,2.0,Lost
17205,54,1,384.08,4.007333185232471,0.6931471805599453,5.953451104909766,1,Lost,2.0,Need Attention
13245,51,1,430.5,3.9512437185814275,0.6931471805599453,6.067267510523482,3,At Risk,2.0,Need Attention
16236,79,1,432.2,4.382026634673881,0.6931471805599453,6.071199515126835,1,Lost,2.0,Lost
17035,246,2,433.53,5.5093883366279774,1.0986122886681098,6.07426498720113,1,Lost,2.0,Lost
15551,37,1,436.06,3.6375861597263857,0.6931471805599453,6.080070485442007,3,At Risk,2.0,Need Attention
18222,93,1,443.0,4.543294782270004,0.6931471805599453,6.095824562432225,1,Lost,2.0,Lost
14638,51,1,443.6,3.9512437185814275,0.6931471805599453,6.097175001530096,3,At Risk,2.0,Need Attention
17614,58,1,386.32,4.07753744390572,0.6931471805599453,5.959251224743331,1,Lost,2.0,Need Attention
17040,138,1,449.73,4.9344739331306915,0.6931471805599453,6.110868490605405,1,Lost,2.0,Lost
15664,51,1,386.43,3.9512437185814275,0.6931471805599453,5.959535187313809,3,At Risk,2.0,Need Attention
15802,143,1,451.42,4.969813299576001,0.6931471805599453,6.11461095192969,1,Lost,2.0,Lost
14114,274,2,386.53,5.616771097666572,1.0986122886681098,5.959793265151517,1,Lost,2.0,Lost
18071,258,2,453.0,5.556828061699537,1.0986122886681098,6.118097198041348,1,Lost,2.0,Lost
15475,78,1,454.11,4.3694478524670215,0.6931471805599453,6.120539147973894,1,Lost,2.0,Lost
15585,177,1,455.3,5.181783550292085,0.6931471805599453,6.123150487933357,1,Lost,2.0,Lost
15092,216,2,457.81,5.37989735354046,1.0986122886681098,6.1286361810072245,1,Lost,2.0,Lost
15472,114,1,371.56,4.74493212836325,0.6931471805599453,5.920398098674122,1,Lost,2.0,Lost
13506,317,2,458.52,5.762051382780177,1.0986122886681098,6.130182466419805,1,Lost,2.0,Lost
14420,100,1,387.52,4.61512051684126,0.6931471805599453,5.962344648534129,1,Lost,2.0,Lost
13974,50,1,413.59,3.9318256327243257,0.6931471805599453,6.027290080077415,3,At Risk,2.0,Need Attention
16275,197,1,559.87,5.288267030694535,0.6931471805599453,6.329489149614112,1,Lost,2.0,Lost
15994,55,1,414.27,4.02535169073515,0.6931471805599453,6.028928911090341,1,Lost,2.0,Need Attention
15523,85,1,412.01,4.454347296253507,0.6931471805599453,6.023471805742962,1,Lost,2.0,Lost
15695,267,2,409.98,5.5909869805108565,1.0986122886681098,6.018544551511725,1,Lost,2.0,Lost
14620,206,2,412.78,5.332718793265369,1.0986122886681098,6.0253344316155975,1,Lost,2.0,Lost
15099,85,1,410.48,4.454347296253507,0.6931471805599453,6.019760416262829,1,Lost,2.0,Lost
16272,117,1,411.7,4.770684624465665,0.6931471805599453,6.022720936758536,1,Lost,2.0,Lost
13300,170,1,371.89,5.14166355650266,0.6931471805599453,5.921283469984221,1,Lost,2.0,Lost
16429,107,1,284.55,4.68213122712422,0.6931471805599453,5.654417145110872,1,Lost,2.0,Lost
15247,123,1,356.0,4.820281565605037,0.6931471805599453,5.877735781779639,1,Lost,2.0,Lost
17948,148,1,358.56,5.003946305945459,0.6931471805599453,5.884881061705198,1,Lost,2.0,Lost
16250,262,2,389.44,5.572154032177765,1.0986122886681098,5.967274308306765,1,Lost,2.0,Lost
15120,134,1,358.82,4.90527477843843,0.6931471805599453,5.885603906408473,1,Lost,2.0,Lost
17781,160,2,188.02,5.081404364984463,1.0986122886681098,5.24185282956691,1,Lost,2.0,Lost
14752,44,1,389.64,3.8066624897703196,0.6931471805599453,5.967786419753405,3,At Risk,2.0,Need Attention
16763,199,1,611.85,5.298317366548036,0.6931471805599453,6.418120207787174,1,Lost,2.0,Lost
16485,78,1,363.65,4.3694478524670215,0.6931471805599453,5.898937989430242,1,Lost,2.0,Lost
16116,212,1,612.78,5.3612921657094255,0.6931471805599453,6.419636557751217,1,Lost,2.0,Lost
14171,99,1,363.79,4.605170185988092,0.6931471805599453,5.899321845543751,1,Lost,2.0,Lost
14528,38,1,364.22,3.6635616461296463,0.6931471805599453,5.900499911733888,3,At Risk,2.0,Need Attention
15343,88,1,364.5,4.48863636973214,0.6931471805599453,5.901266279189834,1,Lost,2.0,Lost
14670,281,2,392.86,5.641907070938114,1.0986122886681098,5.97599551620405,1,Lost,2.0,Lost
15396,113,1,288.18,4.736198448394496,0.6931471805599453,5.66704933159998,1,Lost,2.0,Lost
15165,374,1,487.75,5.926926025970411,0.6931471805599453,6.1918511112995755,1,Lost,2.0,Lost
17501,221,2,288.6,5.402677381872279,1.0986122886681098,5.668500660511562,1,Lost,2.0,Lost
15692,29,1,191.04,3.4011973816621555,0.6931471805599453,5.25770368366274,3,At Risk,2.0,Promising
14985,199,2,292.01,5.298317366548036,1.0986122886681098,5.680206738127495,1,Lost,2.0,Lost
13594,53,1,396.97,3.9889840465642745,0.6931471805599453,5.986376625559036,1,Lost,2.0,Need Attention
12829,337,2,293.0,5.823045895483019,1.0986122886681098,5.683579767338681,1,Lost,2.0,Lost
16402,265,2,293.45,5.583496308781699,1.0986122886681098,5.685109209390579,1,Lost,2.0,Lost
15732,213,2,294.12,5.365976015021851,1.0986122886681098,5.68738205328842,1,Lost,2.0,Lost
15345,46,1,393.54,3.8501476017100584,0.6931471805599453,5.9777205293157225,3,At Risk,2.0,Need Attention
13441,92,1,296.64,4.532599493153256,0.6931471805599453,5.69588470252906,1,Lost,2.0,Lost
17824,52,1,298.4,3.970291913552122,0.6931471805599453,5.701780471985528,1,Lost,2.0,Need Attention
14873,211,1,519.68,5.356586274672012,0.6931471805599453,6.25513564959826,1,Lost,2.0,Lost
14139,47,1,415.82,3.871201010907891,0.6931471805599453,6.032654473932845,3,At Risk,2.0,Need Attention
14000,212,1,635.66,5.3612921657094255,0.6931471805599453,6.456235761113554,1,Lost,2.0,Lost
16957,240,2,416.64,5.484796933490655,1.0986122886681098,6.03461981742191,1,Lost,2.0,Lost
15935,240,2,416.86,5.484796933490655,1.0986122886681098,6.035146448194105,1,Lost,2.0,Lost
17878,44,1,379.45,3.8066624897703196,0.6931471805599453,5.941354762622532,3,At Risk,2.0,Need Attention
17223,311,2,416.89,5.7430031878094825,1.0986122886681098,6.035218239997905,1,Lost,2.0,Lost
14079,125,1,375.1,4.836281906951478,0.6931471805599453,5.929855065476291,1,Lost,2.0,Lost
16305,139,1,361.22,4.941642422609304,0.6931471805599453,5.8922517620363895,1,Lost,2.0,Lost
16052,55,1,362.06,4.02535169073515,0.6931471805599453,5.894568109862285,1,Lost,2.0,Need Attention
16897,300,2,289.78,5.707110264748875,1.0986122886681098,5.672566967503279,1,Lost,2.0,Lost
16378,248,3,362.95,5.517452896464707,1.3862943611198906,5.897016495564267,1,Lost,2.0,Lost
14801,62,1,189.34,4.143134726391533,0.6931471805599453,5.248811946644198,1,Lost,2.0,Need Attention
14967,50,1,463.8,3.9318256327243257,0.6931471805599453,6.141607205537701,3,At Risk,2.0,Need Attention
18067,41,1,396.33,3.7376696182833684,0.6931471805599453,5.98476716966025,3,At Risk,2.0,Need Attention
13228,82,1,358.0,4.418840607796598,0.6931471805599453,5.883322388488279,1,Lost,2.0,Lost
13372,90,1,378.64,4.51085950651685,0.6931471805599453,5.939223435262291,1,Lost,2.0,Lost
15342,130,1,406.09,4.875197323201151,0.6931471805599453,6.0090342912180414,1,Lost,2.0,Lost
16648,43,1,290.66,3.784189633918261,0.6931471805599453,5.675588740285419,3,At Risk,2.0,Need Attention
16147,134,1,375.0,4.90527477843843,0.6931471805599453,5.929589143389895,1,Lost,2.0,Lost
17358,304,2,360.81,5.720311776607412,1.0986122886681098,5.891119212159107,1,Lost,2.0,Lost
15158,46,1,401.4,3.8501476017100584,0.6931471805599453,5.9974466187855295,3,At Risk,2.0,Need Attention
16909,73,1,379.14,4.30406509320417,0.6931471805599453,5.940539605922692,1,Lost,2.0,Lost
12922,162,1,405.38,5.093750200806762,0.6931471805599453,6.007288682454868,1,Lost,2.0,Lost
17201,54,1,289.78,4.007333185232471,0.6931471805599453,5.672566967503279,1,Lost,2.0,Need Attention
15803,52,1,415.82,3.970291913552122,0.6931471805599453,6.032654473932845,3,At Risk,2.0,Need Attention
16614,183,1,506.19,5.214935757608986,0.6931471805599453,6.228885686840323,1,Lost,2.0,Lost
17970,212,1,562.79,5.3612921657094255,0.6931471805599453,6.334681841736619,1,Lost,2.0,Lost
15025,34,1,361.96,3.5553480614894135,0.6931471805599453,5.894292635355709,3,At Risk,2.0,Need Attention
15891,227,1,511.68,5.429345628954441,0.6931471805599453,6.239651868861623,1,Lost,2.0,Lost
13291,156,1,361.11,5.056245805348308,0.6931471805599453,5.8919480330707374,1,Lost,2.0,Lost
15592,47,1,388.58,3.871201010907891,0.6931471805599453,5.965069235748451,3,At Risk,2.0,Need Attention
16971,39,1,357.21,3.6888794541139363,0.6931471805599453,5.881119406601529,3,At Risk,2.0,Need Attention
17603,79,1,394.72,4.382026634673881,0.6931471805599453,5.980706890455022,1,Lost,2.0,Lost
16526,172,1,290.36,5.153291594497779,0.6931471805599453,5.674559615979298,1,Lost,2.0,Lost
17464,159,1,289.96,5.075173815233827,0.6931471805599453,5.673185800678733,1,Lost,2.0,Lost
16552,243,2,379.73,5.497168225293202,1.0986122886681098,5.9420904624901825,1,Lost,2.0,Lost
18164,38,1,399.65,3.6635616461296463,0.6931471805599453,5.99308822822408,3,At Risk,2.0,Need Attention
16198,76,1,400.68,4.343805421853684,0.6931471805599453,5.99565575172645,1,Lost,2.0,Lost
17691,359,2,290.4,5.886104031450156,1.0986122886681098,5.674696893761104,1,Lost,2.0,Lost
13753,288,1,741.26,5.666426688112432,0.6931471805599453,6.609699586102796,1,Lost,1.67,Lost
16256,267,1,752.43,5.5909869805108565,0.6931471805599453,6.624636113950167,1,Lost,1.67,Lost
13370,372,1,754.87,5.921578419643816,0.6931471805599453,6.62786940372116,1,Lost,1.67,Lost
16222,319,1,773.55,5.768320995793772,0.6931471805599453,6.652282215552372,1,Lost,1.67,Lost
13341,261,1,775.85,5.568344503761097,0.6931471805599453,6.65524728153801,1,Lost,1.67,Lost
13893,298,1,821.1,5.700443573390687,0.6931471805599453,6.711862042158088,1,Lost,1.67,Lost
16494,297,1,826.53,5.697093486505405,0.6931471805599453,6.7184453603705006,1,Lost,1.67,Lost
15832,255,1,836.79,5.545177444479562,0.6931471805599453,6.7307674724187825,1,Lost,1.67,Lost
18009,236,1,247.39,5.4680601411351315,0.6931471805599453,5.515000091600009,1,Lost,1.67,Lost
18072,186,1,247.44,5.231108616854587,0.6931471805599453,5.515201367691102,1,Lost,1.67,Lost
16878,85,1,13.3,4.454347296253507,0.6931471805599453,2.6602595372658615,1,Lost,1.67,Lost
13937,170,1,158.85,5.14166355650266,0.6931471805599453,5.074235875505851,1,Lost,1.67,Lost
13307,121,1,15.0,4.804021044733257,0.6931471805599453,2.772588722239781,1,Lost,1.67,Lost
16213,79,1,159.0,4.382026634673881,0.6931471805599453,5.075173815233827,1,Lost,1.67,Lost
16093,107,1,17.0,4.68213122712422,0.6931471805599453,2.8903717578961645,1,Lost,1.67,Lost
17986,57,1,20.8,4.060443010546419,0.6931471805599453,3.0819099697950434,1,Lost,1.67,Need Attention
13598,48,1,160.04,3.8918202981106265,0.6931471805599453,5.081652781331536,1,Lost,1.67,Need Attention
18268,135,1,25.5,4.912654885736052,0.6931471805599453,3.2771447329921766,1,Lost,1.67,Lost
18203,158,1,160.42,5.0689042022202315,0.6931471805599453,5.084009663896226,1,Lost,1.67,Lost
17408,164,1,32.65,5.10594547390058,0.6931471805599453,3.5160130560907366,1,Lost,1.67,Lost
15852,187,2,160.71,5.236441962829949,1.0986122886681098,5.085804607589853,1,Lost,1.67,Lost
15744,78,1,34.8,4.3694478524670215,0.6931471805599453,3.5779478934066544,1,Lost,1.67,Lost
17831,34,1,35.4,3.5553480614894135,0.6931471805599453,3.594568774642695,1,Lost,1.67,Need Attention
15325,104,1,161.74,4.653960350157523,0.6931471805599453,5.092153835268511,1,Lost,1.67,Lost
14485,39,1,162.8,3.6888794541139363,0.6931471805599453,5.098646171418969,3,At Risk,1.67,Need Attention
13223,201,2,163.2,5.308267697401205,1.0986122886681098,5.101085197018328,1,Lost,1.67,Lost
13227,202,1,257.7,5.313205979041787,0.6931471805599453,5.5556690891919835,1,Lost,1.67,Lost
18019,52,1,38.45,3.970291913552122,0.6931471805599453,3.6750340472918834,1,Lost,1.67,Need Attention
17110,166,1,163.3,5.117993812416755,0.6931471805599453,5.101694025043223,1,Lost,1.67,Lost
12977,157,1,39.24,5.062595033026967,0.6931471805599453,3.6948615257914836,1,Lost,1.67,Lost
15143,226,1,259.45,5.424950017481403,0.6931471805599453,5.562410904191201,1,Lost,1.67,Lost
14552,152,1,164.22,5.030437921392435,0.6931471805599453,5.10727791913436,1,Lost,1.67,Lost
15423,39,1,43.5,3.6888794541139363,0.6931471805599453,3.7954891891721947,1,Lost,1.67,Need Attention
14080,33,1,45.6,3.5263605246161616,0.6931471805599453,3.8416005411316,3,At Risk,1.67,Need Attention
16257,177,1,46.95,5.181783550292085,0.6931471805599453,3.8701588013294472,1,Lost,1.67,Lost
15603,79,1,48.48,4.382026634673881,0.6931471805599453,3.901568547524287,1,Lost,1.67,Lost
14423,219,1,265.2,5.393627546352362,0.6931471805599453,5.5842479059610115,1,Lost,1.67,Lost
18042,54,1,165.05,4.007333185232471,0.6931471805599453,5.112288947822756,1,Lost,1.67,Need Attention
14351,165,1,51.0,5.111987788356544,0.6931471805599453,3.9512437185814275,1,Lost,1.67,Lost
14682,188,2,52.0,5.241747015059643,1.0986122886681098,3.970291913552122,1,Lost,1.67,Lost
15313,111,1,52.0,4.718498871295094,0.6931471805599453,3.970291913552122,1,Lost,1.67,Lost
15504,82,1,52.83,4.418840607796598,0.6931471805599453,3.985830932572866,1,Lost,1.67,Lost
15517,234,1,267.03,5.459585514144159,0.6931471805599453,5.591098914544516,1,Lost,1.67,Lost
13366,51,1,56.16,3.9512437185814275,0.6931471805599453,4.045854353061666,1,Lost,1.67,Need Attention
14295,41,1,166.2,3.7376696182833684,0.6931471805599453,5.119190700650601,3,At Risk,1.67,Need Attention
16405,303,2,167.25,5.717027701406222,1.0986122886681098,5.125450968524837,1,Lost,1.67,Lost
15374,129,1,168.0,4.867534450455582,0.6931471805599453,5.1298987149230735,1,Lost,1.67,Lost
15888,81,1,168.31,4.406719247264253,0.6931471805599453,5.131731354140141,1,Lost,1.67,Lost
18099,128,1,168.31,4.859812404361672,0.6931471805599453,5.131731354140141,1,Lost,1.67,Lost
14218,43,1,169.48,3.784189633918261,0.6931471805599453,5.1386179877903615,3,At Risk,1.67,Need Attention
15016,173,1,170.04,5.159055299214529,0.6931471805599453,5.141897447276735,1,Lost,1.67,Lost
13194,136,1,60.7,4.919980925828125,0.6931471805599453,4.122283930911342,1,Lost,1.67,Lost
13218,128,1,62.64,4.859812404361672,0.6931471805599453,4.153242203469586,1,Lost,1.67,Lost
14816,198,1,271.85,5.293304824724492,0.6931471805599453,5.608922193632241,1,Lost,1.67,Lost
15335,54,1,170.22,4.007333185232471,0.6931471805599453,5.142949279314339,1,Lost,1.67,Need Attention
18048,204,2,172.29,5.3230099791384085,1.0986122886681098,5.154966491652154,1,Lost,1.67,Lost
13302,156,1,63.75,5.056245805348308,0.6931471805599453,4.1705337005796475,1,Lost,1.67,Lost
13130,95,1,64.0,4.564348191467836,0.6931471805599453,4.174387269895637,1,Lost,1.67,Lost
18278,74,1,173.9,4.31748811353631,0.6931471805599453,5.164214382024556,1,Lost,1.67,Lost
17331,124,1,175.2,4.8283137373023015,0.6931471805599453,5.171619713502079,1,Lost,1.67,Lost
17747,113,1,71.4,4.736198448394496,0.6931471805599453,4.282206299391671,1,Lost,1.67,Lost
17124,186,1,294.24,5.231108616854587,0.6931471805599453,5.687788584901852,1,Lost,1.67,Lost
13938,36,1,71.66,3.6109179126442243,0.6931471805599453,4.2857910267930555,3,At Risk,1.67,Need Attention
17947,38,1,176.68,3.6635616461296463,0.6931471805599453,5.179984179586172,3,At Risk,1.67,Need Attention
17531,191,1,296.7,5.2574953720277815,0.6931471805599453,5.69608626802173,1,Lost,1.67,Lost
13618,174,1,177.34,5.1647859739235145,0.6931471805599453,5.183691840706733,1,Lost,1.67,Lost
17960,172,1,73.78,5.153291594497779,0.6931471805599453,4.314550469548967,1,Lost,1.67,Lost
15609,185,1,298.48,5.225746673713202,0.6931471805599453,5.702047637362485,1,Lost,1.67,Lost
16468,75,1,74.9,4.330733340286331,0.6931471805599453,4.3294166844015844,1,Lost,1.67,Lost
18045,46,1,178.34,3.8501476017100584,0.6931471805599453,5.189283445523902,1,Lost,1.67,Need Attention
17628,82,1,75.75,4.418840607796598,0.6931471805599453,4.340553386467307,1,Lost,1.67,Lost
17879,174,1,178.52,5.1647859739235145,0.6931471805599453,5.190286622334331,1,Lost,1.67,Lost
13778,104,1,178.7,4.653960350157523,0.6931471805599453,5.191288793789513,1,Lost,1.67,Lost
17660,142,1,178.75,4.962844630259907,0.6931471805599453,5.191566996601156,1,Lost,1.67,Lost
15139,240,2,178.96,5.484796933490655,1.0986122886681098,5.192734603972972,1,Lost,1.67,Lost
15895,150,1,179.17,5.017279836814924,0.6931471805599453,5.1939008496276085,1,Lost,1.67,Lost
17536,178,1,76.5,5.187385805840755,0.6931471805599453,4.350277936359301,1,Lost,1.67,Lost
13106,134,1,76.5,4.90527477843843,0.6931471805599453,4.350277936359301,1,Lost,1.67,Lost
15041,171,1,179.93,5.147494476813453,0.6931471805599453,5.198110216131005,1,Lost,1.67,Lost
18220,227,1,305.28,5.429345628954441,0.6931471805599453,5.724499716244923,1,Lost,1.67,Lost
14722,148,1,180.42,5.003946305945459,0.6931471805599453,5.200814785186798,1,Lost,1.67,Lost
17176,202,1,306.13,5.313205979041787,0.6931471805599453,5.7272711107251055,1,Lost,1.67,Lost
13762,219,1,306.72,5.393627546352362,0.6931471805599453,5.729190278590734,1,Lost,1.67,Lost
17120,234,1,307.46,5.459585514144159,0.6931471805599453,5.731592175295468,1,Lost,1.67,Lost
13967,146,1,80.7,4.990432586778736,0.6931471805599453,4.403054001865957,1,Lost,1.67,Lost
16594,76,1,181.09,4.343805421853684,0.6931471805599453,5.204501070343752,1,Lost,1.67,Lost
13006,57,1,81.57,4.060443010546419,0.6931471805599453,4.413646418429337,1,Lost,1.67,Need Attention
17309,96,1,82.75,4.574710978503383,0.6931471805599453,4.427836170705175,1,Lost,1.67,Lost
13395,186,1,307.72,5.231108616854587,0.6931471805599453,5.7324347172293635,1,Lost,1.67,Lost
13466,185,1,307.9,5.225746673713202,0.6931471805599453,5.733017599924536,1,Lost,1.67,Lost
15541,115,1,85.13,4.7535901911063645,0.6931471805599453,4.455857782801083,1,Lost,1.67,Lost
13296,138,1,87.4,4.9344739331306915,0.6931471805599453,4.481871969643598,1,Lost,1.67,Lost
16680,44,1,183.7,3.8066624897703196,0.6931471805599453,5.218732887205194,3,At Risk,1.67,Need Attention
16914,37,1,183.76,3.6375861597263857,0.6931471805599453,5.2190576855624045,3,At Risk,1.67,Need Attention
14436,99,1,89.06,4.605170185988092,0.6931471805599453,4.500476114873425,1,Lost,1.67,Lost
16810,193,1,309.54,5.267858159063328,0.6931471805599453,5.738312717553024,1,Lost,1.67,Lost
14974,38,1,89.94,3.6635616461296463,0.6931471805599453,4.510199948396864,3,At Risk,1.67,Need Attention
14117,144,1,90.0,4.976733742420574,0.6931471805599453,4.51085950651685,1,Lost,1.67,Lost
13672,302,2,186.39,5.713732805509369,1.0986122886681098,5.233192006587575,1,Lost,1.67,Lost
13568,174,1,187.05,5.1647859739235145,0.6931471805599453,5.2367078849163455,1,Lost,1.67,Lost
15488,93,1,91.32,4.543294782270004,0.6931471805599453,4.52526080275979,1,Lost,1.67,Lost
17279,58,1,187.83,4.07753744390572,0.6931471805599453,5.240847139393487,1,Lost,1.67,Need Attention
14697,219,2,188.61,5.393627546352362,1.0986122886681098,5.2449693310461125,1,Lost,1.67,Lost
17991,226,2,93.35,5.424950017481403,1.0986122886681098,4.547011271814559,1,Lost,1.67,Lost
14830,54,1,188.88,4.007333185232471,0.6931471805599453,5.246392293683117,1,Lost,1.67,Need Attention
13990,214,1,311.3,5.3706380281276624,0.6931471805599453,5.7439642642890325,1,Lost,1.67,Lost
13826,177,1,189.5,5.181783550292085,0.6931471805599453,5.249652194566756,1,Lost,1.67,Lost
15412,172,1,190.53,5.153291594497779,0.6931471805599453,5.25504445431457,1,Lost,1.67,Lost
17895,45,1,95.45,3.828641396489095,0.6931471805599453,4.569024739351738,1,Lost,1.67,Need Attention
15216,88,1,96.6,4.48863636973214,0.6931471805599453,4.580877493419047,1,Lost,1.67,Lost
13642,216,1,312.28,5.37989735354046,0.6931471805599453,5.7470973593421455,1,Lost,1.67,Lost
15422,324,2,97.7,5.783825182329737,1.0986122886681098,4.592084946439436,1,Lost,1.67,Lost
17233,36,1,190.88,3.6109179126442243,0.6931471805599453,5.256870176633863,3,At Risk,1.67,Need Attention
15256,149,1,98.45,5.0106352940962555,0.6931471805599453,4.599655005299981,1,Lost,1.67,Lost
17939,160,1,99.14,5.081404364984463,0.6931471805599453,4.606569206901798,1,Lost,1.67,Lost
15909,174,1,191.94,5.1647859739235145,0.6931471805599453,5.262379259742407,1,Lost,1.67,Lost
14100,138,1,191.95,4.9344739331306915,0.6931471805599453,5.262431087983628,1,Lost,1.67,Lost
16344,159,1,101.1,5.075173815233827,0.6931471805599453,4.625952725170619,1,Lost,1.67,Lost
16887,36,1,192.33,3.6109179126442243,0.6931471805599453,5.264398573344411,3,At Risk,1.67,Need Attention
16227,226,1,314.22,5.424950017481403,0.6931471805599453,5.753270807747395,1,Lost,1.67,Lost
14806,76,1,193.39,4.343805421853684,0.6931471805599453,5.269866450374021,1,Lost,1.67,Lost
16193,237,1,314.45,5.472270673671475,0.6931471805599453,5.754000190816819,1,Lost,1.67,Lost
16847,44,1,193.44,3.8066624897703196,0.6931471805599453,5.270123632177254,3,At Risk,1.67,Need Attention
15683,118,1,193.75,4.77912349311153,0.6931471805599453,5.271716684750857,1,Lost,1.67,Lost
16967,190,1,319.02,5.25227342804663,0.6931471805599453,5.768383493840728,1,Lost,1.67,Lost
14622,185,1,320.58,5.225746673713202,0.6931471805599453,5.773246346316266,1,Lost,1.67,Lost
17962,143,1,102.41,4.969813299576001,0.6931471805599453,4.638701669196884,1,Lost,1.67,Lost
17475,80,1,194.37,4.394449154672439,0.6931471805599453,5.274895196603544,1,Lost,1.67,Lost
15746,135,1,196.88,4.912654885736052,0.6931471805599453,5.287660786359508,1,Lost,1.67,Lost
16829,157,1,197.22,5.062595033026967,0.6931471805599453,5.289377524978562,1,Lost,1.67,Lost
18255,90,1,103.3,4.51085950651685,0.6931471805599453,4.647271362006727,1,Lost,1.67,Lost
15958,75,1,104.35,4.330733340286331,0.6931471805599453,4.6572881402501976,1,Lost,1.67,Lost
16178,139,1,197.9,4.941642422609304,0.6931471805599453,5.292802185859927,1,Lost,1.67,Lost
16832,185,3,199.15,5.225746673713202,1.3862943611198906,5.299067085438582,1,Lost,1.67,Lost
17715,201,1,326.4,5.308267697401205,0.6931471805599453,5.791182664937034,1,Lost,1.67,Lost
16415,45,1,200.27,3.828641396489095,0.6931471805599453,5.304647290242906,3,At Risk,1.67,Need Attention
15314,200,1,327.97,5.303304908059076,0.6931471805599453,5.795966561197395,1,Lost,1.67,Lost
14206,240,1,328.16,5.484796933490655,0.6931471805599453,5.796543954737512,1,Lost,1.67,Lost
17693,138,1,200.47,4.9344739331306915,0.6931471805599453,5.305640486927818,1,Lost,1.67,Lost
17274,36,1,107.82,3.6109179126442243,0.6931471805599453,4.689695141057779,3,At Risk,1.67,Need Attention
17889,213,2,201.37,5.365976015021851,1.0986122886681098,5.310097705083568,1,Lost,1.67,Lost
15210,226,1,331.18,5.424950017481403,0.6931471805599453,5.805676990670853,1,Lost,1.67,Lost
14381,53,1,202.68,3.9889840465642745,0.6931471805599453,5.316550134809097,1,Lost,1.67,Need Attention
14345,39,1,108.98,3.6888794541139363,0.6931471805599453,4.700298531079668,3,At Risk,1.67,Need Attention
17891,163,1,203.86,5.099866427824199,0.6931471805599453,5.3223268190083886,1,Lost,1.67,Lost
16363,54,1,109.36,4.007333185232471,0.6931471805599453,4.703747749349085,1,Lost,1.67,Need Attention
13133,274,2,109.8,5.616771097666572,1.0986122886681098,4.707726774313183,1,Lost,1.67,Lost
17836,48,1,110.21,3.8918202981106265,0.6931471805599453,4.71142030583075,1,Lost,1.67,Need Attention
17206,54,1,204.24,4.007333185232471,0.6931471805599453,5.324180026073764,1,Lost,1.67,Need Attention
16792,283,2,110.38,5.648974238161206,1.0986122886681098,4.7129477781615225,1,Lost,1.67,Lost
13513,127,1,205.1,4.852030263919617,0.6931471805599453,5.328361487896413,1,Lost,1.67,Lost
15853,52,1,110.8,3.970291913552122,0.6931471805599453,4.716711560720999,1,Lost,1.67,Need Attention
15537,164,1,110.92,5.10594547390058,0.6931471805599453,4.717784330357226,1,Lost,1.67,Lost
15307,96,1,205.3,4.574710978503383,0.6931471805599453,5.329331420077207,1,Lost,1.67,Lost
14988,212,1,334.54,5.3612921657094255,0.6931471805599453,5.8157411743422545,1,Lost,1.67,Lost
17697,237,1,338.95,5.472270673671475,0.6931471805599453,5.828798547972468,1,Lost,1.67,Lost
17887,130,1,111.35,4.875197323201151,0.6931471805599453,4.721618998631338,1,Lost,1.67,Lost
17900,191,2,112.2,5.2574953720277815,1.0986122886681098,4.729156165769083,1,Lost,1.67,Lost
13737,201,1,339.6,5.308267697401205,0.6931471805599453,5.830708768228588,1,Lost,1.67,Lost
13099,100,1,207.36,4.61512051684126,0.6931471805599453,5.339267352876991,1,Lost,1.67,Lost
15610,52,1,112.46,3.970291913552122,0.6931471805599453,4.731450351898421,1,Lost,1.67,Need Attention
13062,192,1,346.98,5.262690188904886,0.6931471805599453,5.85214500685857,1,Lost,1.67,Lost
13052,213,1,348.15,5.365976015021851,0.6931471805599453,5.8555016292920445,1,Lost,1.67,Lost
15405,190,1,349.1,5.25227342804663,0.6931471805599453,5.85821882796062,1,Lost,1.67,Lost
13887,205,1,349.55,5.327876168789581,0.6931471805599453,5.859503349652977,1,Lost,1.67,Lost
15897,195,2,208.59,5.278114659230517,1.0986122886681098,5.345153241385068,1,Lost,1.67,Lost
15280,173,1,113.12,5.159055299214529,0.6931471805599453,4.737250526345299,1,Lost,1.67,Lost
17514,129,1,208.65,4.867534450455582,0.6931471805599453,5.345439473616771,1,Lost,1.67,Lost
18105,38,1,113.48,3.6635616461296463,0.6931471805599453,4.740400135248196,3,At Risk,1.67,Need Attention
15327,53,1,208.75,3.9889840465642745,0.6931471805599453,5.345916345347316,1,Lost,1.67,Need Attention
13532,34,1,210.31,3.5553480614894135,0.6931471805599453,5.353326249578836,3,At Risk,1.67,Need Attention
12995,86,1,211.32,4.465908118654584,0.6931471805599453,5.358094570583897,1,Lost,1.67,Lost
14582,41,1,114.11,3.7376696182833684,0.6931471805599453,4.74588819292697,3,At Risk,1.67,Need Attention
14652,78,1,114.18,4.3694478524670215,0.6931471805599453,4.7464961220785264,1,Lost,1.67,Lost
13976,207,1,357.98,5.337538079701318,0.6931471805599453,5.8832666766299955,1,Lost,1.67,Lost
16247,171,1,114.56,5.147494476813453,0.6931471805599453,4.749789875598035,1,Lost,1.67,Lost
13271,38,1,211.49,3.6635616461296463,0.6931471805599453,5.358894928433641,3,At Risk,1.67,Need Attention
18027,99,1,115.31,4.605170185988092,0.6931471805599453,4.7562590403509475,1,Lost,1.67,Lost
13067,83,1,115.46,4.430816798843313,0.6931471805599453,4.757547866408974,1,Lost,1.67,Lost
16823,228,1,358.38,5.43372200355424,0.6931471805599453,5.8843803244983075,1,Lost,1.67,Lost
14143,134,1,115.8,4.90527477843843,0.6931471805599453,4.760463070394127,1,Lost,1.67,Lost
16017,48,1,211.88,3.8918202981106265,0.6931471805599453,5.360728626669434,1,Lost,1.67,Need Attention
15866,102,1,211.89,4.634728988229636,0.6931471805599453,5.3607756003876466,1,Lost,1.67,Lost
13877,87,1,117.24,4.477336814478207,0.6931471805599453,4.772716457199891,1,Lost,1.67,Lost
16959,88,1,117.35,4.48863636973214,0.6931471805599453,4.7736463359599925,1,Lost,1.67,Lost
13411,108,1,213.55,4.6913478822291435,0.6931471805599453,5.368542811437534,1,Lost,1.67,Lost
13621,117,1,213.85,4.770684624465665,0.6931471805599453,5.3699401102210045,1,Lost,1.67,Lost
14603,275,1,660.0,5.62040086571715,0.6931471805599453,6.493753839851686,1,Lost,1.67,Lost
14076,130,1,118.67,4.875197323201151,0.6931471805599453,4.784737954585425,1,Lost,1.67,Lost
16377,268,1,676.2,5.594711379601839,0.6931471805599453,6.51796665025898,1,Lost,1.67,Lost
17079,79,1,118.8,4.382026634673881,0.6931471805599453,4.785823685681349,1,Lost,1.67,Lost
16846,51,1,214.32,3.9512437185814275,0.6931471805599453,5.372125293692757,1,Lost,1.67,Need Attention
16338,158,1,214.8,5.0689042022202315,0.6931471805599453,5.374352052824034,1,Lost,1.67,Lost
16542,54,1,119.62,4.007333185232471,0.6931471805599453,4.792645108022841,1,Lost,1.67,Need Attention
15303,291,1,574.02,5.676753802268282,0.6931471805599453,6.354404822801145,1,Lost,1.67,Lost
14259,142,1,120.0,4.962844630259907,0.6931471805599453,4.795790545596741,1,Lost,1.67,Lost
14314,107,1,120.0,4.68213122712422,0.6931471805599453,4.795790545596741,1,Lost,1.67,Lost
16190,41,1,215.08,3.7376696182833684,0.6931471805599453,5.37564870948436,3,At Risk,1.67,Need Attention
13858,58,1,216.17,4.07753744390572,0.6931471805599453,5.38068045697316,1,Lost,1.67,Need Attention
16072,289,1,584.32,5.66988092298052,0.6931471805599453,6.3721587062242255,1,Lost,1.67,Lost
15222,319,1,585.0,5.768320995793772,0.6931471805599453,6.373319789577012,1,Lost,1.67,Lost
13182,46,1,121.18,3.8501476017100584,0.6931471805599453,4.805495367221621,1,Lost,1.67,Need Attention
13244,93,1,121.74,4.543294782270004,0.6931471805599453,4.810068296960951,1,Lost,1.67,Lost
15604,53,1,216.39,3.9889840465642745,0.6931471805599453,5.381692975469088,1,Lost,1.67,Need Attention
13519,79,1,122.75,4.382026634673881,0.6931471805599453,4.8182634014487995,1,Lost,1.67,Lost
15063,214,1,370.8,5.3706380281276624,0.6931471805599453,5.918356075287344,1,Lost,1.67,Lost
12897,205,2,216.5,5.327876168789581,1.0986122886681098,5.382198850528739,1,Lost,1.67,Lost
14288,214,1,426.6,5.3706380281276624,0.6931471805599453,6.05818817915089,1,Lost,1.67,Lost
17148,52,1,124.88,3.970291913552122,0.6931471805599453,4.835329072196206,1,Lost,1.67,Need Attention
15017,34,1,125.58,3.5553480614894135,0.6931471805599453,4.840874519347159,3,At Risk,1.67,Need Attention
14304,223,1,383.45,5.4116460518550396,0.6931471805599453,5.9518137414781895,1,Lost,1.67,Lost
14861,53,1,125.79,3.9889840465642745,0.6931471805599453,4.842532174539857,1,Lost,1.67,Need Attention
13270,367,1,590.0,5.908082938168931,0.6931471805599453,6.3818160174060985,1,Lost,1.67,Lost
15442,249,1,594.0,5.521460917862246,0.6931471805599453,6.38856140554563,1,Lost,1.67,Lost
15578,163,1,127.1,5.099866427824199,0.6931471805599453,4.852811208902689,1,Lost,1.67,Lost
16634,223,2,217.9,5.4116460518550396,1.0986122886681098,5.388615004528817,1,Lost,1.67,Lost
14570,281,2,218.06,5.641907070938114,1.0986122886681098,5.3893456648956,1,Lost,1.67,Lost
14022,226,1,440.0,5.424950017481403,0.6931471805599453,6.089044875446846,1,Lost,1.67,Lost
15724,202,2,218.25,5.313205979041787,1.0986122886681098,5.390212631252292,1,Lost,1.67,Lost
15096,43,1,219.39,3.784189633918261,0.6931471805599453,5.3953987041986,3,At Risk,1.67,Need Attention
15844,47,1,130.74,3.871201010907891,0.6931471805599453,4.880830283212547,1,Lost,1.67,Need Attention
14795,167,1,131.45,5.123963979403259,0.6931471805599453,4.886205215718078,1,Lost,1.67,Lost
14149,221,1,446.62,5.402677381872279,0.6931471805599453,6.103944658191983,1,Lost,1.67,Lost
12851,97,1,131.81,4.584967478670572,0.6931471805599453,4.8889195354121595,1,Lost,1.67,Lost
13485,234,1,454.24,5.459585514144159,0.6931471805599453,6.120824752413689,1,Lost,1.67,Lost
17785,54,1,131.94,4.007333185232471,0.6931471805599453,4.889897898613436,1,Lost,1.67,Need Attention
16529,191,1,455.25,5.2574953720277815,0.6931471805599453,6.123040904896701,1,Lost,1.67,Lost
13398,193,1,457.34,5.267858159063328,0.6931471805599453,6.127611266781323,1,Lost,1.67,Lost
14598,45,1,221.97,3.828641396489095,0.6931471805599453,5.40703723326228,3,At Risk,1.67,Need Attention
17534,54,1,223.36,4.007333185232471,0.6931471805599453,5.413251904640136,1,Lost,1.67,Need Attention
12837,174,1,134.1,5.1647859739235145,0.6931471805599453,4.906015244966153,1,Lost,1.67,Lost
14174,34,1,134.46,3.5553480614894135,0.6931471805599453,4.908676393786758,3,At Risk,1.67,Need Attention
15637,53,1,223.36,3.9889840465642745,0.6931471805599453,5.413251904640136,1,Lost,1.67,Need Attention
15175,72,1,224.14,4.290459441148391,0.6931471805599453,5.416722430926658,1,Lost,1.67,Lost
16022,261,1,602.63,5.568344503761097,0.6931471805599453,6.402961427447865,1,Lost,1.67,Lost
13364,72,1,134.96,4.290459441148391,0.6931471805599453,4.9123607248279155,1,Lost,1.67,Lost
14489,208,1,463.38,5.342334251964811,0.6931471805599453,6.14070318257422,1,Lost,1.67,Lost
16586,249,1,463.95,5.521460917862246,0.6931471805599453,6.141929872924206,1,Lost,1.67,Lost
14357,44,1,225.12,3.8066624897703196,0.6931471805599453,5.42106583180709,3,At Risk,1.67,Need Attention
16114,171,1,135.75,5.147494476813453,0.6931471805599453,4.91815444130209,1,Lost,1.67,Lost
14431,303,1,470.36,5.717027701406222,0.6931471805599453,6.1556221332742656,1,Lost,1.67,Lost
16718,370,1,606.05,5.916202062607435,0.6931471805599453,6.408611159989984,1,Lost,1.67,Lost
12968,113,1,135.95,4.736198448394496,0.6931471805599453,4.919615895709087,1,Lost,1.67,Lost
16412,54,1,135.99,4.007333185232471,0.6931471805599453,4.919907930463299,1,Lost,1.67,Need Attention
14497,310,1,475.37,5.739792912179234,0.6931471805599453,6.166194863206115,1,Lost,1.67,Lost
18176,359,1,476.35,5.886104031450156,0.6931471805599453,6.168249974444042,1,Lost,1.67,Lost
13357,258,1,609.4,5.556828061699537,0.6931471805599453,6.414114479970247,1,Lost,1.67,Lost
15836,51,1,137.37,3.9512437185814275,0.6931471805599453,4.929931256681293,1,Lost,1.67,Need Attention
17709,170,1,137.45,5.14166355650266,0.6931471805599453,4.9305092496169705,1,Lost,1.67,Lost
13279,79,1,137.75,4.382026634673881,0.6931471805599453,4.932673752626544,1,Lost,1.67,Lost
16050,174,1,137.9,5.1647859739235145,0.6931471805599453,4.933754249760298,1,Lost,1.67,Lost
15663,107,1,138.14,4.68213122712422,0.6931471805599453,4.935480620495495,1,Lost,1.67,Lost
16812,361,1,479.35,5.8916442118257715,0.6931471805599453,6.174515004855747,1,Lost,1.67,Lost
17122,120,1,138.32,4.795790545596741,0.6931471805599453,4.9367734454978,1,Lost,1.67,Lost
14130,320,1,480.91,5.771441123130016,0.6931471805599453,6.177757374624178,1,Lost,1.67,Lost
13273,114,1,138.98,4.74493212836325,0.6931471805599453,4.941499555261394,1,Lost,1.67,Lost
15109,246,1,484.95,5.5093883366279774,0.6931471805599453,6.18610573794948,1,Lost,1.67,Lost
14772,113,1,139.26,4.736198448394496,0.6931471805599453,4.943497843108764,1,Lost,1.67,Lost
16643,246,1,487.51,5.5093883366279774,0.6931471805599453,6.191359942102381,1,Lost,1.67,Lost
16527,82,1,228.06,4.418840607796598,0.6931471805599453,5.43398397796957,1,Lost,1.67,Lost
17347,87,1,228.96,4.477336814478207,0.6931471805599453,5.43790538075509,1,Lost,1.67,Lost
18074,374,1,489.6,5.926926025970411,0.6931471805599453,6.195629131824389,1,Lost,1.67,Lost
17499,290,1,622.88,5.673323267171493,0.6931471805599453,6.435958042183625,1,Lost,1.67,Lost
14270,332,1,492.65,5.808142489980444,0.6931471805599453,6.201826764057459,1,Lost,1.67,Lost
15386,187,1,394.14,5.236441962829949,0.6931471805599453,5.979240132485259,1,Lost,1.67,Lost
15448,313,1,494.64,5.749392985908253,0.6931471805599453,6.2058498567482925,1,Lost,1.67,Lost
16287,170,1,142.5,5.14166355650266,0.6931471805599453,4.966335035199676,1,Lost,1.67,Lost
15147,241,1,623.5,5.488937726156687,0.6931471805599453,6.436951329565632,1,Lost,1.67,Lost
16461,178,1,142.92,5.187385805840755,0.6931471805599453,4.969257589642278,1,Lost,1.67,Lost
17125,51,1,230.5,3.9512437185814275,0.6931471805599453,5.444579873526289,1,Lost,1.67,Need Attention
16445,34,1,230.51,3.5553480614894135,0.6931471805599453,5.444623069137621,3,At Risk,1.67,Need Attention
14109,73,1,144.2,4.30406509320417,0.6931471805599453,4.978112102390695,1,Lost,1.67,Lost
15748,41,1,144.36,3.7376696182833684,0.6931471805599453,4.979213424087916,3,At Risk,1.67,Need Attention
16641,106,1,231.1,4.672828834461906,0.6931471805599453,5.447168313280391,1,Lost,1.67,Lost
17111,48,1,231.61,3.8918202981106265,0.6931471805599453,5.449363231421816,1,Lost,1.67,Need Attention
14036,285,1,626.65,5.655991810819852,0.6931471805599453,6.441982686264217,1,Lost,1.67,Lost
13866,75,1,145.67,4.330733340286331,0.6931471805599453,4.988185165258664,1,Lost,1.67,Lost
13936,180,1,376.58,5.198497031265826,0.6931471805599453,5.933782466766897,1,Lost,1.67,Lost
13678,152,1,232.6,5.030437921392435,0.6931471805599453,5.453610250954072,1,Lost,1.67,Lost
12864,139,1,147.12,4.941642422609304,0.6931471805599453,4.998022756045412,1,Lost,1.67,Lost
14098,37,1,147.35,3.6375861597263857,0.6931471805599453,4.999574346736831,3,At Risk,1.67,Need Attention
18262,141,1,149.48,4.955827057601261,0.6931471805599453,5.013830184992774,1,Lost,1.67,Lost
17946,234,2,149.58,5.459585514144159,1.0986122886681098,5.014494504421976,1,Lost,1.67,Lost
15869,278,2,149.64,5.631211781821365,1.0986122886681098,5.014892884348897,1,Lost,1.67,Lost
16302,127,1,233.22,4.852030263919617,0.6931471805599453,5.4562608446139915,1,Lost,1.67,Lost
16932,54,1,150.23,4.007333185232471,0.6931471805599453,5.018801856762649,1,Lost,1.67,Need Attention
12988,293,1,505.82,5.683579767338681,0.6931471805599453,6.228155910967461,1,Lost,1.67,Lost
18200,107,1,150.35,4.68213122712422,0.6931471805599453,5.019595035467727,1,Lost,1.67,Lost
16337,37,1,151.05,3.6375861597263857,0.6931471805599453,5.024209414123374,3,At Risk,1.67,Need Attention
13697,39,1,151.3,3.6888794541139363,0.6931471805599453,5.025852259901116,3,At Risk,1.67,Need Attention
14888,208,1,369.2,5.342334251964811,0.6931471805599453,5.914043400139397,1,Lost,1.67,Lost
14208,95,1,151.74,4.564348191467836,0.6931471805599453,5.0287371294602385,1,Lost,1.67,Lost
16961,117,1,234.17,4.770684624465665,0.6931471805599453,5.46030865686874,1,Lost,1.67,Lost
14039,34,1,152.2,3.5553480614894135,0.6931471805599453,5.0317442573064906,3,At Risk,1.67,Need Attention
13514,74,1,152.2,4.31748811353631,0.6931471805599453,5.0317442573064906,1,Lost,1.67,Lost
17707,186,2,152.4,5.231108616854587,1.0986122886681098,5.0330488889331555,1,Lost,1.67,Lost
13043,274,1,516.42,5.616771097666572,0.6931471805599453,6.248854923817375,1,Lost,1.67,Lost
16135,263,1,517.55,5.575949103146316,0.6931471805599453,6.251036455035743,1,Lost,1.67,Lost
17984,146,1,152.68,4.990432586778736,0.6931471805599453,5.034872518460301,1,Lost,1.67,Lost
14813,370,2,152.88,5.916202062607435,1.0986122886681098,5.0361730778840945,1,Lost,1.67,Lost
16026,44,1,236.09,3.8066624897703196,0.6931471805599453,5.468439815884993,3,At Risk,1.67,Need Attention
16319,218,1,404.4,5.389071729816501,0.6931471805599453,6.004874234017899,1,Lost,1.67,Lost
16947,236,1,406.48,5.4680601411351315,0.6931471805599453,6.009991851721866,1,Lost,1.67,Lost
18159,302,1,530.15,5.713732805509369,0.6931471805599453,6.275044467226023,1,Lost,1.67,Lost
17899,160,1,154.55,5.081404364984463,0.6931471805599453,5.046967223343646,1,Lost,1.67,Lost
17026,186,2,154.83,5.231108616854587,1.0986122886681098,5.048765669457524,1,Lost,1.67,Lost
15740,50,1,154.88,3.9318256327243257,0.6931471805599453,5.049086480470509,1,Lost,1.67,Need Attention
13385,330,1,534.57,5.802118375377063,0.6931471805599453,6.283331600299074,1,Lost,1.67,Lost
15415,314,1,559.61,5.752572638825633,0.6931471805599453,6.329025476602274,1,Lost,1.67,Lost
13044,292,1,560.47,5.680172609017068,0.6931471805599453,6.330558344434147,1,Lost,1.67,Lost
15655,244,1,560.67,5.501258210544727,0.6931471805599453,6.330914488818843,1,Lost,1.67,Lost
17832,50,1,155.37,3.9318256327243257,0.6931471805599453,5.052224993855419,1,Lost,1.67,Need Attention
15225,235,1,409.4,5.4638318050256105,0.6931471805599453,6.01713229385656,1,Lost,1.67,Lost
17291,309,1,550.8,5.736572297479192,0.6931471805599453,6.313185661783185,1,Lost,1.67,Lost
15263,107,1,156.51,4.68213122712422,0.6931471805599453,5.059488948313644,1,Lost,1.67,Lost
15438,132,1,156.58,4.890349128221754,0.6931471805599453,5.059933265817542,1,Lost,1.67,Lost
14406,120,1,156.75,4.795790545596741,0.6931471805599453,5.061011501421323,1,Lost,1.67,Lost
15007,160,1,156.91,5.081404364984463,0.6931471805599453,5.062025250478552,1,Lost,1.67,Lost
17877,171,1,237.61,5.147494476813453,0.6931471805599453,5.474830419933934,1,Lost,1.67,Lost
14585,51,1,157.05,3.9512437185814275,0.6931471805599453,5.062911438661627,1,Lost,1.67,Need Attention
16142,250,1,535.34,5.5254529391317835,0.6931471805599453,6.284768288327816,1,Lost,1.67,Lost
17684,44,1,239.41,3.8066624897703196,0.6931471805599453,5.482345799133678,3,At Risk,1.67,Need Attention
17344,47,1,157.62,3.871201010907891,0.6931471805599453,5.066511404655174,1,Lost,1.67,Need Attention
14799,52,1,157.7,3.970291913552122,0.6931471805599453,5.0670156275323635,1,Lost,1.67,Need Attention
13800,310,1,558.32,5.739792912179234,0.6931471805599453,6.32672176017265,1,Lost,1.67,Lost
17051,195,1,240.89,5.278114659230517,0.6931471805599453,5.48848307736504,1,Lost,1.67,Lost
15348,73,1,158.04,4.30406509320417,0.6931471805599453,5.069155742908264,1,Lost,1.67,Lost
16834,228,1,413.46,5.43372200355424,0.6931471805599453,6.026976468109342,1,Lost,1.67,Lost
13874,359,1,540.45,5.886104031450156,0.6931471805599453,6.294250726074389,1,Lost,1.67,Lost
14089,57,1,158.75,4.060443010546419,0.6931471805599453,5.073610093257644,1,Lost,1.67,Need Attention
17278,242,1,246.04,5.493061443340548,0.6931471805599453,5.509550266836412,1,Lost,1.33,Lost
16510,373,1,248.1,5.924255797414532,0.6931471805599453,5.517854422268135,1,Lost,1.33,Lost
16124,318,1,249.0,5.765191102784844,0.6931471805599453,5.521460917862246,1,Lost,1.33,Lost
17456,366,1,249.86,5.905361848054571,0.6931471805599453,5.524895014596528,1,Lost,1.33,Lost
15510,331,1,250.0,5.805134968916488,0.6931471805599453,5.5254529391317835,1,Lost,1.33,Lost
13120,239,1,30.6,5.480638923341991,0.6931471805599453,3.4531571205928664,1,Lost,1.33,Lost
17303,362,1,250.04,5.8944028342648505,0.6931471805599453,5.525612288984722,1,Lost,1.33,Lost
13512,261,1,251.21,5.568344503761097,0.6931471805599453,5.530262073815315,1,Lost,1.33,Lost
13229,226,1,160.95,5.424950017481403,0.6931471805599453,5.087287645617338,1,Lost,1.33,Lost
16976,268,1,251.52,5.594711379601839,0.6931471805599453,5.5314904534994245,1,Lost,1.33,Lost
16113,184,1,161.38,5.220355825078324,0.6931471805599453,5.089939267434301,1,Lost,1.33,Lost
15346,333,1,252.42,5.811140992976701,0.6931471805599453,5.5350481913707625,1,Lost,1.33,Lost
15019,267,1,252.81,5.5909869805108565,0.6931471805599453,5.536585955607315,1,Lost,1.33,Lost
16727,365,1,256.32,5.902633333401366,0.6931471805599453,5.550320446542799,1,Lost,1.33,Lost
13626,253,1,257.23,5.537334267018537,0.6931471805599453,5.5538506606638975,1,Lost,1.33,Lost
16659,190,1,39.12,5.25227342804663,0.6931471805599453,3.691874963093735,1,Lost,1.33,Lost
13973,288,1,264.7,5.666426688112432,0.6931471805599453,5.582367852765768,1,Lost,1.33,Lost
17968,374,1,265.1,5.926926025970411,0.6931471805599453,5.583872177983643,1,Lost,1.33,Lost
14068,321,1,265.85,5.7745515455444085,0.6931471805599453,5.586686702779954,1,Lost,1.33,Lost
15119,246,1,266.4,5.5093883366279774,0.6931471805599453,5.588745664667843,1,Lost,1.33,Lost
15408,265,1,267.18,5.583496308781699,0.6931471805599453,5.591658396851496,1,Lost,1.33,Lost
14727,275,1,268.58,5.62040086571715,0.6931471805599453,5.596865192310124,1,Lost,1.33,Lost
13080,180,1,58.08,5.198497031265826,0.6931471805599453,4.078892457663179,1,Lost,1.33,Lost
17367,239,1,167.55,5.480638923341991,0.6931471805599453,5.12723244168007,1,Lost,1.33,Lost
17251,363,1,269.83,5.8971538676367405,0.6931471805599453,5.601491317767735,1,Lost,1.33,Lost
18108,255,1,271.0,5.545177444479562,0.6931471805599453,5.605802066295998,1,Lost,1.33,Lost
13682,188,1,59.5,5.241747015059643,0.6931471805599453,4.102643365036796,1,Lost,1.33,Lost
13391,204,1,59.8,5.3230099791384085,0.6931471805599453,4.107589788972121,1,Lost,1.33,Lost
17496,359,1,271.05,5.886104031450156,0.6931471805599453,5.605985872931934,1,Lost,1.33,Lost
17174,218,1,59.9,5.389071729816501,0.6931471805599453,4.109233174715851,1,Lost,1.33,Lost
13803,256,1,277.07,5.54907608489522,0.6931471805599453,5.627872880555851,1,Lost,1.33,Lost
17263,209,1,63.44,5.3471075307174685,0.6931471805599453,4.165734558308774,1,Lost,1.33,Lost
14350,275,1,282.93,5.62040086571715,0.6931471805599453,5.6487277289070565,1,Lost,1.33,Lost
13439,256,1,283.71,5.54907608489522,0.6931471805599453,5.651471118359793,1,Lost,1.33,Lost
17245,205,1,171.45,5.327876168789581,0.6931471805599453,5.15010733938285,1,Lost,1.33,Lost
13121,270,1,283.73,5.602118820879701,0.6931471805599453,5.6515413628105104,1,Lost,1.33,Lost
13708,272,1,285.33,5.60947179518496,0.6931471805599453,5.657144991804844,1,Lost,1.33,Lost
14549,312,1,289.24,5.746203190540153,0.6931471805599453,5.670708166926771,1,Lost,1.33,Lost
16125,368,1,289.35,5.910796644040527,0.6931471805599453,5.671087091818059,1,Lost,1.33,Lost
17551,360,1,290.34,5.8888779583328805,0.6931471805599453,5.674490970020802,1,Lost,1.33,Lost
14393,219,1,67.95,5.393627546352362,0.6931471805599453,4.233381604239311,1,Lost,1.33,Lost
15279,355,1,290.51,5.87493073085203,0.6931471805599453,5.675074310519458,1,Lost,1.33,Lost
16721,263,1,292.47,5.575949103146316,0.6931471805599453,5.681775419393111,1,Lost,1.33,Lost
13686,183,1,72.0,5.214935757608986,0.6931471805599453,4.290459441148391,1,Lost,1.33,Lost
13751,289,1,296.25,5.66988092298052,0.6931471805599453,5.694573535570891,1,Lost,1.33,Lost
17582,237,1,175.27,5.472270673671475,0.6931471805599453,5.1720169104318625,1,Lost,1.33,Lost
12881,276,1,298.0,5.6240175061873385,0.6931471805599453,5.700443573390687,1,Lost,1.33,Lost
17678,264,1,298.11,5.579729825986222,0.6931471805599453,5.700811398711247,1,Lost,1.33,Lost
16610,220,1,75.66,5.3981627015177525,0.6931471805599453,4.339380059952409,1,Lost,1.33,Lost
13304,352,1,300.42,5.8664680569332965,0.6931471805599453,5.7085046409915305,1,Lost,1.33,Lost
14762,264,1,300.52,5.579729825986222,0.6931471805599453,5.70883634895888,1,Lost,1.33,Lost
17978,366,1,300.92,5.905361848054571,0.6931471805599453,5.71016208162024,1,Lost,1.33,Lost
15292,202,1,178.39,5.313205979041787,0.6931471805599453,5.189562206710999,1,Lost,1.33,Lost
16297,269,1,301.9,5.598421958998375,0.6931471805599453,5.713402718033191,1,Lost,1.33,Lost
17094,323,1,302.0,5.780743515792329,0.6931471805599453,5.713732805509369,1,Lost,1.33,Lost
15668,218,1,76.32,5.389071729816501,0.6931471805599453,4.34795265434013,1,Lost,1.33,Lost
14248,319,1,302.58,5.768320995793772,0.6931471805599453,5.715645167198713,1,Lost,1.33,Lost
16425,303,1,302.7,5.717027701406222,0.6931471805599453,5.716040372051703,1,Lost,1.33,Lost
16990,219,1,179.0,5.393627546352362,0.6931471805599453,5.19295685089021,1,Lost,1.33,Lost
14705,199,1,179.0,5.298317366548036,0.6931471805599453,5.19295685089021,1,Lost,1.33,Lost
17732,373,1,303.97,5.924255797414532,0.6931471805599453,5.7202134111139475,1,Lost,1.33,Lost
18185,250,1,304.25,5.5254529391317835,0.6931471805599453,5.721131112990814,1,Lost,1.33,Lost
13863,248,1,305.78,5.517452896464707,0.6931471805599453,5.726130878319963,1,Lost,1.33,Lost
13747,374,1,79.6,5.926926025970411,0.6931471805599453,4.389498649512583,1,Lost,1.33,Lost
15087,282,1,306.94,5.645446897643238,0.6931471805599453,5.7299049588017725,1,Lost,1.33,Lost
13932,295,1,307.4,5.69035945432406,0.6931471805599453,5.731397641689174,1,Lost,1.33,Lost
18281,181,1,80.82,5.204006687076795,0.6931471805599453,4.404521712501253,1,Lost,1.33,Lost
13060,254,1,307.53,5.541263545158426,0.6931471805599453,5.731819083350057,1,Lost,1.33,Lost
15729,213,1,85.0,5.365976015021851,0.6931471805599453,4.454347296253507,1,Lost,1.33,Lost
16448,199,1,182.99,5.298317366548036,0.6931471805599453,5.214881408306002,1,Lost,1.33,Lost
15973,367,1,307.82,5.908082938168931,0.6931471805599453,5.732758582892719,1,Lost,1.33,Lost
13369,366,1,308.28,5.905361848054571,0.6931471805599453,5.734247015460021,1,Lost,1.33,Lost
14339,243,1,309.52,5.497168225293202,0.6931471805599453,5.73824831153748,1,Lost,1.33,Lost
15552,218,1,90.12,5.389071729816501,0.6931471805599453,4.512177319138927,1,Lost,1.33,Lost
14924,246,1,310.05,5.5093883366279774,0.6931471805599453,5.739953670961029,1,Lost,1.33,Lost
13482,233,1,184.64,5.455321115357702,0.6931471805599453,5.223809314372975,1,Lost,1.33,Lost
14311,243,1,310.26,5.497168225293202,0.6931471805599453,5.740628575776864,1,Lost,1.33,Lost
14199,219,1,185.4,5.393627546352362,0.6931471805599453,5.2278949022514904,1,Lost,1.33,Lost
15308,275,1,310.47,5.62040086571715,0.6931471805599453,5.741303025403381,1,Lost,1.33,Lost
14353,216,1,90.6,5.37989735354046,0.6931471805599453,4.517431271680085,1,Lost,1.33,Lost
16781,373,1,311.25,5.924255797414532,0.6931471805599453,5.743804149005687,1,Lost,1.33,Lost
12821,215,1,92.72,5.375278407684165,0.6931471805599453,4.540311613639595,1,Lost,1.33,Lost
18227,218,1,93.75,5.389071729816501,0.6931471805599453,4.5512418439625355,1,Lost,1.33,Lost
12852,295,1,311.55,5.69035945432406,0.6931471805599453,5.744764456377822,1,Lost,1.33,Lost
13663,180,1,189.47,5.198497031265826,0.6931471805599453,5.249494701850468,1,Lost,1.33,Lost
15326,334,1,311.71,5.814130531825066,0.6931471805599453,5.74527624348556,1,Lost,1.33,Lost
14142,374,1,311.81,5.926926025970411,0.6931471805599453,5.745595977469612,1,Lost,1.33,Lost
17349,180,1,98.25,5.198497031265826,0.6931471805599453,4.5976419195673,1,Lost,1.33,Lost
12834,283,1,312.38,5.648974238161206,0.6931471805599453,5.7474165116762626,1,Lost,1.33,Lost
14729,374,1,313.49,5.926926025970411,0.6931471805599453,5.750952279132591,1,Lost,1.33,Lost
13484,242,1,313.8,5.493061443340548,0.6931471805599453,5.751937516543248,1,Lost,1.33,Lost
13101,235,1,101.19,5.4638318050256105,0.6931471805599453,4.626833825624118,1,Lost,1.33,Lost
15970,304,1,314.1,5.720311776607412,0.6931471805599453,5.752890048763229,1,Lost,1.33,Lost
16006,212,1,101.4,5.3612921657094255,0.6931471805599453,4.628886712605407,1,Lost,1.33,Lost
13494,312,1,316.26,5.746203190540153,0.6931471805599453,5.759721626980309,1,Lost,1.33,Lost
15204,358,1,316.58,5.883322388488279,0.6931471805599453,5.760729755097951,1,Lost,1.33,Lost
15257,284,1,317.15,5.652489180268651,0.6931471805599453,5.762522969678801,1,Lost,1.33,Lost
16096,265,1,320.62,5.583496308781699,0.6931471805599453,5.773370724425878,1,Lost,1.33,Lost
14542,186,1,103.25,5.231108616854587,0.6931471805599453,4.646791860678911,1,Lost,1.33,Lost
17548,234,1,103.3,5.459585514144159,0.6931471805599453,4.647271362006727,1,Lost,1.33,Lost
15236,299,1,321.05,5.703782474656201,0.6931471805599453,5.7747068129929,1,Lost,1.33,Lost
17976,373,1,321.79,5.924255797414532,0.6931471805599453,5.7770019569816125,1,Lost,1.33,Lost
15944,277,1,325.1,5.627621113690637,0.6931471805599453,5.787204082795274,1,Lost,1.33,Lost
14850,312,1,325.75,5.746203190540153,0.6931471805599453,5.789195352504331,1,Lost,1.33,Lost
17987,186,1,198.57,5.231108616854587,0.6931471805599453,5.2961650519798935,1,Lost,1.33,Lost
16581,183,1,105.84,5.214935757608986,0.6931471805599453,4.67133238824176,1,Lost,1.33,Lost
13723,218,1,199.85,5.389071729816501,0.6931471805599453,5.302558360805291,1,Lost,1.33,Lost
15363,373,1,326.0,5.924255797414532,0.6931471805599453,5.7899601708972535,1,Lost,1.33,Lost
14870,262,1,327.25,5.572154032177765,0.6931471805599453,5.793775513182905,1,Lost,1.33,Lost
17893,226,1,107.21,5.424950017481403,0.6931471805599453,4.684073783583557,1,Lost,1.33,Lost
14747,250,1,328.2,5.5254529391317835,0.6931471805599453,5.796665468802915,1,Lost,1.33,Lost
14012,278,1,328.8,5.631211781821365,0.6931471805599453,5.7984864101254985,1,Lost,1.33,Lost
15880,370,1,329.03,5.916202062607435,0.6931471805599453,5.799183559419454,1,Lost,1.33,Lost
13239,262,1,329.56,5.572154032177765,0.6931471805599453,5.800788185931274,1,Lost,1.33,Lost
16965,227,1,201.19,5.429345628954441,0.6931471805599453,5.309207849379209,1,Lost,1.33,Lost
13706,303,1,330.79,5.717027701406222,0.6931471805599453,5.8045022386644325,1,Lost,1.33,Lost
17862,324,1,330.9,5.783825182329737,0.6931471805599453,5.804833718725929,1,Lost,1.33,Lost
16030,310,1,331.24,5.739792912179234,0.6931471805599453,5.805857599322498,1,Lost,1.33,Lost
14699,215,1,109.13,5.375278407684165,0.6931471805599453,4.701661486176852,1,Lost,1.33,Lost
16850,334,1,332.41,5.814130531825066,0.6931471805599453,5.809372963868082,1,Lost,1.33,Lost
17394,220,1,203.87,5.3981627015177525,0.6931471805599453,5.3223756316411075,1,Lost,1.33,Lost
17187,227,1,203.95,5.429345628954441,0.6931471805599453,5.322766046950346,1,Lost,1.33,Lost
16963,188,1,110.55,5.241747015059643,0.6931471805599453,4.714472920878541,1,Lost,1.33,Lost
16625,275,1,333.08,5.62040086571715,0.6931471805599453,5.811380485254219,1,Lost,1.33,Lost
13216,268,1,333.74,5.594711379601839,0.6931471805599453,5.813354111085492,1,Lost,1.33,Lost
18120,215,1,111.15,5.375278407684165,0.6931471805599453,4.719837260966218,1,Lost,1.33,Lost
16063,261,1,335.32,5.568344503761097,0.6931471805599453,5.818063087688587,1,Lost,1.33,Lost
17670,228,1,205.7,5.43372200355424,0.6931471805599453,5.331268466687723,1,Lost,1.33,Lost
16105,249,1,336.96,5.521460917862246,0.6931471805599453,5.822927545284644,1,Lost,1.33,Lost
14271,226,1,112.32,5.424950017481403,0.6931471805599453,4.730215674962316,1,Lost,1.33,Lost
15047,270,1,343.62,5.602118820879701,0.6931471805599453,5.842442360714953,1,Lost,1.33,Lost
15925,195,1,207.15,5.278114659230517,0.6931471805599453,5.3382589736409845,1,Lost,1.33,Lost
17569,333,1,344.14,5.811140992976701,0.6931471805599453,5.843950131819433,1,Lost,1.33,Lost
14633,267,1,344.9,5.5909869805108565,0.6931471805599453,5.846149715943123,1,Lost,1.33,Lost
16323,197,1,207.5,5.288267030694535,0.6931471805599453,5.339939041238856,1,Lost,1.33,Lost
16159,282,1,348.2,5.645446897643238,0.6931471805599453,5.855644823965447,1,Lost,1.33,Lost
18250,311,1,349.27,5.7430031878094825,0.6931471805599453,5.858704285656805,1,Lost,1.33,Lost
14689,209,1,112.8,5.3471075307174685,0.6931471805599453,4.73444252169223,1,Lost,1.33,Lost
16457,219,1,208.36,5.393627546352362,0.6931471805599453,5.34405525822189,1,Lost,1.33,Lost
13108,373,1,350.06,5.924255797414532,0.6931471805599453,5.8609571490281995,1,Lost,1.33,Lost
13740,241,1,350.75,5.488937726156687,0.6931471805599453,5.862920695994498,1,Lost,1.33,Lost
17217,235,1,113.5,5.4638318050256105,0.6931471805599453,4.740574822994295,1,Lost,1.33,Lost
15789,359,1,351.3,5.886104031450156,0.6931471805599453,5.864483085347192,1,Lost,1.33,Lost
16274,374,1,351.75,5.926926025970411,0.6931471805599453,5.865759590732924,1,Lost,1.33,Lost
14972,129,1,114.77,4.867534450455582,0.6931471805599453,4.751605464217637,1,Lost,1.33,Lost
17601,240,1,116.01,5.484796933490655,0.6931471805599453,4.7622594012308666,1,Lost,1.33,Lost
16769,261,1,361.54,5.568344503761097,0.6931471805599453,5.893134813034773,1,Lost,1.33,Lost
18056,289,1,363.65,5.66988092298052,0.6931471805599453,5.898937989430242,1,Lost,1.33,Lost
16509,297,1,363.7,5.697093486505405,0.6931471805599453,5.8990750978146345,1,Lost,1.33,Lost
14886,253,1,364.8,5.537334267018537,0.6931471805599453,5.9020867359567655,1,Lost,1.33,Lost
14241,184,1,213.7,5.220355825078324,0.6931471805599453,5.369241704884735,1,Lost,1.33,Lost
16795,366,1,414.88,5.905361848054571,0.6931471805599453,6.030396757109769,1,Lost,1.33,Lost
15090,309,1,381.32,5.736572297479192,0.6931471805599453,5.946257954269902,1,Lost,1.33,Lost
15922,374,1,369.5,5.926926025970411,0.6931471805599453,5.914853444736141,1,Lost,1.33,Lost
13166,284,1,417.2,5.652489180268651,0.6931471805599453,6.035959786994534,1,Lost,1.33,Lost
14453,191,1,119.93,5.2574953720277815,0.6931471805599453,4.795211865797184,1,Lost,1.33,Lost
13615,319,1,417.69,5.768320995793772,0.6931471805599453,6.037130789291114,1,Lost,1.33,Lost
17701,253,1,417.95,5.537334267018537,0.6931471805599453,6.037751581059295,1,Lost,1.33,Lost
15361,362,1,418.92,5.8944028342648505,0.6931471805599453,6.040064216944044,1,Lost,1.33,Lost
18106,330,1,421.9,5.802118375377063,0.6931471805599453,6.047135744478443,1,Lost,1.33,Lost
17525,360,1,422.7,5.8888779583328805,0.6931471805599453,6.049025657632513,1,Lost,1.33,Lost
16849,187,1,124.57,5.236441962829949,0.6931471805599453,4.8328633720008725,1,Lost,1.33,Lost
17239,313,1,382.5,5.749392985908253,0.6931471805599453,5.949339620807311,1,Lost,1.33,Lost
16084,300,1,436.18,5.707110264748875,0.6931471805599453,6.0803450096018565,1,Lost,1.33,Lost
13358,269,1,439.03,5.598421958998375,0.6931471805599453,6.086842906406214,1,Lost,1.33,Lost
16611,187,1,129.49,5.236441962829949,0.6931471805599453,4.871296595474155,1,Lost,1.33,Lost
18233,326,1,440.0,5.7899601708972535,0.6931471805599453,6.089044875446846,1,Lost,1.33,Lost
17455,204,1,131.7,5.3230099791384085,0.6931471805599453,4.888090941338162,1,Lost,1.33,Lost
17140,248,1,454.12,5.517452896464707,0.6931471805599453,6.1205611204423915,1,Lost,1.33,Lost
16424,192,1,133.56,5.262690188904886,0.6931471805599453,4.902010196224638,1,Lost,1.33,Lost
14280,197,1,134.04,5.288267030694535,0.6931471805599453,4.905571030847647,1,Lost,1.33,Lost
17880,365,1,458.92,5.902633333401366,0.6931471805599453,6.131052561315036,1,Lost,1.33,Lost
12945,289,1,462.95,5.66988092298052,0.6931471805599453,6.139776787799188,1,Lost,1.33,Lost
14340,219,1,134.7,5.393627546352362,0.6931471805599453,4.9104465668408235,1,Lost,1.33,Lost
17438,254,1,388.45,5.541263545158426,0.6931471805599453,5.9647354873659575,1,Lost,1.33,Lost
16055,221,1,134.8,5.402677381872279,0.6931471805599453,4.911183215124596,1,Lost,1.33,Lost
13345,288,1,389.5,5.666426688112432,0.6931471805599453,5.967427969279741,1,Lost,1.33,Lost
15042,200,1,135.93,5.303304908059076,0.6931471805599453,4.919469846344143,1,Lost,1.33,Lost
16587,233,1,225.15,5.455321115357702,0.6931471805599453,5.421198495923853,1,Lost,1.33,Lost
12982,243,1,390.54,5.497168225293202,0.6931471805599453,5.970087681348397,1,Lost,1.33,Lost
16917,277,1,391.52,5.627621113690637,0.6931471805599453,5.972587491338293,1,Lost,1.33,Lost
15135,240,1,139.05,5.484796933490655,0.6931471805599453,4.941999501706118,1,Lost,1.33,Lost
17718,233,1,139.35,5.455321115357702,0.6931471805599453,4.9441393028078915,1,Lost,1.33,Lost
16483,193,1,139.35,5.267858159063328,0.6931471805599453,4.9441393028078915,1,Lost,1.33,Lost
12873,283,1,374.0,5.648974238161206,0.6931471805599453,5.926926025970411,1,Lost,1.33,Lost
14600,306,1,393.33,5.726847747587197,0.6931471805599453,5.977188122189173,1,Lost,1.33,Lost
13070,193,1,228.8,5.267858159063328,0.6931471805599453,5.437209365414655,1,Lost,1.33,Lost
17492,249,1,374.57,5.521460917862246,0.6931471805599453,5.92844487193968,1,Lost,1.33,Lost
13561,216,1,141.86,5.37989735354046,0.6931471805599453,4.961865129726826,1,Lost,1.33,Lost
17226,309,1,393.49,5.736572297479192,0.6931471805599453,5.977593791422191,1,Lost,1.33,Lost
16065,366,1,367.14,5.905361848054571,0.6931471805599453,5.908463300604576,1,Lost,1.33,Lost
15705,202,1,143.1,5.313205979041787,0.6931471805599453,4.970507503005476,1,Lost,1.33,Lost
14619,246,1,394.44,5.5093883366279774,0.6931471805599453,5.979999068998704,1,Lost,1.33,Lost
17578,219,1,143.46,5.393627546352362,0.6931471805599453,4.973002652622701,1,Lost,1.33,Lost
12974,198,1,144.8,5.293304824724492,0.6931471805599453,4.982235819574558,1,Lost,1.33,Lost
16858,369,1,375.69,5.91350300563827,0.6931471805599453,5.931422568022302,1,Lost,1.33,Lost
17486,262,1,396.87,5.572154032177765,0.6931471805599453,5.986125318762377,1,Lost,1.33,Lost
17908,374,1,232.03,5.926926025970411,0.6931471805599453,5.451167200642247,1,Lost,1.33,Lost
16117,190,1,232.21,5.25227342804663,0.6931471805599453,5.451939335203601,1,Lost,1.33,Lost
18213,237,1,232.48,5.472270673671475,0.6931471805599453,5.45309642033559,1,Lost,1.33,Lost
17234,183,1,149.89,5.214935757608986,0.6931471805599453,5.01655109452556,1,Lost,1.33,Lost
15717,235,1,150.3,5.4638318050256105,0.6931471805599453,5.01926462079431,1,Lost,1.33,Lost
16617,236,1,151.85,5.4680601411351315,0.6931471805599453,5.029457048336844,1,Lost,1.33,Lost
16202,361,1,365.27,5.8916442118257715,0.6931471805599453,5.903370766348874,1,Lost,1.33,Lost
15221,367,1,403.25,5.908082938168931,0.6931471805599453,6.002033498457216,1,Lost,1.33,Lost
14375,186,1,235.56,5.231108616854587,0.6931471805599453,5.466201875544222,1,Lost,1.33,Lost
17431,314,1,403.3,5.752572638825633,0.6931471805599453,6.002157176646725,1,Lost,1.33,Lost
14647,202,1,236.04,5.313205979041787,0.6931471805599453,5.4682289032653095,1,Lost,1.33,Lost
17871,205,1,155.9,5.327876168789581,0.6931471805599453,5.055608659738987,1,Lost,1.33,Lost
14348,261,1,409.57,5.568344503761097,0.6931471805599453,6.017546438106483,1,Lost,1.33,Lost
14048,306,1,409.93,5.726847747587197,0.6931471805599453,6.018422883689063,1,Lost,1.33,Lost
14148,234,1,157.2,5.459585514144159,0.6931471805599453,5.063860055333554,1,Lost,1.33,Lost
16756,215,1,239.4,5.375278407684165,0.6931471805599453,5.4823042026610525,1,Lost,1.33,Lost
17556,206,1,157.9,5.332718793265369,0.6931471805599453,5.0682750735426705,1,Lost,1.33,Lost
17138,276,1,380.5,5.6240175061873385,0.6931471805599453,5.9441108507245115,1,Lost,1.33,Lost
17925,373,1,244.08,5.924255797414532,0.6931471805599453,5.501584687857454,1,Lost,1.33,Lost
16738,298,1,3.75,5.700443573390687,0.6931471805599453,1.55814461804655,1,Lost,1.0,Lost
15167,321,1,158.8,5.7745515455444085,0.6931471805599453,5.073923033332174,1,Lost,1.0,Lost
17956,250,1,12.75,5.5254529391317835,0.6931471805599453,2.6210388241125804,1,Lost,1.0,Lost
15823,373,1,15.0,5.924255797414532,0.6931471805599453,2.772588722239781,1,Lost,1.0,Lost
17763,264,1,15.0,5.579729825986222,0.6931471805599453,2.772588722239781,1,Lost,1.0,Lost
18224,264,1,158.95,5.579729825986222,0.6931471805599453,5.074861266395527,1,Lost,1.0,Lost
17102,262,1,25.5,5.572154032177765,0.6931471805599453,3.2771447329921766,1,Lost,1.0,Lost
16765,295,1,34.0,5.69035945432406,0.6931471805599453,3.5553480614894135,1,Lost,1.0,Lost
14576,373,1,35.4,5.924255797414532,0.6931471805599453,3.594568774642695,1,Lost,1.0,Lost
14237,374,1,161.0,5.926926025970411,0.6931471805599453,5.087596335232384,1,Lost,1.0,Lost
15940,312,1,35.8,5.746203190540153,0.6931471805599453,3.6054978451748854,1,Lost,1.0,Lost
15733,283,1,162.3,5.648974238161206,0.6931471805599453,5.095588999976419,1,Lost,1.0,Lost
16517,278,1,162.7,5.631211781821365,0.6931471805599453,5.098035484377089,1,Lost,1.0,Lost
16162,253,1,37.4,5.537334267018537,0.6931471805599453,3.648057459593681,1,Lost,1.0,Lost
12855,373,1,38.1,5.924255797414532,0.6931471805599453,3.66612246699132,1,Lost,1.0,Lost
14589,372,1,39.75,5.921578419643816,0.6931471805599453,3.7074558396868715,1,Lost,1.0,Lost
15178,261,1,40.5,5.568344503761097,0.6931471805599453,3.7256934272366524,1,Lost,1.0,Lost
14821,367,1,48.8,5.908082938168931,0.6931471805599453,3.9080149840306073,1,Lost,1.0,Lost
17535,281,1,164.4,5.641907070938114,0.6931471805599453,5.108366782589591,1,Lost,1.0,Lost
13011,373,1,50.55,5.924255797414532,0.6931471805599453,3.942552210462969,1,Lost,1.0,Lost
15316,327,1,165.0,5.793013608384144,0.6931471805599453,5.111987788356544,1,Lost,1.0,Lost
16349,291,1,53.5,5.676753802268282,0.6931471805599453,3.9982007016691985,1,Lost,1.0,Lost
15899,369,1,56.25,5.91350300563827,0.6931471805599453,4.047427642434349,1,Lost,1.0,Lost
17775,255,1,56.4,5.545177444479562,0.6931471805599453,4.050044303325521,1,Lost,1.0,Lost
14957,254,1,58.49,5.541263545158426,0.6931471805599453,4.085808231199814,1,Lost,1.0,Lost
16282,340,1,168.3,5.831882477283517,0.6931471805599453,5.13167228913909,1,Lost,1.0,Lost
18269,367,1,168.6,5.908082938168931,0.6931471805599453,5.133442723357803,1,Lost,1.0,Lost
14840,268,1,62.85,5.594711379601839,0.6931471805599453,4.156536582478548,1,Lost,1.0,Lost
14437,366,1,63.0,5.905361848054571,0.6931471805599453,4.1588830833596715,1,Lost,1.0,Lost
17542,270,1,170.75,5.602118820879701,0.6931471805599453,5.146039931102459,1,Lost,1.0,Lost
14536,260,1,170.95,5.564520407322694,0.6931471805599453,5.147203736878275,1,Lost,1.0,Lost
13922,352,1,172.25,5.8664680569332965,0.6931471805599453,5.1547356380700124,1,Lost,1.0,Lost
13684,286,1,65.13,5.659482215759621,0.6931471805599453,4.191622501686571,1,Lost,1.0,Lost
14693,265,1,172.9,5.583496308781699,0.6931471805599453,5.158480421360237,1,Lost,1.0,Lost
15670,297,1,173.05,5.697093486505405,0.6931471805599453,5.159342614257448,1,Lost,1.0,Lost
16565,365,1,173.7,5.902633333401366,0.6931471805599453,5.163070217140011,1,Lost,1.0,Lost
14355,366,1,174.4,5.905361848054571,0.6931471805599453,5.1670690799380825,1,Lost,1.0,Lost
18010,257,1,174.8,5.552959584921617,0.6931471805599453,5.169346985251076,1,Lost,1.0,Lost
13185,268,1,71.4,5.594711379601839,0.6931471805599453,4.282206299391671,1,Lost,1.0,Lost
16144,247,1,175.2,5.5134287461649825,0.6931471805599453,5.171619713502079,1,Lost,1.0,Lost
17906,248,1,72.9,5.517452896464707,0.6931471805599453,4.302712827954156,1,Lost,1.0,Lost
18032,335,1,73.5,5.817111159963204,0.6931471805599453,4.310799125385514,1,Lost,1.0,Lost
13072,267,1,177.15,5.5909869805108565,0.6931471805599453,5.182625892051845,1,Lost,1.0,Lost
18050,360,1,74.4,5.8888779583328805,0.6931471805599453,4.32280727501391,1,Lost,1.0,Lost
16403,313,1,177.5,5.749392985908253,0.6931471805599453,5.184588601219693,1,Lost,1.0,Lost
17356,312,1,178.22,5.746203190540153,0.6931471805599453,5.188614101456073,1,Lost,1.0,Lost
17995,282,1,76.1,5.645446897643238,0.6931471805599453,4.345103280569283,1,Lost,1.0,Lost
18113,369,1,76.32,5.91350300563827,0.6931471805599453,4.34795265434013,1,Lost,1.0,Lost
16148,297,1,76.32,5.697093486505405,0.6931471805599453,4.34795265434013,1,Lost,1.0,Lost
15262,324,1,178.95,5.783825182329737,0.6931471805599453,5.19267903452504,1,Lost,1.0,Lost
14090,325,1,76.32,5.786897381366708,0.6931471805599453,4.34795265434013,1,Lost,1.0,Lost
15454,363,1,179.1,5.8971538676367405,0.6931471805599453,5.19351225218191,1,Lost,1.0,Lost
14373,359,1,76.55,5.886104031450156,0.6931471805599453,4.350922889622548,1,Lost,1.0,Lost
13132,262,1,77.3,5.572154032177765,0.6931471805599453,4.360547602996758,1,Lost,1.0,Lost
16078,284,1,79.2,5.652489180268651,0.6931471805599453,4.384523514872469,1,Lost,1.0,Lost
15753,305,1,79.2,5.723585101952381,0.6931471805599453,4.384523514872469,1,Lost,1.0,Lost
18280,278,1,180.6,5.631211781821365,0.6931471805599453,5.201806466167193,1,Lost,1.0,Lost
17752,360,1,80.64,5.8888779583328805,0.6931471805599453,4.402319337941644,1,Lost,1.0,Lost
18119,368,1,180.7,5.910796644040527,0.6931471805599453,5.202356975402125,1,Lost,1.0,Lost
15945,366,1,181.0,5.905361848054571,0.6931471805599453,5.204006687076795,1,Lost,1.0,Lost
13841,253,1,85.0,5.537334267018537,0.6931471805599453,4.454347296253507,1,Lost,1.0,Lost
14082,365,1,182.25,5.902633333401366,0.6931471805599453,5.2108513407667605,1,Lost,1.0,Lost
13059,250,1,183.4,5.5254529391317835,0.6931471805599453,5.2171073111224935,1,Lost,1.0,Lost
14059,267,1,183.6,5.5909869805108565,0.6931471805599453,5.218191322068752,1,Lost,1.0,Lost
15180,368,1,87.5,5.910796644040527,0.6931471805599453,4.483002552013883,1,Lost,1.0,Lost
15083,257,1,88.2,5.552959584921617,0.6931471805599453,4.490881039585964,1,Lost,1.0,Lost
14760,298,1,89.2,5.700443573390687,0.6931471805599453,4.502029427068578,1,Lost,1.0,Lost
14326,243,1,183.85,5.497168225293202,0.6931471805599453,5.219544685382641,1,Lost,1.0,Lost
16097,241,1,185.05,5.488937726156687,0.6931471805599453,5.226015454792631,1,Lost,1.0,Lost
17574,243,1,185.65,5.497168225293202,0.6931471805599453,5.229235205360593,1,Lost,1.0,Lost
13551,320,1,91.8,5.771441123130016,0.6931471805599453,4.530446639792155,1,Lost,1.0,Lost
15397,290,1,94.0,5.673323267171493,0.6931471805599453,4.553876891600541,1,Lost,1.0,Lost
16339,285,1,94.05,5.655991810819852,0.6931471805599453,4.554403068934438,1,Lost,1.0,Lost
16387,323,1,94.36,5.780743515792329,0.6931471805599453,4.55765920331704,1,Lost,1.0,Lost
17325,281,1,96.8,5.641907070938114,0.6931471805599453,4.582924577040772,1,Lost,1.0,Lost
13033,358,1,190.55,5.883322388488279,0.6931471805599453,5.255148871146658,1,Lost,1.0,Lost
15723,365,1,190.7,5.902633333401366,0.6931471805599453,5.255931650051599,1,Lost,1.0,Lost
13703,319,1,99.5,5.768320995793772,0.6931471805599453,4.61015772749913,1,Lost,1.0,Lost
14371,296,1,100.5,5.6937321388027,0.6931471805599453,4.620058798481842,1,Lost,1.0,Lost
18086,275,1,101.34,5.62040086571715,0.6931471805599453,4.628300603376946,1,Lost,1.0,Lost
14476,258,1,193.0,5.556828061699537,0.6931471805599453,5.267858159063328,1,Lost,1.0,Lost
17643,374,1,101.55,5.926926025970411,0.6931471805599453,4.63035048451839,1,Lost,1.0,Lost
18068,290,1,101.7,5.673323267171493,0.6931471805599453,4.631812116934513,1,Lost,1.0,Lost
15212,242,1,101.8,5.493061443340548,0.6931471805599453,4.632785353021065,1,Lost,1.0,Lost
17343,356,1,193.64,5.877735781779639,0.6931471805599453,5.2711516984752675,1,Lost,1.0,Lost
13948,361,1,102.0,5.8916442118257715,0.6931471805599453,4.634728988229636,1,Lost,1.0,Lost
14981,247,1,102.12,5.5134287461649825,0.6931471805599453,4.635893358630932,1,Lost,1.0,Lost
18011,374,1,102.79,5.926926025970411,0.6931471805599453,4.642369626977198,1,Lost,1.0,Lost
15234,277,1,197.0,5.627621113690637,0.6931471805599453,5.288267030694535,1,Lost,1.0,Lost
15607,337,1,104.76,5.823045895483019,0.6931471805599453,4.6611723761033765,1,Lost,1.0,Lost
14185,332,1,197.65,5.808142489980444,0.6931471805599453,5.291544482260608,1,Lost,1.0,Lost
15775,246,1,104.9,5.5093883366279774,0.6931471805599453,4.662495252607361,1,Lost,1.0,Lost
14782,320,1,200.1,5.771441123130016,0.6931471805599453,5.303802296778606,1,Lost,1.0,Lost
15437,263,1,200.16,5.575949103146316,0.6931471805599453,5.304100611303764,1,Lost,1.0,Lost
15070,373,1,106.2,5.924255797414532,0.6931471805599453,4.674696248636701,1,Lost,1.0,Lost
16757,319,1,106.83,5.768320995793772,0.6931471805599453,4.680555912893981,1,Lost,1.0,Lost
13262,264,1,200.29,5.579729825986222,0.6931471805599453,5.3047466543129405,1,Lost,1.0,Lost
15395,326,1,107.45,5.7899601708972535,0.6931471805599453,4.6862892372728835,1,Lost,1.0,Lost
12956,307,1,108.07,5.730099782973574,0.6931471805599453,4.691989877940651,1,Lost,1.0,Lost
13859,327,1,201.16,5.793013608384144,0.6931471805599453,5.309059463079938,1,Lost,1.0,Lost
13284,331,1,201.19,5.805134968916488,0.6931471805599453,5.309207849379209,1,Lost,1.0,Lost
13295,360,1,201.2,5.8888779583328805,0.6931471805599453,5.309257306586371,1,Lost,1.0,Lost
13226,274,1,108.21,5.616771097666572,0.6931471805599453,4.693272634209637,1,Lost,1.0,Lost
15347,367,1,201.6,5.908082938168931,0.6931471805599453,5.311233591814583,1,Lost,1.0,Lost
17639,277,1,108.5,5.627621113690637,0.6931471805599453,4.695924549256556,1,Lost,1.0,Lost
17746,241,1,110.25,5.488937726156687,0.6931471805599453,4.711779921046349,1,Lost,1.0,Lost
15319,284,1,204.5,5.652489180268651,0.6931471805599453,5.32544603393629,1,Lost,1.0,Lost
13144,333,1,110.95,5.811140992976701,0.6931471805599453,4.718052343044764,1,Lost,1.0,Lost
13508,244,1,110.97,5.501258210544727,0.6931471805599453,4.718230978272105,1,Lost,1.0,Lost
17843,304,1,205.48,5.720311776607412,0.6931471805599453,5.330203555410359,1,Lost,1.0,Lost
13065,374,1,205.86,5.926926025970411,0.6931471805599453,5.3320422359496575,1,Lost,1.0,Lost
14964,248,1,206.21,5.517452896464707,0.6931471805599453,5.333732771768991,1,Lost,1.0,Lost
17967,372,1,112.27,5.921578419643816,0.6931471805599453,4.729774349212622,1,Lost,1.0,Lost
15820,320,1,206.98,5.771441123130016,0.6931471805599453,5.337441921232086,1,Lost,1.0,Lost
18129,244,1,112.55,5.501258210544727,0.6931471805599453,4.732243268551567,1,Lost,1.0,Lost
16752,373,1,207.5,5.924255797414532,0.6931471805599453,5.339939041238856,1,Lost,1.0,Lost
17923,283,1,207.5,5.648974238161206,0.6931471805599453,5.339939041238856,1,Lost,1.0,Lost
13807,368,1,112.6,5.910796644040527,0.6931471805599453,4.732683506287051,1,Lost,1.0,Lost
13161,314,1,112.75,5.752572638825633,0.6931471805599453,4.7340030578310595,1,Lost,1.0,Lost
15052,320,1,207.73,5.771441123130016,0.6931471805599453,5.341041550757815,1,Lost,1.0,Lost
16697,242,1,112.75,5.493061443340548,0.6931471805599453,4.7340030578310595,1,Lost,1.0,Lost
18191,262,1,207.8,5.572154032177765,0.6931471805599453,5.341376856008484,1,Lost,1.0,Lost
16913,291,1,113.44,5.676753802268282,0.6931471805599453,4.74005066818191,1,Lost,1.0,Lost
15445,265,1,113.5,5.583496308781699,0.6931471805599453,4.740574822994295,1,Lost,1.0,Lost
17855,373,1,208.97,5.924255797414532,0.6931471805599453,5.346964663369558,1,Lost,1.0,Lost
14457,311,1,113.64,5.7430031878094825,0.6931471805599453,4.741796783519916,1,Lost,1.0,Lost
14632,263,1,114.56,5.575949103146316,0.6931471805599453,4.749789875598035,1,Lost,1.0,Lost
15350,374,1,115.65,5.926926025970411,0.6931471805599453,4.759177998467439,1,Lost,1.0,Lost
15703,265,1,211.5,5.583496308781699,0.6931471805599453,5.358941988364472,1,Lost,1.0,Lost
17117,289,1,116.2,5.66988092298052,0.6931471805599453,4.763881877142913,1,Lost,1.0,Lost
17654,278,1,117.55,5.631211781821365,0.6931471805599453,4.775334812511415,1,Lost,1.0,Lost
12929,312,1,117.85,5.746203190540153,0.6931471805599453,4.777862193806203,1,Lost,1.0,Lost
13581,310,1,118.0,5.739792912179234,0.6931471805599453,4.77912349311153,1,Lost,1.0,Lost
14155,267,1,118.75,5.5909869805108565,0.6931471805599453,4.785406236291025,1,Lost,1.0,Lost
15843,304,1,118.95,5.720311776607412,0.6931471805599453,4.787074989285704,1,Lost,1.0,Lost
15460,355,1,214.26,5.87493073085203,0.6931471805599453,5.371846599836152,1,Lost,1.0,Lost
15266,339,1,119.3,5.8289456176102075,0.6931471805599453,4.789988622980633,1,Lost,1.0,Lost
17619,313,1,214.37,5.749392985908253,0.6931471805599453,5.372357479256501,1,Lost,1.0,Lost
12831,263,1,215.05,5.575949103146316,0.6931471805599453,5.3755098623779425,1,Lost,1.0,Lost
14165,276,1,120.44,5.6240175061873385,0.6931471805599453,4.79942031364732,1,Lost,1.0,Lost
13002,319,1,120.95,5.768320995793772,0.6931471805599453,4.80361112466193,1,Lost,1.0,Lost
18212,327,1,216.07,5.793013608384144,0.6931471805599453,5.380219882167671,1,Lost,1.0,Lost
14413,363,1,121.05,5.8971538676367405,0.6931471805599453,4.804430796838969,1,Lost,1.0,Lost
15049,274,1,121.17,5.616771097666572,0.6931471805599453,4.8054135174159684,1,Lost,1.0,Lost
16073,298,1,122.4,5.700443573390687,0.6931471805599453,4.8154311114712876,1,Lost,1.0,Lost
15917,248,1,123.1,5.517452896464707,0.6931471805599453,4.821087692210561,1,Lost,1.0,Lost
16658,369,1,123.24,5.91350300563827,0.6931471805599453,4.822215178840431,1,Lost,1.0,Lost
15554,278,1,217.2,5.631211781821365,0.6931471805599453,5.38541207339897,1,Lost,1.0,Lost
16392,270,1,217.89,5.602118820879701,0.6931471805599453,5.388569320525063,1,Lost,1.0,Lost
14890,254,1,125.65,5.541263545158426,0.6931471805599453,4.841427376447684,1,Lost,1.0,Lost
14962,271,1,126.7,5.605802066295998,0.6931471805599453,4.8496837630384935,1,Lost,1.0,Lost
15923,373,1,127.08,5.924255797414532,0.6931471805599453,4.852655068688459,1,Lost,1.0,Lost
13781,251,1,127.84,5.529429087511423,0.6931471805599453,4.858571324462998,1,Lost,1.0,Lost
15543,289,1,127.86,5.66988092298052,0.6931471805599453,4.858726543710496,1,Lost,1.0,Lost
16623,246,1,129.45,5.5093883366279774,0.6931471805599453,4.870990011582737,1,Lost,1.0,Lost
16679,367,1,129.75,5.908082938168931,0.6931471805599453,4.873287102945032,1,Lost,1.0,Lost
13600,313,1,219.52,5.749392985908253,0.6931471805599453,5.395988393721483,1,Lost,1.0,Lost
14438,307,1,131.9,5.730099782973574,0.6931471805599453,4.8895969657192,1,Lost,1.0,Lost
18114,291,1,220.1,5.676753802268282,0.6931471805599453,5.3986150878634005,1,Lost,1.0,Lost
15709,284,1,133.25,5.652489180268651,0.6931471805599453,4.899703733388974,1,Lost,1.0,Lost
17881,305,1,133.35,5.723585101952381,0.6931471805599453,4.9004483350615,1,Lost,1.0,Lost
13382,281,1,222.99,5.641907070938114,0.6931471805599453,5.411601408001375,1,Lost,1.0,Lost
15562,352,1,134.55,5.8664680569332965,0.6931471805599453,4.909340575944674,1,Lost,1.0,Lost
16471,275,1,223.95,5.62040086571715,0.6931471805599453,5.4158781552871815,1,Lost,1.0,Lost
17171,290,1,224.91,5.673323267171493,0.6931471805599453,5.420136689869131,1,Lost,1.0,Lost
17972,242,1,135.19,5.493061443340548,0.6931471805599453,4.914050969580866,1,Lost,1.0,Lost
16665,363,1,135.4,5.8971538676367405,0.6931471805599453,4.915591745409362,1,Lost,1.0,Lost
15174,323,1,135.75,5.780743515792329,0.6931471805599453,4.91815444130209,1,Lost,1.0,Lost
14889,337,1,135.9,5.823045895483019,0.6931471805599453,4.919250732294404,1,Lost,1.0,Lost
17789,282,1,225.9,5.645446897643238,0.6931471805599453,5.424509391785796,1,Lost,1.0,Lost
14247,279,1,136.77,5.634789603169249,0.6931471805599453,4.925585628056508,1,Lost,1.0,Lost
15691,253,1,136.8,5.537334267018537,0.6931471805599453,4.925803358579558,1,Lost,1.0,Lost
14483,282,1,137.1,5.645446897643238,0.6931471805599453,4.9279780604152466,1,Lost,1.0,Lost
13716,270,1,138.28,5.602118820879701,0.6931471805599453,4.936486295459933,1,Lost,1.0,Lost
16619,264,1,226.21,5.579729825986222,0.6931471805599453,5.425874699962912,1,Lost,1.0,Lost
12902,265,1,138.68,5.583496308781699,0.6931471805599453,4.939354092091292,1,Lost,1.0,Lost
16315,331,1,226.37,5.805134968916488,0.6931471805599453,5.426578646492048,1,Lost,1.0,Lost
17860,369,1,226.45,5.91350300563827,0.6931471805599453,5.426930434016013,1,Lost,1.0,Lost
13474,237,1,226.84,5.472270673671475,0.6931471805599453,5.428643628223611,1,Lost,1.0,Lost
17212,254,1,226.85,5.541263545158426,0.6931471805599453,5.428687517709892,1,Lost,1.0,Lost
15503,363,1,141.04,5.8971538676367405,0.6931471805599453,4.956108708074887,1,Lost,1.0,Lost
13712,247,1,228.84,5.5134287461649825,0.6931471805599453,5.437383414671034,1,Lost,1.0,Lost
14041,267,1,141.41,5.5909869805108565,0.6931471805599453,4.958710221231336,1,Lost,1.0,Lost
15528,255,1,229.33,5.545177444479562,0.6931471805599453,5.4395130632148145,1,Lost,1.0,Lost
13008,324,1,229.47,5.783825182329737,0.6931471805599453,5.4401207021224,1,Lost,1.0,Lost
17859,305,1,141.92,5.723585101952381,0.6931471805599453,4.962285033155209,1,Lost,1.0,Lost
14386,297,1,142.4,5.697093486505405,0.6931471805599453,4.96563792816552,1,Lost,1.0,Lost
16926,372,1,230.25,5.921578419643816,0.6931471805599453,5.443499376392535,1,Lost,1.0,Lost
13584,307,1,142.4,5.730099782973574,0.6931471805599453,4.96563792816552,1,Lost,1.0,Lost
13299,269,1,142.5,5.598421958998375,0.6931471805599453,4.966335035199676,1,Lost,1.0,Lost
13786,368,1,230.4,5.910796644040527,0.6931471805599453,5.444147814759576,1,Lost,1.0,Lost
17524,362,1,145.0,5.8944028342648505,0.6931471805599453,4.983606621708336,1,Lost,1.0,Lost
16598,286,1,145.05,5.659482215759621,0.6931471805599453,4.9839490288337505,1,Lost,1.0,Lost
16893,367,1,145.93,5.908082938168931,0.6931471805599453,4.989956282887855,1,Lost,1.0,Lost
14238,327,1,146.85,5.793013608384144,0.6931471805599453,4.996198246298486,1,Lost,1.0,Lost
16583,374,1,233.45,5.926926025970411,0.6931471805599453,5.457242345535596,1,Lost,1.0,Lost
13462,253,1,151.5,5.537334267018537,0.6931471805599453,5.0271645960474665,1,Lost,1.0,Lost
14066,267,1,152.55,5.5909869805108565,0.6931471805599453,5.034026246886832,1,Lost,1.0,Lost
17060,267,1,234.24,5.5909869805108565,0.6931471805599453,5.460606269591755,1,Lost,1.0,Lost
18138,296,1,152.65,5.6937321388027,0.6931471805599453,5.034677288576494,1,Lost,1.0,Lost
17714,321,1,153.0,5.7745515455444085,0.6931471805599453,5.0369526024136295,1,Lost,1.0,Lost
13187,338,1,236.02,5.82600010738045,0.6931471805599453,5.4681445257603025,1,Lost,1.0,Lost
16351,333,1,153.9,5.811140992976701,0.6931471805599453,5.042779747422823,1,Lost,1.0,Lost
17517,309,1,153.94,5.736572297479192,0.6931471805599453,5.043037945203756,1,Lost,1.0,Lost
15226,311,1,154.41,5.7430031878094825,0.6931471805599453,5.04606678592752,1,Lost,1.0,Lost
17698,261,1,154.95,5.568344503761097,0.6931471805599453,5.049535443053812,1,Lost,1.0,Lost
14046,285,1,154.99,5.655991810819852,0.6931471805599453,5.049791902630777,1,Lost,1.0,Lost
14368,320,1,155.0,5.771441123130016,0.6931471805599453,5.049856007249537,1,Lost,1.0,Lost
15447,331,1,155.17,5.805134968916488,0.6931471805599453,5.050945157499754,1,Lost,1.0,Lost
15457,263,1,237.07,5.575949103146316,0.6931471805599453,5.472564748074418,1,Lost,1.0,Lost
13898,326,1,155.93,5.7899601708972535,0.6931471805599453,5.055799846050629,1,Lost,1.0,Lost
17118,318,1,157.02,5.765191102784844,0.6931471805599453,5.062721607294587,1,Lost,1.0,Lost
14586,277,1,237.36,5.627621113690637,0.6931471805599453,5.473782135878778,1,Lost,1.0,Lost
17128,335,1,157.09,5.817111159963204,0.6931471805599453,5.063164491108096,1,Lost,1.0,Lost
13570,244,1,239.49,5.501258210544727,0.6931471805599453,5.482678508639762,1,Lost,1.0,Lost
18004,363,1,157.92,5.8971538676367405,0.6931471805599453,5.068400930946398,1,Lost,1.0,Lost
15160,358,1,158.16,5.883322388488279,0.6931471805599453,5.069909985558728,1,Lost,1.0,Lost
17165,285,1,158.68,5.655991810819852,0.6931471805599453,5.073171812563154,1,Lost,1.0,Lost
